date,league,home_team,away_team,home_goals,away_goals,home_xG,away_xG
2023-08-11T19:00:00Z,Premier League,Burnley FC,Manchester City FC,0,3,0.6490142459033698,3.4488842703835414
2023-08-12T12:00:00Z,Premier League,Arsenal FC,Nottingham Forest FC,2,1,2.4585207096486448,1.2561529228990305
2023-08-12T14:00:00Z,Premier League,AFC Bournemouth,West Ham United FC,1,1,1.6943065614302077,1.7484176444679926
2023-08-12T14:00:00Z,Premier League,Brighton & Hove Albion FC,Luton Town FC,4,1,4.956908956922407,1.8213241501208415
2023-08-12T14:00:00Z,Premier League,Everton FC,Fulham FC,0,1,0.4297539875829992,0.8776540946951066
2023-08-12T14:00:00Z,Premier League,Sheffield United FC,Crystal Palace FC,0,1,0.4297589129152458,1.4933895407987188
2023-08-12T16:30:00Z,Premier League,Newcastle United FC,Aston Villa FC,5,1,5.973763844652217,1.8365584514382756
2023-08-13T13:00:00Z,Premier League,Brentford FC,Tottenham Hotspur FC,2,2,2.7302304187458724,2.4439963113059666
2023-08-13T15:30:00Z,Premier League,Chelsea FC,Liverpool FC,1,1,1.3591576842195143,1.7187190935007093
2023-08-14T19:00:00Z,Premier League,Manchester United FC,Wolverhampton Wanderers FC,1,0,1.6627680130757894,0.6053496402881252
2023-08-18T18:45:00Z,Premier League,Nottingham Forest FC,Sheffield United FC,2,1,2.3609746921562613,1.602498069585788
2023-08-19T14:00:00Z,Premier League,Fulham FC,Brentford FC,0,3,0.36028107392892295,3.4186055065795107
2023-08-19T14:00:00Z,Premier League,Liverpool FC,AFC Bournemouth,3,1,3.57258868146981,1.1350257587592871
2023-08-19T14:00:00Z,Premier League,Wolverhampton Wanderers FC,Brighton & Hove Albion FC,1,4,0.9260159266026606,4.163540955772492
2023-08-19T16:30:00Z,Premier League,Tottenham Hotspur FC,Manchester United FC,2,0,1.98252465024609,0.7128057543365951
2023-08-19T19:00:00Z,Premier League,Manchester City FC,Newcastle United FC,1,0,1.3313137412277083,0.5058374766556649
2023-08-20T13:00:00Z,Premier League,Aston Villa FC,Everton FC,4,0,4.196150663899673,0.4584463266178326
2023-08-20T15:30:00Z,Premier League,West Ham United FC,Chelsea FC,3,1,3.594274199778582,1.3728329873032943
2023-08-21T19:00:00Z,Premier League,Crystal Palace FC,Arsenal FC,0,1,0.22759277734363675,1.4084433463557744
2023-08-25T19:00:00Z,Premier League,Chelsea FC,Luton Town FC,3,0,3.0763088895994124,0.8140735383464418
2023-08-26T11:30:00Z,Premier League,AFC Bournemouth,Tottenham Hotspur FC,0,2,0.9396946306764662,2.399426775439592
2023-08-26T14:00:00Z,Premier League,Everton FC,Wolverhampton Wanderers FC,0,1,0.4322671098540393,1.0976805860095293
2023-08-26T14:00:00Z,Premier League,Manchester United FC,Nottingham Forest FC,3,2,3.520258461406377,2.723095532662052
2023-08-26T14:00:00Z,Premier League,Arsenal FC,Fulham FC,2,2,2.072575544135963,2.4385370008405847
2023-08-26T14:00:00Z,Premier League,Brentford FC,Crystal Palace FC,1,1,1.3366851826424453,1.509418759659833
2023-08-26T16:30:00Z,Premier League,Brighton & Hove Albion FC,West Ham United FC,1,3,1.5332767769129598,3.982273491919853
2023-08-27T13:00:00Z,Premier League,Sheffield United FC,Manchester City FC,1,2,1.1547019267733092,2.493831832794848
2023-08-27T13:00:00Z,Premier League,Burnley FC,Aston Villa FC,1,3,1.6127094055037015,3.5867551019356174
2023-08-27T15:30:00Z,Premier League,Newcastle United FC,Liverpool FC,1,2,1.3198083930243585,2.1463229526105025
2023-09-01T19:00:00Z,Premier League,Luton Town FC,West Ham United FC,1,2,1.412491875062017,2.434099164294712
2023-09-02T11:30:00Z,Premier League,Sheffield United FC,Everton FC,2,2,2.319488016331181,2.6828578135625802
2023-09-02T14:00:00Z,Premier League,Brentford FC,AFC Bournemouth,2,2,3.055683455352681,2.0333878798476275
2023-09-02T14:00:00Z,Premier League,Burnley FC,Tottenham Hotspur FC,2,5,2.49595083257862,5.560253527934713
2023-09-02T14:00:00Z,Premier League,Chelsea FC,Nottingham Forest FC,0,1,0.18268672131322988,1.5302373217934417
2023-09-02T14:00:00Z,Premier League,Manchester City FC,Fulham FC,5,1,5.746763473630956,1.5123862366762317
2023-09-02T16:30:00Z,Premier League,Brighton & Hove Albion FC,Newcastle United FC,3,1,3.1337469050086932,1.8111476695974729
2023-09-03T13:00:00Z,Premier League,Crystal Palace FC,Wolverhampton Wanderers FC,3,2,3.5626590785014267,2.6003315544545567
2023-09-03T13:00:00Z,Premier League,Liverpool FC,Aston Villa FC,3,0,2.912098962836067,0.9434215695069332
2023-09-03T15:30:00Z,Premier League,Arsenal FC,Manchester United FC,3,1,3.101544185330471,1.2019231453217891
2023-09-16T11:30:00Z,Premier League,Wolverhampton Wanderers FC,Liverpool FC,1,3,1.559058370760737,3.5407773701655043
2023-09-16T14:00:00Z,Premier League,Aston Villa FC,Crystal Palace FC,3,1,3.721539973998623,1.5253400359169842
2023-09-16T14:00:00Z,Premier League,Fulham FC,Luton Town FC,1,0,1.5514104843569911,0.179223651873476
2023-09-16T14:00:00Z,Premier League,Manchester United FC,Brighton & Hove Albion FC,1,3,1.4653055152835277,3.786888500627404
2023-09-16T14:00:00Z,Premier League,Tottenham Hotspur FC,Sheffield United FC,2,1,2.4096688913232134,2.1974019917558456
2023-09-16T14:00:00Z,Premier League,West Ham United FC,Manchester City FC,1,3,1.0564434028897718,3.494898177654851
2023-09-16T16:30:00Z,Premier League,Newcastle United FC,Brentford FC,1,0,1.2840467374815874,0.65150632648213
2023-09-17T13:00:00Z,Premier League,AFC Bournemouth,Chelsea FC,0,0,0.3618083687120638,0.5253555427445982
2023-09-17T15:30:00Z,Premier League,Everton FC,Arsenal FC,0,1,0.8171366678656746,1.2859245990278474
2023-09-18T18:45:00Z,Premier League,Nottingham Forest FC,Burnley FC,1,1,1.6030854868705384,0.9537719166593952
2023-09-23T14:00:00Z,Premier League,Crystal Palace FC,Fulham FC,0,0,0.0,0.28826795507139047
2023-09-23T14:00:00Z,Premier League,Luton Town FC,Wolverhampton Wanderers FC,1,1,1.5972251908184385,1.0824124857144806
2023-09-23T14:00:00Z,Premier League,Manchester City FC,Nottingham Forest FC,2,0,2.384475315875105,1.0112306234177353
2023-09-23T16:30:00Z,Premier League,Brentford FC,Everton FC,1,3,1.2969233999082124,3.465467091823028
2023-09-23T19:00:00Z,Premier League,Burnley FC,Manchester United FC,0,1,0.6835028866522603,1.3962242012858488
2023-09-24T13:00:00Z,Premier League,Arsenal FC,Tottenham Hotspur FC,2,2,2.809299856748785,2.7667461474363417
2023-09-24T13:00:00Z,Premier League,Brighton & Hove Albion FC,AFC Bournemouth,3,1,3.77938403573486,1.1634746691432336
2023-09-24T13:00:00Z,Premier League,Chelsea FC,Aston Villa FC,0,1,0.24823474303320847,1.2699407885986342
2023-09-24T13:00:00Z,Premier League,Liverpool FC,West Ham United FC,3,1,3.407236287244636,1.5204216807745863
2023-09-24T15:30:00Z,Premier League,Sheffield United FC,Newcastle United FC,0,8,0.5993790294210692,8.808630697427045
2023-09-30T11:30:00Z,Premier League,Aston Villa FC,Brighton & Hove Albion FC,6,1,6.792663538136708,1.6505055135506366
2023-09-30T14:00:00Z,Premier League,AFC Bournemouth,Arsenal FC,0,4,0.356247728646413,4.574497542754765
2023-09-30T14:00:00Z,Premier League,Everton FC,Luton Town FC,1,2,1.444302307000855,2.5234353205708047
2023-09-30T14:00:00Z,Premier League,Manchester United FC,Crystal Palace FC,0,1,0.16809950779819155,1.6200707566580326
2023-09-30T14:00:00Z,Premier League,Newcastle United FC,Burnley FC,2,0,2.141138012775799,0.5604958715387763
2023-09-30T14:00:00Z,Premier League,West Ham United FC,Sheffield United FC,2,0,2.7437577467182592,0.19100831756691927
2023-09-30T14:00:00Z,Premier League,Wolverhampton Wanderers FC,Manchester City FC,2,1,2.9068720085712467,1.5138237664899454
2023-09-30T16:30:00Z,Premier League,Tottenham Hotspur FC,Liverpool FC,2,1,2.4783969635259,1.1778934023246743
2023-10-01T13:00:00Z,Premier League,Nottingham Forest FC,Brentford FC,1,1,1.8010598693676072,1.524324762870247
2023-10-02T19:00:00Z,Premier League,Fulham FC,Chelsea FC,0,2,0.6084908075142903,2.3558056175535276
2023-10-03T18:30:00Z,Premier League,Luton Town FC,Burnley FC,1,2,1.3064640736184627,3.2618144868348584
2023-10-07T11:30:00Z,Premier League,Luton Town FC,Tottenham Hotspur FC,0,1,0.6084186816525242,1.4880316848744863
2023-10-07T14:00:00Z,Premier League,Burnley FC,Chelsea FC,1,4,1.9614109699397908,4.078728130121523
2023-10-07T14:00:00Z,Premier League,Everton FC,AFC Bournemouth,3,0,3.4892521882670144,0.45974593679692266
2023-10-07T14:00:00Z,Premier League,Fulham FC,Sheffield United FC,3,1,3.9693930967442017,1.6558076236913664
2023-10-07T14:00:00Z,Premier League,Manchester United FC,Brentford FC,2,1,1.7140764687730767,2.002009183845757
2023-10-07T16:30:00Z,Premier League,Crystal Palace FC,Nottingham Forest FC,0,0,0.7465707513125671,0.3231642800183845
2023-10-08T13:00:00Z,Premier League,Brighton & Hove Albion FC,Liverpool FC,2,2,2.5261141204714512,2.025271607792908
2023-10-08T13:00:00Z,Premier League,West Ham United FC,Newcastle United FC,2,2,2.4102977948602398,2.7450511034292946
2023-10-08T13:00:00Z,Premier League,Wolverhampton Wanderers FC,Aston Villa FC,1,1,1.5275282329606505,1.0858203882301047
2023-10-08T15:30:00Z,Premier League,Arsenal FC,Manchester City FC,1,0,0.9037293256197322,0.3691533675477545
2023-10-21T11:30:00Z,Premier League,Liverpool FC,Everton FC,2,0,2.4340984336487463,0.4227138543467018
2023-10-21T14:00:00Z,Premier League,AFC Bournemouth,Wolverhampton Wanderers FC,1,2,1.6071337714535239,2.4791099640099676
2023-10-21T14:00:00Z,Premier League,Brentford FC,Burnley FC,3,0,3.943368213422455,0.7067493371223007
2023-10-21T14:00:00Z,Premier League,Manchester City FC,Brighton & Hove Albion FC,2,1,2.3445189345179056,1.2949097153140836
2023-10-21T14:00:00Z,Premier League,Newcastle United FC,Crystal Palace FC,4,0,4.257451919132044,0.41788122434997177
2023-10-21T14:00:00Z,Premier League,Nottingham Forest FC,Luton Town FC,2,2,2.349472886924639,2.4957188941151833
2023-10-21T16:30:00Z,Premier League,Chelsea FC,Arsenal FC,2,2,2.7746206353106224,2.5448793872556363
2023-10-21T19:00:00Z,Premier League,Sheffield United FC,Manchester United FC,1,2,1.5986253328979054,2.5293481524123766
2023-10-22T15:30:00Z,Premier League,Aston Villa FC,West Ham United FC,4,1,4.341071938869888,1.6308017325667739
2023-10-23T19:00:00Z,Premier League,Tottenham Hotspur FC,Fulham FC,2,0,2.6539802299340067,0.7531518528925212
2023-10-27T19:00:00Z,Premier League,Crystal Palace FC,Tottenham Hotspur FC,1,2,1.529123264804412,2.61779023469529
2023-10-28T11:30:00Z,Premier League,Chelsea FC,Brentford FC,0,2,0.7905934971598667,2.6360756570527655
2023-10-28T14:00:00Z,Premier League,AFC Bournemouth,Burnley FC,2,1,2.2893840718367944,1.0253330499760567
2023-10-28T14:00:00Z,Premier League,Arsenal FC,Sheffield United FC,5,0,5.40170135602067,0.5150683097497041
2023-10-28T16:30:00Z,Premier League,Wolverhampton Wanderers FC,Newcastle United FC,2,2,2.3823675540603526,2.6438522644004827
2023-10-29T13:00:00Z,Premier League,West Ham United FC,Everton FC,0,1,0.06094551556036443,1.718682358371135
2023-10-29T14:00:00Z,Premier League,Aston Villa FC,Luton Town FC,3,1,3.588836083119373,1.2922947677298617
2023-10-29T14:00:00Z,Premier League,Brighton & Hove Albion FC,Fulham FC,1,1,1.5783165816539668,1.3022882175334065
2023-10-29T14:00:00Z,Premier League,Liverpool FC,Nottingham Forest FC,3,0,3.501534036992738,0.3277697974149205
2023-10-29T15:30:00Z,Premier League,Manchester United FC,Manchester City FC,0,3,0.42962385998745595,3.660924169967403
2023-11-04T12:30:00Z,Premier League,Fulham FC,Manchester United FC,0,1,0.07538877738487576,1.8101643164772625
2023-11-04T15:00:00Z,Premier League,Brentford FC,West Ham United FC,3,2,3.3738064031703923,2.3777619678125195
2023-11-04T15:00:00Z,Premier League,Burnley FC,Crystal Palace FC,0,2,0.3971856450419692,2.7723886940881144
2023-11-04T15:00:00Z,Premier League,Everton FC,Brighton & Hove Albion FC,1,1,1.2593168192335145,1.5370439427493783
2023-11-04T15:00:00Z,Premier League,Manchester City FC,AFC Bournemouth,6,1,6.451614286500197,1.4627142668512692
2023-11-04T15:00:00Z,Premier League,Sheffield United FC,Wolverhampton Wanderers FC,2,1,2.6212152570443616,1.4365847310546094
2023-11-04T17:30:00Z,Premier League,Newcastle United FC,Arsenal FC,1,0,2.065855770363159,0.7239834093806472
2023-11-05T14:00:00Z,Premier League,Nottingham Forest FC,Aston Villa FC,2,0,2.5523733438495517,0.597673345036121
2023-11-05T16:30:00Z,Premier League,Luton Town FC,Liverpool FC,1,1,1.5772651172168293,2.1827476282942913
2023-11-06T20:00:00Z,Premier League,Tottenham Hotspur FC,Chelsea FC,1,4,1.4776662252701498,4.2443326071008025
2023-11-11T12:30:00Z,Premier League,Wolverhampton Wanderers FC,Tottenham Hotspur FC,2,1,1.9243686354102876,1.6554305106089928
2023-11-11T15:00:00Z,Premier League,Arsenal FC,Burnley FC,3,1,3.492045837365235,1.341239697056546
2023-11-11T15:00:00Z,Premier League,Crystal Palace FC,Everton FC,2,3,2.518069062982308,3.2392139039034067
2023-11-11T15:00:00Z,Premier League,Manchester United FC,Luton Town FC,1,0,2.2389726337455857,0.49673985888950833
2023-11-11T17:30:00Z,Premier League,AFC Bournemouth,Newcastle United FC,2,0,2.442291710565663,0.5412057438221108
2023-11-12T14:00:00Z,Premier League,Aston Villa FC,Fulham FC,3,1,3.5904642027000837,2.3754520665180276
2023-11-12T14:00:00Z,Premier League,Brighton & Hove Albion FC,Sheffield United FC,1,1,1.489586469088427,1.4447562552950393
2023-11-12T14:00:00Z,Premier League,Liverpool FC,Brentford FC,3,0,3.1493965887141404,0.16094638115459498
2023-11-12T14:00:00Z,Premier League,West Ham United FC,Nottingham Forest FC,3,2,3.842846844354506,2.5819032152483157
2023-11-12T16:30:00Z,Premier League,Chelsea FC,Manchester City FC,4,4,4.725579909806032,3.8776079887360897
2023-11-25T12:30:00Z,Premier League,Manchester City FC,Liverpool FC,1,1,1.737309584112914,1.4724129652187203
2023-11-25T15:00:00Z,Premier League,Burnley FC,West Ham United FC,1,2,1.2271837635615783,2.5048075846885482
2023-11-25T15:00:00Z,Premier League,Luton Town FC,Crystal Palace FC,2,1,2.9208382932808297,1.7383801148835634
2023-11-25T15:00:00Z,Premier League,Newcastle United FC,Chelsea FC,4,1,4.0794446811623155,1.792086674828354
2023-11-25T15:00:00Z,Premier League,Nottingham Forest FC,Brighton & Hove Albion FC,2,3,2.676057128140081,3.3489291143276847
2023-11-25T15:00:00Z,Premier League,Sheffield United FC,AFC Bournemouth,1,3,2.1571366877429936,3.45481579561102
2023-11-25T17:30:00Z,Premier League,Brentford FC,Arsenal FC,0,1,0.2028391024607935,1.2701637508167987
2023-11-26T14:00:00Z,Premier League,Tottenham Hotspur FC,Aston Villa FC,1,2,1.3301106811191685,2.161581233557692
2023-11-26T16:30:00Z,Premier League,Everton FC,Manchester United FC,0,3,0.5298954095262923,3.5929684338141903
2023-11-27T20:00:00Z,Premier League,Fulham FC,Wolverhampton Wanderers FC,3,2,3.34895730376514,2.11792433542102
2023-12-02T15:00:00Z,Premier League,Arsenal FC,Wolverhampton Wanderers FC,2,1,2.03480097068016,1.375611929828441
2023-12-02T15:00:00Z,Premier League,Brentford FC,Luton Town FC,3,1,3.5205688924418084,1.2014478120302288
2023-12-02T15:00:00Z,Premier League,Burnley FC,Sheffield United FC,5,0,5.181308885882169,0.6649049558870779
2023-12-02T17:30:00Z,Premier League,Nottingham Forest FC,Everton FC,0,1,0.6420777291905545,2.040429029779946
2023-12-02T20:00:00Z,Premier League,Newcastle United FC,Manchester United FC,1,0,1.224172729729859,0.10952360515900067
2023-12-03T14:00:00Z,Premier League,AFC Bournemouth,Aston Villa FC,2,2,2.9649803215052617,1.9440944551307293
2023-12-03T14:00:00Z,Premier League,Chelsea FC,Brighton & Hove Albion FC,3,2,3.2650240122991288,2.4625339343949797
2023-12-03T14:00:00Z,Premier League,Liverpool FC,Fulham FC,4,3,4.403381545138298,3.5047093387873276
2023-12-03T14:00:00Z,Premier League,West Ham United FC,Crystal Palace FC,1,1,1.7440551652109009,1.5655977920271893
2023-12-03T16:30:00Z,Premier League,Manchester City FC,Tottenham Hotspur FC,3,3,3.1307407050698135,3.3661038454296968
2023-12-05T19:30:00Z,Premier League,Wolverhampton Wanderers FC,Burnley FC,1,0,1.5682379803812387,0.43980821035237044
2023-12-05T20:15:00Z,Premier League,Luton Town FC,Arsenal FC,3,4,3.8921428262847284,4.610253123162181
2023-12-06T19:30:00Z,Premier League,Brighton & Hove Albion FC,Brentford FC,2,1,2.0177550296316316,1.8121292677934517
2023-12-06T19:30:00Z,Premier League,Fulham FC,Nottingham Forest FC,5,0,5.555390157559692,0.0
2023-12-06T19:30:00Z,Premier League,Sheffield United FC,Liverpool FC,0,2,0.577964838274527,2.3893181682905613
2023-12-06T19:30:00Z,Premier League,Crystal Palace FC,AFC Bournemouth,0,2,0.7345468615331932,2.564142638182319
2023-12-06T20:15:00Z,Premier League,Aston Villa FC,Manchester City FC,1,0,1.1289147867365754,0.2246071686167792
2023-12-06T20:15:00Z,Premier League,Manchester United FC,Chelsea FC,2,1,2.103863016074717,2.0193508895301897
2023-12-07T19:30:00Z,Premier League,Everton FC,Newcastle United FC,3,0,3.6565824696850693,0.3093770359313789
2023-12-07T20:15:00Z,Premier League,Tottenham Hotspur FC,West Ham United FC,1,2,1.589095401969956,2.487612193897815
2023-12-09T12:30:00Z,Premier League,Crystal Palace FC,Liverpool FC,1,2,1.575147855103763,2.6668066290526875
2023-12-09T15:00:00Z,Premier League,Brighton & Hove Albion FC,Burnley FC,1,1,1.6039344628490926,1.3226145633594317
2023-12-09T15:00:00Z,Premier League,Manchester United FC,AFC Bournemouth,0,3,0.29599258352645275,2.946028085658675
2023-12-09T15:00:00Z,Premier League,Sheffield United FC,Brentford FC,1,0,1.569676109148301,0.37140364192504005
2023-12-09T15:00:00Z,Premier League,Wolverhampton Wanderers FC,Nottingham Forest FC,1,1,1.5879217419896043,1.8088321667781122
2023-12-09T17:30:00Z,Premier League,Aston Villa FC,Arsenal FC,1,0,1.2856945745920898,0.39893146196445844
2023-12-10T14:00:00Z,Premier League,Everton FC,Chelsea FC,2,0,3.059732353343427,0.24606970956230645
2023-12-10T14:00:00Z,Premier League,Fulham FC,West Ham United FC,5,0,5.642149876273536,0.7777016628508164
2023-12-10T14:00:00Z,Premier League,Luton Town FC,Manchester City FC,1,2,1.1426089508392054,2.4007675311930843
2023-12-10T16:30:00Z,Premier League,Tottenham Hotspur FC,Newcastle United FC,4,1,4.696966082590149,1.3469517559049349
2023-12-15T20:00:00Z,Premier League,Nottingham Forest FC,Tottenham Hotspur FC,0,2,0.20759549893180357,2.544836826898993
2023-12-16T15:00:00Z,Premier League,Chelsea FC,Sheffield United FC,2,0,2.7361253811227355,0.7312250628856363
2023-12-16T15:00:00Z,Premier League,Manchester City FC,Crystal Palace FC,2,2,2.8475786737022215,3.2145140595197637
2023-12-16T15:00:00Z,Premier League,Newcastle United FC,Fulham FC,3,0,3.2537953044944867,0.7481708322972269
2023-12-16T17:30:00Z,Premier League,Burnley FC,Everton FC,0,2,0.7890128387732965,2.8479519899165036
2023-12-17T14:00:00Z,Premier League,Arsenal FC,Brighton & Hove Albion FC,2,0,2.6238342780809494,0.3482101403036434
2023-12-17T14:00:00Z,Premier League,Brentford FC,Aston Villa FC,1,2,1.7466180479983469,2.192239568209157
2023-12-17T14:00:00Z,Premier League,West Ham United FC,Wolverhampton Wanderers FC,3,0,4.069037894796184,0.5186994048857368
2023-12-17T16:30:00Z,Premier League,Liverpool FC,Manchester United FC,0,0,0.42638356519913884,0.5321509745778789
2023-12-21T20:00:00Z,Premier League,Crystal Palace FC,Brighton & Hove Albion FC,1,1,1.2738791506927531,1.1764461775906208
2023-12-22T20:00:00Z,Premier League,Aston Villa FC,Sheffield United FC,1,1,1.233145671112343,1.447411641028796
2023-12-23T12:30:00Z,Premier League,West Ham United FC,Manchester United FC,2,0,2.2552569145103685,0.6197952805157393
2023-12-23T15:00:00Z,Premier League,Fulham FC,Burnley FC,0,2,0.4768694871757687,2.608118018505424
2023-12-23T15:00:00Z,Premier League,Luton Town FC,Newcastle United FC,1,0,1.6023455924449932,0.6512863560152817
2023-12-23T15:00:00Z,Premier League,Nottingham Forest FC,AFC Bournemouth,2,3,2.583007239799006,3.587289419041233
2023-12-23T15:00:00Z,Premier League,Tottenham Hotspur FC,Everton FC,2,1,2.748154974710807,1.3478974022189831
2023-12-23T17:30:00Z,Premier League,Liverpool FC,Arsenal FC,1,1,1.503900567563372,1.3458298120053471
2023-12-24T13:00:00Z,Premier League,Wolverhampton Wanderers FC,Chelsea FC,2,1,2.9360602231471953,1.1403145806018373
2023-12-26T12:30:00Z,Premier League,Newcastle United FC,Nottingham Forest FC,1,3,1.4206029500286133,4.035432511755529
2023-12-26T15:00:00Z,Premier League,AFC Bournemouth,Fulham FC,3,0,4.316050749976886,0.5040351093857879
2023-12-26T15:00:00Z,Premier League,Sheffield United FC,Luton Town FC,2,3,2.6877002043295017,3.4325440832615444
2023-12-26T17:30:00Z,Premier League,Burnley FC,Liverpool FC,0,2,0.24285273307511523,2.2213623755642624
2023-12-26T20:00:00Z,Premier League,Manchester United FC,Aston Villa FC,3,2,3.178732250581666,3.3806973706983334
2023-12-27T19:30:00Z,Premier League,Brentford FC,Wolverhampton Wanderers FC,1,4,1.6447417245729556,4.178001590333132
2023-12-27T19:30:00Z,Premier League,Chelsea FC,Crystal Palace FC,2,1,2.432961164402245,1.3713456223181781
2023-12-27T20:15:00Z,Premier League,Everton FC,Manchester City FC,1,3,1.7142001482276275,3.624751050885818
2023-12-28T19:30:00Z,Premier League,Brighton & Hove Albion FC,Tottenham Hotspur FC,4,2,4.641971287372064,2.680063889723283
2023-12-28T20:15:00Z,Premier League,Arsenal FC,West Ham United FC,0,2,0.47815132620293815,2.787379616564705
2023-12-30T12:30:00Z,Premier League,Luton Town FC,Chelsea FC,2,3,2.2459618845794784,4.042282552330779
2023-12-30T15:00:00Z,Premier League,Aston Villa FC,Burnley FC,3,2,3.0455458325942404,2.6518472966382136
2023-12-30T15:00:00Z,Premier League,Crystal Palace FC,Brentford FC,3,1,3.3660455143798935,1.1831907600099998
2023-12-30T15:00:00Z,Premier League,Manchester City FC,Sheffield United FC,2,0,2.756919638297042,0.42291646246346554
2023-12-30T15:00:00Z,Premier League,Wolverhampton Wanderers FC,Everton FC,3,0,3.564228123239061,0.5923497117541655
2023-12-30T17:30:00Z,Premier League,Nottingham Forest FC,Manchester United FC,2,1,2.1262783663864036,2.1204678124517473
2023-12-31T14:00:00Z,Premier League,Fulham FC,Arsenal FC,2,1,2.5519542777553545,1.080658356472711
2023-12-31T14:00:00Z,Premier League,Tottenham Hotspur FC,AFC Bournemouth,3,1,3.615595213918651,1.8607729515675682
2024-01-01T20:00:00Z,Premier League,Liverpool FC,Newcastle United FC,4,2,4.23484276913966,2.553974310863925
2024-01-02T19:30:00Z,Premier League,West Ham United FC,Brighton & Hove Albion FC,0,0,0.5461175317836584,0.7513491605688443
2024-01-12T19:45:00Z,Premier League,Burnley FC,Luton Town FC,1,1,1.5174626155338,1.4694015850092204
2024-01-13T12:30:00Z,Premier League,Chelsea FC,Fulham FC,1,0,1.157108910650813,0.2472702109621021
2024-01-13T17:30:00Z,Premier League,Newcastle United FC,Manchester City FC,2,3,2.607336208104485,3.7252618338203995
2024-01-14T14:00:00Z,Premier League,Everton FC,Aston Villa FC,0,0,0.6682353579104703,0.6963293081316864
2024-01-14T16:30:00Z,Premier League,Manchester United FC,Tottenham Hotspur FC,2,2,2.8249153729525833,2.7916170897219166
2024-01-20T12:30:00Z,Premier League,Arsenal FC,Crystal Palace FC,5,0,5.816140615610471,0.4960086093864094
2024-01-20T17:30:00Z,Premier League,Brentford FC,Nottingham Forest FC,3,2,3.086699189612873,2.320053393004045
2024-01-21T14:00:00Z,Premier League,Sheffield United FC,West Ham United FC,2,2,2.218652488025463,2.0323639014928476
2024-01-21T16:30:00Z,Premier League,AFC Bournemouth,Liverpool FC,0,4,0.6545105801625979,4.745811980441822
2024-01-22T19:45:00Z,Premier League,Brighton & Hove Albion FC,Wolverhampton Wanderers FC,0,0,0.6541357852736627,0.6271668447331958
2024-01-30T19:30:00Z,Premier League,Nottingham Forest FC,Arsenal FC,1,2,1.6545143058918144,2.210265210140812
2024-01-30T19:45:00Z,Premier League,Luton Town FC,Brighton & Hove Albion FC,4,0,5.655819447196416,0.33842789801101275
2024-01-30T19:45:00Z,Premier League,Fulham FC,Everton FC,0,0,0.67126715320795,0.3599723564145678
2024-01-30T20:00:00Z,Premier League,Crystal Palace FC,Sheffield United FC,3,2,3.8406696920541794,2.0551046704052744
2024-01-30T20:15:00Z,Premier League,Aston Villa FC,Newcastle United FC,1,3,1.7862005290479606,3.25469528101846
2024-01-31T19:30:00Z,Premier League,Tottenham Hotspur FC,Brentford FC,3,2,3.6954173753917394,2.1598508929580937
2024-01-31T19:30:00Z,Premier League,Manchester City FC,Burnley FC,3,1,3.405419226607896,1.3762562964336191
2024-01-31T20:15:00Z,Premier League,Liverpool FC,Chelsea FC,4,1,4.727690766147981,1.2783907505011312
2024-02-01T19:30:00Z,Premier League,West Ham United FC,AFC Bournemouth,1,1,1.2681524356387284,1.0118985237399754
2024-02-01T20:15:00Z,Premier League,Wolverhampton Wanderers FC,Manchester United FC,3,4,3.428954417977997,5.106777069170844
2024-02-03T12:30:00Z,Premier League,Everton FC,Tottenham Hotspur FC,2,2,2.354390935651269,2.8757622193087693
2024-02-03T15:00:00Z,Premier League,Brighton & Hove Albion FC,Crystal Palace FC,4,1,4.524562241815897,1.2662941735440043
2024-02-03T15:00:00Z,Premier League,Burnley FC,Fulham FC,2,2,3.1943975700020526,2.581726418996083
2024-02-03T15:00:00Z,Premier League,Newcastle United FC,Luton Town FC,4,4,3.9398204422224756,4.625239526946388
2024-02-03T17:30:00Z,Premier League,Sheffield United FC,Aston Villa FC,0,5,0.7058780571123541,5.857325756432044
2024-02-04T14:00:00Z,Premier League,AFC Bournemouth,Nottingham Forest FC,1,1,1.0161852386431045,1.2544184920019763
2024-02-04T14:00:00Z,Premier League,Chelsea FC,Wolverhampton Wanderers FC,2,4,2.35842044026317,4.8276320351947275
2024-02-04T14:00:00Z,Premier League,Manchester United FC,West Ham United FC,3,0,3.8266851790902097,0.3356284087379195
2024-02-04T16:30:00Z,Premier League,Arsenal FC,Liverpool FC,3,1,3.5192840057286388,1.0992412787494161
2024-02-05T20:00:00Z,Premier League,Brentford FC,Manchester City FC,1,3,1.1766765666212082,3.717240967794349
2024-02-10T12:30:00Z,Premier League,Manchester City FC,Everton FC,2,0,2.2854088872220095,0.8872275272367285
2024-02-10T15:00:00Z,Premier League,Fulham FC,AFC Bournemouth,3,1,3.7038793246804027,2.2763726920592053
2024-02-10T15:00:00Z,Premier League,Liverpool FC,Burnley FC,3,1,3.280890010484859,1.140082420472936
2024-02-10T15:00:00Z,Premier League,Luton Town FC,Sheffield United FC,1,3,1.5649375768745926,3.7096759055242368
2024-02-10T15:00:00Z,Premier League,Tottenham Hotspur FC,Brighton & Hove Albion FC,2,1,2.513671551971144,1.3770596268619402
2024-02-10T15:00:00Z,Premier League,Wolverhampton Wanderers FC,Brentford FC,0,2,0.3045198957182549,2.7350076131572094
2024-02-10T17:30:00Z,Premier League,Nottingham Forest FC,Newcastle United FC,2,3,3.1431832267975977,3.058853134630625
2024-02-11T14:00:00Z,Premier League,West Ham United FC,Arsenal FC,0,6,0.6901757066954034,6.121169067290431
2024-02-11T16:30:00Z,Premier League,Aston Villa FC,Manchester United FC,1,2,0.8924572240027179,2.267237553050055
2024-02-12T20:00:00Z,Premier League,Crystal Palace FC,Chelsea FC,1,3,1.5559362944308281,3.5236892137004254
2024-02-17T12:30:00Z,Premier League,Brentford FC,Liverpool FC,1,4,1.3014640605694836,4.307675620038493
2024-02-17T15:00:00Z,Premier League,Burnley FC,Arsenal FC,0,5,0.7557300004388672,5.697716303174026
2024-02-17T15:00:00Z,Premier League,Fulham FC,Aston Villa FC,1,2,1.2622437784701899,2.808068385477374
2024-02-17T15:00:00Z,Premier League,Newcastle United FC,AFC Bournemouth,2,2,2.46557906755993,2.679873262373607
2024-02-17T15:00:00Z,Premier League,Nottingham Forest FC,West Ham United FC,2,0,2.651496183694137,0.9856362918982604
2024-02-17T15:00:00Z,Premier League,Tottenham Hotspur FC,Wolverhampton Wanderers FC,1,2,1.7597265582510364,2.624747988836603
2024-02-17T17:30:00Z,Premier League,Manchester City FC,Chelsea FC,1,1,1.139911077883267,1.1349309868979498
2024-02-18T14:00:00Z,Premier League,Sheffield United FC,Brighton & Hove Albion FC,0,5,0.3996496292477155,5.909012954061502
2024-02-18T16:30:00Z,Premier League,Luton Town FC,Manchester United FC,1,2,1.3575164066517131,2.318453129318201
2024-02-19T20:00:00Z,Premier League,Everton FC,Crystal Palace FC,1,1,1.3040012302278865,1.773125549905671
2024-02-20T19:30:00Z,Premier League,Manchester City FC,Brentford FC,1,0,2.0296362720843293,0.9721202649665319
2024-02-21T19:30:00Z,Premier League,Liverpool FC,Luton Town FC,4,1,4.621494513288287,1.6370064032191198
2024-02-24T15:00:00Z,Premier League,Aston Villa FC,Nottingham Forest FC,4,2,4.1217348136994865,2.051152356050605
2024-02-24T15:00:00Z,Premier League,Brighton & Hove Albion FC,Everton FC,1,1,1.7753585841164328,1.2245363500470625
2024-02-24T15:00:00Z,Premier League,Crystal Palace FC,Burnley FC,3,0,4.13664685910379,0.8968233400655407
2024-02-24T15:00:00Z,Premier League,Manchester United FC,Fulham FC,1,2,1.809739578165344,2.449263194307155
2024-02-24T17:30:00Z,Premier League,AFC Bournemouth,Manchester City FC,0,1,0.04418901021379601,1.52387206048265
2024-02-24T20:00:00Z,Premier League,Arsenal FC,Newcastle United FC,4,1,4.354729778140125,1.727647324849083
2024-02-25T13:30:00Z,Premier League,Wolverhampton Wanderers FC,Sheffield United FC,1,0,1.8800733447559868,0.708896858624097
2024-02-26T20:00:00Z,Premier League,West Ham United FC,Brentford FC,4,2,4.287699160314366,2.5836399437156383
2024-03-02T15:00:00Z,Premier League,Brentford FC,Chelsea FC,2,2,2.6331458284438685,2.43739948863386
2024-03-02T15:00:00Z,Premier League,Everton FC,West Ham United FC,1,3,1.7323902160288012,3.4061994662802926
2024-03-02T15:00:00Z,Premier League,Fulham FC,Brighton & Hove Albion FC,3,0,3.221920858526575,0.7573696475874029
2024-03-02T15:00:00Z,Premier League,Newcastle United FC,Wolverhampton Wanderers FC,3,0,3.48214239318146,0.6660708593203379
2024-03-02T15:00:00Z,Premier League,Nottingham Forest FC,Liverpool FC,0,1,0.0,1.422809999814663
2024-03-02T15:00:00Z,Premier League,Tottenham Hotspur FC,Crystal Palace FC,3,1,3.192683707599713,1.8246336938979422
2024-03-02T17:30:00Z,Premier League,Luton Town FC,Aston Villa FC,2,3,2.424229554582052,3.461289765461065
2024-03-03T13:00:00Z,Premier League,Burnley FC,AFC Bournemouth,0,2,0.12566504541054518,2.244501347699682
2024-03-03T15:30:00Z,Premier League,Manchester City FC,Manchester United FC,3,1,3.9897233911794903,1.2723087903289967
2024-03-04T20:00:00Z,Premier League,Sheffield United FC,Arsenal FC,0,6,0.07095758661181023,6.20637774910707
2024-03-09T12:30:00Z,Premier League,Manchester United FC,Everton FC,2,0,2.367986653990905,0.4182769950188938
2024-03-09T15:00:00Z,Premier League,AFC Bournemouth,Sheffield United FC,2,2,2.5392221731858275,2.870117283500858
2024-03-09T15:00:00Z,Premier League,Crystal Palace FC,Luton Town FC,1,1,1.9323819867198346,1.2584714456908475
2024-03-09T15:00:00Z,Premier League,Wolverhampton Wanderers FC,Fulham FC,2,1,2.0692413546461683,1.556542728305431
2024-03-09T17:30:00Z,Premier League,Arsenal FC,Brentford FC,2,1,2.848949125646488,1.302993196311776
2024-03-10T13:00:00Z,Premier League,Aston Villa FC,Tottenham Hotspur FC,0,4,0.5030699183058761,4.421907287618569
2024-03-10T14:00:00Z,Premier League,Brighton & Hove Albion FC,Nottingham Forest FC,1,0,1.2055474046856147,0.04698763640442438
2024-03-10T14:00:00Z,Premier League,West Ham United FC,Burnley FC,2,2,2.6386310422789814,2.4338385312530386
2024-03-10T15:45:00Z,Premier League,Liverpool FC,Manchester City FC,1,1,1.559717908672041,1.4418883860585114
2024-03-11T20:00:00Z,Premier League,Chelsea FC,Newcastle United FC,3,2,3.319934936852362,2.6620863832107085
2024-03-13T19:30:00Z,Premier League,AFC Bournemouth,Luton Town FC,4,3,4.520940625497006,3.566984273976611
2024-03-16T15:00:00Z,Premier League,Burnley FC,Brentford FC,2,1,2.384405920941472,1.1404823625143865
2024-03-16T15:00:00Z,Premier League,Luton Town FC,Nottingham Forest FC,1,1,1.5340552035753743,1.825259473213063
2024-03-16T17:30:00Z,Premier League,Fulham FC,Tottenham Hotspur FC,3,0,3.698639202356314,0.5630909120665986
2024-03-17T14:00:00Z,Premier League,West Ham United FC,Aston Villa FC,1,1,1.9758050448436055,1.5595180551532462
2024-03-30T12:30:00Z,Premier League,Newcastle United FC,West Ham United FC,4,3,4.128655350351945,3.4972452939844585
2024-03-30T15:00:00Z,Premier League,AFC Bournemouth,Everton FC,2,1,3.13991001239688,1.3446727658333342
2024-03-30T15:00:00Z,Premier League,Chelsea FC,Burnley FC,2,2,1.9143736601432495,2.565340701924618
2024-03-30T15:00:00Z,Premier League,Nottingham Forest FC,Crystal Palace FC,1,1,1.4544644714893251,1.6426765307785747
2024-03-30T15:00:00Z,Premier League,Sheffield United FC,Fulham FC,3,3,3.6764951619453727,2.9759312925963335
2024-03-30T15:00:00Z,Premier League,Tottenham Hotspur FC,Luton Town FC,2,1,2.58429756032051,1.3383717487961713
2024-03-30T17:30:00Z,Premier League,Aston Villa FC,Wolverhampton Wanderers FC,2,0,2.313190144053822,0.4235159088789232
2024-03-30T20:00:00Z,Premier League,Brentford FC,Manchester United FC,1,1,1.4375633248928175,1.5768511817082835
2024-03-31T13:00:00Z,Premier League,Liverpool FC,Brighton & Hove Albion FC,2,1,2.35209971960235,1.8579933017781378
2024-03-31T15:30:00Z,Premier League,Manchester City FC,Arsenal FC,0,0,0.3231905729167366,0.2684777556209653
2024-04-02T18:30:00Z,Premier League,Nottingham Forest FC,Fulham FC,3,1,3.7548806291063075,1.3506114459546474
2024-04-02T18:30:00Z,Premier League,Newcastle United FC,Everton FC,1,1,1.6071046457895142,1.3462397668060349
2024-04-02T18:45:00Z,Premier League,AFC Bournemouth,Crystal Palace FC,1,0,1.2921271214218037,0.25954172296863753
2024-04-02T18:45:00Z,Premier League,Burnley FC,Wolverhampton Wanderers FC,1,1,1.7698799626299753,1.3958440514663213
2024-04-02T19:15:00Z,Premier League,West Ham United FC,Tottenham Hotspur FC,1,1,1.5921898562629828,1.7312406659963915
2024-04-03T18:30:00Z,Premier League,Arsenal FC,Luton Town FC,2,0,2.743858635651688,0.1838493513906963
2024-04-03T18:30:00Z,Premier League,Brentford FC,Brighton & Hove Albion FC,0,0,0.6888886525770836,0.6283443185458709
2024-04-03T19:15:00Z,Premier League,Manchester City FC,Aston Villa FC,4,1,4.251301496723379,0.9894293309944994
2024-04-04T18:30:00Z,Premier League,Liverpool FC,Sheffield United FC,3,1,3.3319456879409093,1.3315986010673382
2024-04-04T19:15:00Z,Premier League,Chelsea FC,Manchester United FC,4,3,4.724188081536979,3.4011532099346042
2024-04-06T11:30:00Z,Premier League,Crystal Palace FC,Manchester City FC,2,4,2.6831110796300397,5.0024579018742195
2024-04-06T14:00:00Z,Premier League,Aston Villa FC,Brentford FC,3,3,3.4937295218107556,3.4175593085741935
2024-04-06T14:00:00Z,Premier League,Everton FC,Burnley FC,1,0,1.5351982149926346,0.0
2024-04-06T14:00:00Z,Premier League,Fulham FC,Newcastle United FC,0,1,0.8832994687365274,0.900333327941625
2024-04-06T14:00:00Z,Premier League,Luton Town FC,AFC Bournemouth,2,1,2.322528583349251,1.5102088759040044
2024-04-06T14:00:00Z,Premier League,Wolverhampton Wanderers FC,West Ham United FC,1,2,1.6641292143510114,2.684131256736973
2024-04-06T16:30:00Z,Premier League,Brighton & Hove Albion FC,Arsenal FC,0,3,0.4393422042698318,3.612636757288176
2024-04-07T14:30:00Z,Premier League,Manchester United FC,Liverpool FC,2,2,2.434695639031834,2.550271031740297
2024-04-07T16:30:00Z,Premier League,Sheffield United FC,Chelsea FC,2,2,2.8296330555961573,2.8486778792517002
2024-04-07T17:00:00Z,Premier League,Tottenham Hotspur FC,Nottingham Forest FC,3,1,3.747624904696409,1.3381226337788605
2024-04-13T11:30:00Z,Premier League,Newcastle United FC,Tottenham Hotspur FC,4,0,4.744052890800192,0.7684731668080476
2024-04-13T14:00:00Z,Premier League,Brentford FC,Sheffield United FC,2,0,2.891643642146299,0.01039553449207481
2024-04-13T14:00:00Z,Premier League,Burnley FC,Brighton & Hove Albion FC,1,1,1.5063011524898278,1.22851565011858
2024-04-13T14:00:00Z,Premier League,Manchester City FC,Luton Town FC,5,1,5.704585891388489,0.9578875815204552
2024-04-13T14:00:00Z,Premier League,Nottingham Forest FC,Wolverhampton Wanderers FC,2,2,2.4069199730219633,2.4175464097990624
2024-04-13T16:30:00Z,Premier League,AFC Bournemouth,Manchester United FC,2,2,2.5972499057465326,2.486121634820097
2024-04-14T13:00:00Z,Premier League,Liverpool FC,Crystal Palace FC,0,1,0.4609570836896946,1.534230447667956
2024-04-14T13:00:00Z,Premier League,West Ham United FC,Fulham FC,0,2,0.5290987894978154,2.5185650058661406
2024-04-14T15:30:00Z,Premier League,Arsenal FC,Aston Villa FC,0,2,0.6785471076310741,2.2217340007564816
2024-04-15T19:00:00Z,Premier League,Chelsea FC,Everton FC,6,0,6.254533795029959,0.4429277466760353
2024-04-20T14:00:00Z,Premier League,Luton Town FC,Brentford FC,1,5,2.127716182705638,5.050765999418275
2024-04-20T14:00:00Z,Premier League,Sheffield United FC,Burnley FC,1,4,1.1981947855500894,4.908968692539675
2024-04-20T18:30:00Z,Premier League,Wolverhampton Wanderers FC,Arsenal FC,0,2,0.13574341616368035,2.4089121781305995
2024-04-21T12:30:00Z,Premier League,Everton FC,Nottingham Forest FC,2,0,2.8474332620500205,0.3533341642868926
2024-04-21T14:00:00Z,Premier League,Aston Villa FC,AFC Bournemouth,3,1,3.7374988081888807,1.976682098533225
2024-04-21T14:00:00Z,Premier League,Crystal Palace FC,West Ham United FC,5,2,5.6872359451156465,2.127326039935231
2024-04-21T15:30:00Z,Premier League,Fulham FC,Liverpool FC,1,3,1.6885036527792838,3.1623238657904094
2024-04-23T19:00:00Z,Premier League,Arsenal FC,Chelsea FC,5,0,5.496325968145926,0.17113390253943045
2024-04-24T18:45:00Z,Premier League,Wolverhampton Wanderers FC,AFC Bournemouth,0,1,0.23082368855425056,1.4796385854901555
2024-04-24T19:00:00Z,Premier League,Crystal Palace FC,Newcastle United FC,2,0,2.522741367458118,0.6294894888912792
2024-04-24T19:00:00Z,Premier League,Everton FC,Liverpool FC,2,0,2.2968514865463665,0.7219026404353501
2024-04-24T19:00:00Z,Premier League,Manchester United FC,Sheffield United FC,4,2,4.792535920025325,3.2715985952484905
2024-04-25T19:00:00Z,Premier League,Brighton & Hove Albion FC,Manchester City FC,0,4,0.4558827855493584,3.825170263739771
2024-04-27T11:30:00Z,Premier League,West Ham United FC,Liverpool FC,2,2,2.2523508409622464,2.682620676737325
2024-04-27T14:00:00Z,Premier League,Fulham FC,Crystal Palace FC,1,1,1.403584247504102,1.3328608282283305
2024-04-27T14:00:00Z,Premier League,Manchester United FC,Burnley FC,1,1,1.6238794362826874,1.324075455333368
2024-04-27T14:00:00Z,Premier League,Newcastle United FC,Sheffield United FC,5,1,5.330882634158808,1.3140683615238367
2024-04-27T14:00:00Z,Premier League,Wolverhampton Wanderers FC,Luton Town FC,2,1,2.2533338813300707,1.227369098757608
2024-04-27T16:30:00Z,Premier League,Everton FC,Brentford FC,1,0,1.5731061634475738,1.0053574503810356
2024-04-27T19:00:00Z,Premier League,Aston Villa FC,Chelsea FC,2,2,2.573489971332617,2.7526891981041706
2024-04-28T13:00:00Z,Premier League,AFC Bournemouth,Brighton & Hove Albion FC,3,0,3.3479170473886612,0.5069587935672124
2024-04-28T13:00:00Z,Premier League,Tottenham Hotspur FC,Arsenal FC,2,3,2.3586885083145033,3.9053047257461
2024-04-28T15:30:00Z,Premier League,Nottingham Forest FC,Manchester City FC,0,2,0.5696149812072909,2.046241310410337
2024-05-02T18:30:00Z,Premier League,Chelsea FC,Tottenham Hotspur FC,2,0,2.0655746975508027,0.10078846060072216
2024-05-03T19:00:00Z,Premier League,Luton Town FC,Everton FC,1,1,1.0777608676870334,0.8466096803415937
2024-05-04T11:30:00Z,Premier League,Arsenal FC,AFC Bournemouth,3,0,3.284466733624269,0.2901756379630137
2024-05-04T14:00:00Z,Premier League,Brentford FC,Fulham FC,0,0,0.4359658544864458,0.5485095580114259
2024-05-04T14:00:00Z,Premier League,Burnley FC,Newcastle United FC,1,4,1.5932722696794013,4.5308575733797
2024-05-04T14:00:00Z,Premier League,Sheffield United FC,Nottingham Forest FC,1,3,1.9426068650848656,3.544802573317964
2024-05-04T16:30:00Z,Premier League,Manchester City FC,Wolverhampton Wanderers FC,5,1,5.757297886960606,1.0766829506801754
2024-05-05T13:00:00Z,Premier League,Brighton & Hove Albion FC,Aston Villa FC,1,0,1.452018441010972,0.7409464227842066
2024-05-05T13:00:00Z,Premier League,Chelsea FC,West Ham United FC,5,0,5.4942951376291935,0.5718882554716994
2024-05-05T15:30:00Z,Premier League,Liverpool FC,Tottenham Hotspur FC,4,2,4.1992411906086575,2.7199162844397993
2024-05-06T19:00:00Z,Premier League,Crystal Palace FC,Manchester United FC,4,0,4.494446059202283,0.0
2024-05-11T11:30:00Z,Premier League,Fulham FC,Manchester City FC,0,4,0.4134024083239585,4.593447257639337
2024-05-11T14:00:00Z,Premier League,AFC Bournemouth,Brentford FC,1,2,1.5968155681014269,2.143670428024742
2024-05-11T14:00:00Z,Premier League,Everton FC,Sheffield United FC,1,0,1.251830716934303,0.38080302423459145
2024-05-11T14:00:00Z,Premier League,Newcastle United FC,Brighton & Hove Albion FC,1,1,1.6558039542723517,1.6603094695909149
2024-05-11T14:00:00Z,Premier League,Tottenham Hotspur FC,Burnley FC,2,1,2.959821673900773,1.527328081876774
2024-05-11T14:00:00Z,Premier League,West Ham United FC,Luton Town FC,3,1,3.4673719554629425,1.2445380060662043
2024-05-11T14:00:00Z,Premier League,Wolverhampton Wanderers FC,Crystal Palace FC,1,3,1.6205135166296825,3.5018819468553257
2024-05-11T16:30:00Z,Premier League,Nottingham Forest FC,Chelsea FC,2,3,2.7070431975133338,3.040539405426907
2024-05-12T15:30:00Z,Premier League,Manchester United FC,Arsenal FC,0,1,0.3796338584342491,1.8450802187694888
2024-05-13T19:00:00Z,Premier League,Aston Villa FC,Liverpool FC,3,3,3.567227744543125,3.4384147941511247
2024-05-14T19:00:00Z,Premier League,Tottenham Hotspur FC,Manchester City FC,0,2,0.5037777202345385,2.8355649832765977
2024-05-15T18:45:00Z,Premier League,Brighton & Hove Albion FC,Chelsea FC,1,2,1.5293028295646494,2.342040493871187
2024-05-15T19:00:00Z,Premier League,Manchester United FC,Newcastle United FC,3,2,3.26809706484336,2.342927203478025
2024-05-19T15:00:00Z,Premier League,Arsenal FC,Everton FC,2,1,2.507353052277683,1.2707439640086462
2024-05-19T15:00:00Z,Premier League,Brentford FC,Newcastle United FC,2,4,2.649399487373635,4.762852179507923
2024-05-19T15:00:00Z,Premier League,Brighton & Hove Albion FC,Manchester United FC,0,2,0.9353430823385125,2.287170652801457
2024-05-19T15:00:00Z,Premier League,Burnley FC,Nottingham Forest FC,1,2,1.7877812478255621,2.693378629724553
2024-05-19T15:00:00Z,Premier League,Chelsea FC,AFC Bournemouth,2,1,3.145954737253467,1.385264280699213
2024-05-19T15:00:00Z,Premier League,Crystal Palace FC,Aston Villa FC,5,0,5.269795731133585,0.0
2024-05-19T15:00:00Z,Premier League,Liverpool FC,Wolverhampton Wanderers FC,2,0,2.7616961910162034,0.3289057796640602
2024-05-19T15:00:00Z,Premier League,Luton Town FC,Fulham FC,2,4,2.5550026017215055,4.146267535691146
2024-05-19T15:00:00Z,Premier League,Manchester City FC,West Ham United FC,3,1,4.156940879965301,1.5101708171047012
2024-05-19T15:00:00Z,Premier League,Sheffield United FC,Tottenham Hotspur FC,0,3,0.25751051439345457,3.142877679297653
2024-08-16T19:00:00Z,Premier League,Manchester United FC,Fulham FC,1,0,1.2480834473457671,0.777792530214385
2024-08-17T11:30:00Z,Premier League,Ipswich Town FC,Liverpool FC,0,2,0.3201822063667934,2.472677241894092
2024-08-17T14:00:00Z,Premier League,Arsenal FC,Wolverhampton Wanderers FC,2,0,1.8628312827070581,0.4467212015723783
2024-08-17T14:00:00Z,Premier League,Everton FC,Brighton & Hove Albion FC,0,3,0.3422734934957717,3.6967676413362747
2024-08-17T14:00:00Z,Premier League,Newcastle United FC,Southampton FC,1,0,1.2722602015338906,0.7891720802227588
2024-08-17T14:00:00Z,Premier League,Nottingham Forest FC,AFC Bournemouth,1,1,1.5451181359428623,1.4939703744691046
2024-08-17T16:30:00Z,Premier League,West Ham United FC,Aston Villa FC,1,2,1.6025267927331477,2.268639910135213
2024-08-18T13:00:00Z,Premier League,Brentford FC,Crystal Palace FC,2,1,3.0628512517647657,0.9678091151663611
2024-08-18T15:30:00Z,Premier League,Chelsea FC,Manchester City FC,0,2,0.7851271514558151,2.294185072889446
2024-08-19T19:00:00Z,Premier League,Leicester City FC,Tottenham Hotspur FC,1,1,1.3269289033012792,1.3148363260056115
2024-08-24T11:30:00Z,Premier League,Brighton & Hove Albion FC,Manchester United FC,2,1,2.2304755985954925,1.532117235897689
2024-08-24T14:00:00Z,Premier League,Crystal Palace FC,West Ham United FC,0,2,0.6475757514519517,2.396455935658592
2024-08-24T14:00:00Z,Premier League,Fulham FC,Leicester City FC,2,1,2.1039300378938073,1.7063798916154285
2024-08-24T14:00:00Z,Premier League,Manchester City FC,Ipswich Town FC,4,1,5.049437629756306,1.316105018618793
2024-08-24T14:00:00Z,Premier League,Southampton FC,Nottingham Forest FC,0,1,0.853832036216386,1.4828876499441175
2024-08-24T14:00:00Z,Premier League,Tottenham Hotspur FC,Everton FC,4,0,4.359247304368589,0.8551962329590668
2024-08-24T16:30:00Z,Premier League,Aston Villa FC,Arsenal FC,0,2,0.0,2.60254756418649
2024-08-25T13:00:00Z,Premier League,AFC Bournemouth,Newcastle United FC,1,1,1.9061617122496237,1.4819887374934306
2024-08-25T13:00:00Z,Premier League,Wolverhampton Wanderers FC,Chelsea FC,2,6,2.4656380464242145,6.319416667419447
2024-08-25T15:30:00Z,Premier League,Liverpool FC,Brentford FC,2,0,2.8713448935920383,0.31003058098550684
2024-08-31T11:30:00Z,Premier League,Arsenal FC,Brighton & Hove Albion FC,1,1,1.02167170236169,1.2448160241144157
2024-08-31T14:00:00Z,Premier League,Brentford FC,Southampton FC,3,1,3.320187493113868,1.3376979402651301
2024-08-31T14:00:00Z,Premier League,Everton FC,AFC Bournemouth,2,3,2.501573109915455,3.7266997516232943
2024-08-31T14:00:00Z,Premier League,Ipswich Town FC,Fulham FC,1,1,1.5140941781294226,1.4334335186123193
2024-08-31T14:00:00Z,Premier League,Leicester City FC,Aston Villa FC,1,2,1.364980358556227,2.095068079185631
2024-08-31T14:00:00Z,Premier League,Nottingham Forest FC,Wolverhampton Wanderers FC,1,1,1.6868549797042496,2.030450787917935
2024-08-31T16:30:00Z,Premier League,West Ham United FC,Manchester City FC,1,3,1.1797138711852218,3.595989557343549
2024-09-01T12:30:00Z,Premier League,Chelsea FC,Crystal Palace FC,1,1,1.457286154493612,1.0779169798460493
2024-09-01T12:30:00Z,Premier League,Newcastle United FC,Tottenham Hotspur FC,2,1,2.5360886895135697,1.367445321827753
2024-09-01T15:00:00Z,Premier League,Manchester United FC,Liverpool FC,0,3,0.6543316502176247,3.5332659148485255
2024-09-14T11:30:00Z,Premier League,Southampton FC,Manchester United FC,0,3,0.7134844634266669,4.011377627989213
2024-09-14T14:00:00Z,Premier League,Brighton & Hove Albion FC,Ipswich Town FC,0,0,0.16260737244863926,0.16756626252233925
2024-09-14T14:00:00Z,Premier League,Crystal Palace FC,Leicester City FC,2,2,2.0397657487793133,2.792812215806784
2024-09-14T14:00:00Z,Premier League,Fulham FC,West Ham United FC,1,1,1.8833030465695528,1.9198459280917028
2024-09-14T14:00:00Z,Premier League,Liverpool FC,Nottingham Forest FC,0,1,0.5996942035938775,1.3114037084776289
2024-09-14T14:00:00Z,Premier League,Manchester City FC,Brentford FC,2,1,2.275454039033034,1.4167459143419299
2024-09-14T16:30:00Z,Premier League,Aston Villa FC,Everton FC,3,2,3.9653455926567567,2.1891072257878688
2024-09-14T19:00:00Z,Premier League,AFC Bournemouth,Chelsea FC,0,1,0.5347023902878576,1.4389616576759086
2024-09-15T13:00:00Z,Premier League,Tottenham Hotspur FC,Arsenal FC,0,1,0.8537891552191479,1.4890230076971207
2024-09-15T15:30:00Z,Premier League,Wolverhampton Wanderers FC,Newcastle United FC,1,2,1.5202555444230326,2.6978949994247112
2024-09-21T11:30:00Z,Premier League,West Ham United FC,Chelsea FC,0,3,1.1182243774645961,3.827055041306134
2024-09-21T14:00:00Z,Premier League,Aston Villa FC,Wolverhampton Wanderers FC,3,1,4.026602252732961,1.2755711806135057
2024-09-21T14:00:00Z,Premier League,Fulham FC,Newcastle United FC,3,1,3.425310755456278,0.9098024807322017
2024-09-21T14:00:00Z,Premier League,Leicester City FC,Everton FC,1,1,1.7914712852863066,1.4936265662171273
2024-09-21T14:00:00Z,Premier League,Liverpool FC,AFC Bournemouth,3,0,3.693612784875544,0.5880612589905921
2024-09-21T14:00:00Z,Premier League,Southampton FC,Ipswich Town FC,1,1,1.9105894672597046,1.5748253063055127
2024-09-21T14:00:00Z,Premier League,Tottenham Hotspur FC,Brentford FC,3,1,3.2105229618259687,1.4019980257472868
2024-09-21T16:30:00Z,Premier League,Crystal Palace FC,Manchester United FC,0,0,0.7058154379995318,0.5374256298991803
2024-09-22T13:00:00Z,Premier League,Brighton & Hove Albion FC,Nottingham Forest FC,2,2,2.8175273460548764,2.954633442505674
2024-09-22T15:30:00Z,Premier League,Manchester City FC,Arsenal FC,2,2,1.9723781540730658,2.614520250688753
2024-09-28T11:30:00Z,Premier League,Newcastle United FC,Manchester City FC,1,1,1.1450224462002674,1.3879894724990747
2024-09-28T14:00:00Z,Premier League,Arsenal FC,Leicester City FC,4,2,3.88823034667197,2.3499406548712014
2024-09-28T14:00:00Z,Premier League,Brentford FC,West Ham United FC,1,1,1.4191779496666328,1.449044292696681
2024-09-28T14:00:00Z,Premier League,Chelsea FC,Brighton & Hove Albion FC,4,2,4.715262676738789,2.9910219885491918
2024-09-28T14:00:00Z,Premier League,Everton FC,Crystal Palace FC,2,1,2.9507071156288083,1.4450097871421408
2024-09-28T14:00:00Z,Premier League,Nottingham Forest FC,Fulham FC,0,1,0.5222284341259326,1.4940616966437876
2024-09-28T16:30:00Z,Premier League,Wolverhampton Wanderers FC,Liverpool FC,1,2,1.9885846636713875,2.355305928719109
2024-09-29T13:00:00Z,Premier League,Ipswich Town FC,Aston Villa FC,2,2,2.085969562535533,2.8296950072325897
2024-09-29T15:30:00Z,Premier League,Manchester United FC,Tottenham Hotspur FC,0,3,0.0,4.087951176423402
2024-09-30T19:00:00Z,Premier League,AFC Bournemouth,Southampton FC,3,1,3.4833356903310144,1.6351839148294165
2024-10-05T11:30:00Z,Premier League,Crystal Palace FC,Liverpool FC,0,1,0.6152196346817922,1.5248318711356277
2024-10-05T14:00:00Z,Premier League,Arsenal FC,Southampton FC,3,1,3.490191575571772,1.5110348499522703
2024-10-05T14:00:00Z,Premier League,Brentford FC,Wolverhampton Wanderers FC,5,3,4.879767369988037,2.7847079633642764
2024-10-05T14:00:00Z,Premier League,Leicester City FC,AFC Bournemouth,1,0,1.4732639881461636,0.7235452592854452
2024-10-05T14:00:00Z,Premier League,Manchester City FC,Fulham FC,3,2,3.108659149848544,2.5402499247987533
2024-10-05T14:00:00Z,Premier League,West Ham United FC,Ipswich Town FC,4,1,4.700901764649012,1.6285026151982174
2024-10-05T16:30:00Z,Premier League,Everton FC,Newcastle United FC,0,0,0.6099794738290545,0.28656134177488857
2024-10-06T13:00:00Z,Premier League,Aston Villa FC,Manchester United FC,0,0,0.21803606410179344,0.38466293630687254
2024-10-06T13:00:00Z,Premier League,Chelsea FC,Nottingham Forest FC,1,1,1.3458399247989918,1.376692519049048
2024-10-06T15:30:00Z,Premier League,Brighton & Hove Albion FC,Tottenham Hotspur FC,3,2,3.1822359434333145,2.8064868952219117
2024-10-19T11:30:00Z,Premier League,Tottenham Hotspur FC,West Ham United FC,4,1,4.481196270818049,1.386372049019072
2024-10-19T14:00:00Z,Premier League,Fulham FC,Aston Villa FC,1,3,1.7865426961503714,4.124798096632939
2024-10-19T14:00:00Z,Premier League,Ipswich Town FC,Everton FC,0,2,0.2042821860993369,2.6292587257045112
2024-10-19T14:00:00Z,Premier League,Manchester United FC,Brentford FC,2,1,2.6512139546553533,1.1172952020012805
2024-10-19T14:00:00Z,Premier League,Newcastle United FC,Brighton & Hove Albion FC,0,1,0.3409227144882678,1.4614361120244128
2024-10-19T14:00:00Z,Premier League,Southampton FC,Leicester City FC,2,3,2.262138150321297,3.3044974633530755
2024-10-19T16:30:00Z,Premier League,AFC Bournemouth,Arsenal FC,2,0,2.4678908920136324,0.0
2024-10-20T13:00:00Z,Premier League,Wolverhampton Wanderers FC,Manchester City FC,1,2,1.1894273032741878,2.979841282034137
2024-10-20T15:30:00Z,Premier League,Liverpool FC,Chelsea FC,2,1,2.333905208395845,1.7109427626660012
2024-10-21T19:00:00Z,Premier League,Nottingham Forest FC,Crystal Palace FC,1,0,1.1406366322233454,0.6599621953697937
2024-10-25T19:00:00Z,Premier League,Leicester City FC,Nottingham Forest FC,1,3,2.089417539874917,3.5496210980899114
2024-10-26T14:00:00Z,Premier League,Aston Villa FC,AFC Bournemouth,1,1,1.5105790655915186,1.0853947293922688
2024-10-26T14:00:00Z,Premier League,Brentford FC,Ipswich Town FC,4,3,4.290082347602224,3.3549148581333688
2024-10-26T14:00:00Z,Premier League,Brighton & Hove Albion FC,Wolverhampton Wanderers FC,2,2,2.5641939732202665,2.752534232435204
2024-10-26T14:00:00Z,Premier League,Manchester City FC,Southampton FC,1,0,1.466301585092751,0.1846339910652492
2024-10-26T16:30:00Z,Premier League,Everton FC,Fulham FC,1,1,1.4337091201400332,0.7404692051247559
2024-10-27T14:00:00Z,Premier League,Chelsea FC,Newcastle United FC,2,1,2.6842500100130273,1.4318681976657222
2024-10-27T14:00:00Z,Premier League,Crystal Palace FC,Tottenham Hotspur FC,1,0,1.7272523130141915,0.4574727337917384
2024-10-27T14:00:00Z,Premier League,West Ham United FC,Manchester United FC,2,1,2.3408496557168417,1.5406690249244126
2024-10-27T16:30:00Z,Premier League,Arsenal FC,Liverpool FC,2,2,2.327254527806596,2.718555593054361
2024-11-02T12:30:00Z,Premier League,Newcastle United FC,Arsenal FC,1,0,1.4174844908545068,0.6912817436693626
2024-11-02T15:00:00Z,Premier League,AFC Bournemouth,Manchester City FC,2,1,1.8094236505793244,1.5776309415731764
2024-11-02T15:00:00Z,Premier League,Ipswich Town FC,Leicester City FC,1,1,1.0454426813404343,1.8586594164260128
2024-11-02T15:00:00Z,Premier League,Liverpool FC,Brighton & Hove Albion FC,2,1,2.9100622802333573,1.0443090657560057
2024-11-02T15:00:00Z,Premier League,Nottingham Forest FC,West Ham United FC,3,0,3.9934903140503852,0.6513745443432171
2024-11-02T15:00:00Z,Premier League,Southampton FC,Everton FC,1,0,1.4252891881330865,0.6879615090010828
2024-11-02T17:30:00Z,Premier League,Wolverhampton Wanderers FC,Crystal Palace FC,2,2,2.67296708891673,2.128131314175928
2024-11-03T14:00:00Z,Premier League,Tottenham Hotspur FC,Aston Villa FC,4,1,4.593375046363061,1.0491388173952831
2024-11-03T16:30:00Z,Premier League,Manchester United FC,Chelsea FC,1,1,2.4236642425365713,1.2762173620573196
2024-11-04T20:00:00Z,Premier League,Fulham FC,Brentford FC,2,1,2.8358724734303733,1.3015375672454126
2024-11-09T15:00:00Z,Premier League,Brentford FC,AFC Bournemouth,3,2,3.46162472255577,2.7260258390507293
2024-11-09T15:00:00Z,Premier League,Crystal Palace FC,Fulham FC,0,2,0.2133378678198723,2.3156383648926715
2024-11-09T15:00:00Z,Premier League,West Ham United FC,Everton FC,0,0,0.018066103922728283,0.2430954445156388
2024-11-09T15:00:00Z,Premier League,Wolverhampton Wanderers FC,Southampton FC,2,0,2.561039090760167,0.3165098789916323
2024-11-09T17:30:00Z,Premier League,Brighton & Hove Albion FC,Manchester City FC,2,1,2.273094776414709,1.8355897002462636
2024-11-09T20:00:00Z,Premier League,Liverpool FC,Aston Villa FC,2,0,2.0733238871206976,0.5039130123130856
2024-11-10T14:00:00Z,Premier League,Manchester United FC,Leicester City FC,3,0,3.306028134727242,0.44622469239292645
2024-11-10T14:00:00Z,Premier League,Nottingham Forest FC,Newcastle United FC,1,3,1.1755355989156815,3.4669983503896846
2024-11-10T14:00:00Z,Premier League,Tottenham Hotspur FC,Ipswich Town FC,1,2,2.0061424905217695,2.887618100297957
2024-11-10T16:30:00Z,Premier League,Chelsea FC,Arsenal FC,1,1,1.7644919270848352,1.2752484820190275
2024-11-23T12:30:00Z,Premier League,Leicester City FC,Chelsea FC,1,2,1.4976082076050148,2.8946524872820314
2024-11-23T15:00:00Z,Premier League,AFC Bournemouth,Brighton & Hove Albion FC,1,2,1.9439832416670078,2.563148889676451
2024-11-23T15:00:00Z,Premier League,Arsenal FC,Nottingham Forest FC,3,0,3.5232104922942855,0.45187418540739566
2024-11-23T15:00:00Z,Premier League,Aston Villa FC,Crystal Palace FC,2,2,2.2416147396015207,3.2502701493802846
2024-11-23T15:00:00Z,Premier League,Everton FC,Brentford FC,0,0,0.9569372231808971,0.1833081530604211
2024-11-23T15:00:00Z,Premier League,Fulham FC,Wolverhampton Wanderers FC,1,4,1.6616730131053976,4.393894272129899
2024-11-23T17:30:00Z,Premier League,Manchester City FC,Tottenham Hotspur FC,0,4,0.18882615370206307,4.1302706282508
2024-11-24T14:00:00Z,Premier League,Southampton FC,Liverpool FC,2,3,2.4428983965749174,3.7857385911608508
2024-11-24T16:30:00Z,Premier League,Ipswich Town FC,Manchester United FC,1,1,1.2373145239845729,2.0067566800955037
2024-11-25T20:00:00Z,Premier League,Newcastle United FC,West Ham United FC,0,2,0.08516008071069919,3.0009768344213916
2024-11-29T20:00:00Z,Premier League,Brighton & Hove Albion FC,Southampton FC,1,1,1.7778532642594924,1.8671846259438014
2024-11-30T15:00:00Z,Premier League,Brentford FC,Leicester City FC,4,1,5.072824992141039,1.4407138596612103
2024-11-30T15:00:00Z,Premier League,Crystal Palace FC,Newcastle United FC,1,1,1.0804297278542576,1.3904277067530462
2024-11-30T15:00:00Z,Premier League,Nottingham Forest FC,Ipswich Town FC,1,0,1.6688907710071712,0.0
2024-11-30T15:00:00Z,Premier League,Wolverhampton Wanderers FC,AFC Bournemouth,2,4,2.304807229263452,5.110762060554538
2024-11-30T17:30:00Z,Premier League,West Ham United FC,Arsenal FC,2,5,2.3538623848705913,5.6406934234445405
2024-12-01T13:30:00Z,Premier League,Chelsea FC,Aston Villa FC,3,0,3.322281822728339,0.35241292853915507
2024-12-01T13:30:00Z,Premier League,Manchester United FC,Everton FC,4,0,4.240802769096055,0.8984170666960902
2024-12-01T13:30:00Z,Premier League,Tottenham Hotspur FC,Fulham FC,1,1,1.5145564883834481,1.2081706449719998
2024-12-01T16:00:00Z,Premier League,Liverpool FC,Manchester City FC,2,0,2.2507149650766887,0.6219866102668022
2024-12-03T19:30:00Z,Premier League,Ipswich Town FC,Crystal Palace FC,0,1,0.5811370477339517,1.4482112597127497
2024-12-03T20:15:00Z,Premier League,Leicester City FC,West Ham United FC,3,1,3.484928567165259,1.6916031419640902
2024-12-04T19:30:00Z,Premier League,Everton FC,Wolverhampton Wanderers FC,4,0,4.428315585940077,0.4809279382441636
2024-12-04T19:30:00Z,Premier League,Manchester City FC,Nottingham Forest FC,3,0,3.227730901387521,0.06472163266663272
2024-12-04T19:30:00Z,Premier League,Newcastle United FC,Liverpool FC,3,3,3.3269686008295003,3.5226729118010116
2024-12-04T19:30:00Z,Premier League,Southampton FC,Chelsea FC,1,5,1.7266173677477268,5.814659242562609
2024-12-04T20:15:00Z,Premier League,Arsenal FC,Manchester United FC,2,0,2.6502751562873144,0.4912350782438044
2024-12-04T20:15:00Z,Premier League,Aston Villa FC,Brentford FC,3,1,3.206733426560435,1.7325345364767257
2024-12-05T19:30:00Z,Premier League,Fulham FC,Brighton & Hove Albion FC,3,1,3.5297996916287677,1.186341154297784
2024-12-05T20:15:00Z,Premier League,AFC Bournemouth,Tottenham Hotspur FC,1,0,1.7254161370115368,0.49212176201904434
2024-12-07T15:00:00Z,Premier League,Aston Villa FC,Southampton FC,1,0,0.9991784156635884,0.3126468634734268
2024-12-07T15:00:00Z,Premier League,Brentford FC,Newcastle United FC,4,2,4.663008057713981,2.7240942520314126
2024-12-07T15:00:00Z,Premier League,Crystal Palace FC,Manchester City FC,2,2,2.301212872316246,2.509447468678599
2024-12-07T17:30:00Z,Premier League,Manchester United FC,Nottingham Forest FC,2,3,2.671179600577948,3.707022102900984
2024-12-08T14:00:00Z,Premier League,Fulham FC,Arsenal FC,1,1,1.2710222530372448,1.8263131278473599
2024-12-08T14:00:00Z,Premier League,Ipswich Town FC,AFC Bournemouth,1,2,0.9585353698006444,2.7074855725364166
2024-12-08T14:00:00Z,Premier League,Leicester City FC,Brighton & Hove Albion FC,2,2,2.011737268635051,2.581935530288093
2024-12-08T16:30:00Z,Premier League,Tottenham Hotspur FC,Chelsea FC,3,4,3.514425483998415,4.200536322446578
2024-12-09T20:00:00Z,Premier League,West Ham United FC,Wolverhampton Wanderers FC,2,1,2.5779167505164446,1.4991641667999296
2024-12-14T15:00:00Z,Premier League,Arsenal FC,Everton FC,0,0,0.22870501246867742,0.3400728793952501
2024-12-14T15:00:00Z,Premier League,Liverpool FC,Fulham FC,2,2,2.691577737633212,2.396780812988732
2024-12-14T15:00:00Z,Premier League,Newcastle United FC,Leicester City FC,4,0,4.001543981319312,0.38763975477492474
2024-12-14T15:00:00Z,Premier League,Wolverhampton Wanderers FC,Ipswich Town FC,1,2,1.480176060405805,2.206022327565327
2024-12-14T17:30:00Z,Premier League,Nottingham Forest FC,Aston Villa FC,2,1,2.136695140071263,0.9127984232598031
2024-12-15T14:00:00Z,Premier League,Brighton & Hove Albion FC,Crystal Palace FC,1,3,1.3044491676593521,3.29955708550167
2024-12-15T16:30:00Z,Premier League,Manchester City FC,Manchester United FC,1,2,1.5142196013949243,2.5580138355772477
2024-12-15T19:00:00Z,Premier League,Chelsea FC,Brentford FC,2,1,2.2418759904148144,1.095546886371753
2024-12-15T19:00:00Z,Premier League,Southampton FC,Tottenham Hotspur FC,0,5,0.3846333367310524,5.5047046709414875
2024-12-16T20:00:00Z,Premier League,AFC Bournemouth,West Ham United FC,1,1,1.8018878427643321,2.0700805272932894
2024-12-21T12:30:00Z,Premier League,Aston Villa FC,Manchester City FC,2,1,2.3269324391430555,1.8069169665756717
2024-12-21T15:00:00Z,Premier League,Brentford FC,Nottingham Forest FC,0,2,0.7507076336195425,2.993062452736159
2024-12-21T15:00:00Z,Premier League,Ipswich Town FC,Newcastle United FC,0,4,0.16108794360271456,4.617338363079818
2024-12-21T15:00:00Z,Premier League,West Ham United FC,Brighton & Hove Albion FC,1,1,1.6589412533745849,1.850252946895934
2024-12-21T17:30:00Z,Premier League,Crystal Palace FC,Arsenal FC,1,5,1.93247058619737,5.282810580859664
2024-12-22T14:00:00Z,Premier League,Everton FC,Chelsea FC,0,0,0.0,0.3066979198934048
2024-12-22T14:00:00Z,Premier League,Fulham FC,Southampton FC,0,0,0.260931423358857,0.0
2024-12-22T14:00:00Z,Premier League,Leicester City FC,Wolverhampton Wanderers FC,0,3,0.673121638154162,3.8558436422126894
2024-12-22T14:00:00Z,Premier League,Manchester United FC,AFC Bournemouth,0,3,0.4390863841871022,3.962097193945966
2024-12-22T16:30:00Z,Premier League,Tottenham Hotspur FC,Liverpool FC,3,6,3.6113437620113924,6.334046826395819
2024-12-26T12:30:00Z,Premier League,Manchester City FC,Everton FC,1,1,1.318804443985254,1.4238144880808294
2024-12-26T15:00:00Z,Premier League,AFC Bournemouth,Crystal Palace FC,0,0,0.52597693624187,0.2738413658927116
2024-12-26T15:00:00Z,Premier League,Chelsea FC,Fulham FC,1,2,1.453296829382376,2.6147960654432474
2024-12-26T15:00:00Z,Premier League,Newcastle United FC,Aston Villa FC,3,0,3.850334618497942,0.8374797635909723
2024-12-26T15:00:00Z,Premier League,Nottingham Forest FC,Tottenham Hotspur FC,1,0,1.5763262529903639,0.0
2024-12-26T15:00:00Z,Premier League,Southampton FC,West Ham United FC,0,1,0.6012807986225607,1.6228315591926756
2024-12-26T17:30:00Z,Premier League,Wolverhampton Wanderers FC,Manchester United FC,2,0,2.37643691016326,0.41699846848425637
2024-12-26T20:00:00Z,Premier League,Liverpool FC,Leicester City FC,3,1,3.353718132778252,1.5340183175900068
2024-12-27T19:30:00Z,Premier League,Brighton & Hove Albion FC,Brentford FC,0,0,0.37023254365411373,0.6376982005022873
2024-12-27T20:15:00Z,Premier League,Arsenal FC,Ipswich Town FC,1,0,1.6183356427134892,0.44353926836815366
2024-12-29T14:30:00Z,Premier League,Leicester City FC,Manchester City FC,0,2,0.3737046557539211,2.468923943978266
2024-12-29T15:00:00Z,Premier League,Crystal Palace FC,Southampton FC,2,1,2.586932457068924,1.4358374497336084
2024-12-29T15:00:00Z,Premier League,Everton FC,Nottingham Forest FC,0,2,1.1226202395936316,2.7910948605364845
2024-12-29T15:00:00Z,Premier League,Fulham FC,AFC Bournemouth,2,2,2.7613374110295075,2.625627988038249
2024-12-29T15:00:00Z,Premier League,Tottenham Hotspur FC,Wolverhampton Wanderers FC,2,2,2.402192940349648,2.566175061321208
2024-12-29T17:15:00Z,Premier League,West Ham United FC,Liverpool FC,0,5,0.8603641766491834,5.118714483672315
2024-12-30T19:45:00Z,Premier League,Aston Villa FC,Brighton & Hove Albion FC,2,2,2.3775773880935347,2.3864260770360537
2024-12-30T19:45:00Z,Premier League,Ipswich Town FC,Chelsea FC,2,0,1.888562639446644,0.7696007481017523
2024-12-30T20:00:00Z,Premier League,Manchester United FC,Newcastle United FC,0,2,0.19757410672477876,2.5113089719371766
2025-01-01T17:30:00Z,Premier League,Brentford FC,Arsenal FC,1,3,0.9387624236922433,3.6978594408767416
2025-01-04T12:30:00Z,Premier League,Tottenham Hotspur FC,Newcastle United FC,1,2,1.3945459547876073,3.02995354009829
2025-01-04T15:00:00Z,Premier League,Southampton FC,Brentford FC,0,5,0.5055255137568655,5.811581820762645
2025-01-04T15:00:00Z,Premier League,Crystal Palace FC,Chelsea FC,1,1,2.002931193682585,1.5279475013099226
2025-01-04T15:00:00Z,Premier League,AFC Bournemouth,Everton FC,1,0,1.598078212129249,0.3467032489412819
2025-01-04T15:00:00Z,Premier League,Aston Villa FC,Leicester City FC,2,1,2.4342698413573407,0.7339351211832306
2025-01-04T15:00:00Z,Premier League,Manchester City FC,West Ham United FC,4,1,4.748821674355047,1.4494845232581444
2025-01-04T17:30:00Z,Premier League,Brighton & Hove Albion FC,Arsenal FC,1,1,0.8366594072976344,1.4021962512549453
2025-01-05T14:00:00Z,Premier League,Fulham FC,Ipswich Town FC,2,2,2.5706843674325697,2.6171098583186128
2025-01-05T16:30:00Z,Premier League,Liverpool FC,Manchester United FC,2,2,2.73125955816609,2.453828431907594
2025-01-06T20:00:00Z,Premier League,Wolverhampton Wanderers FC,Nottingham Forest FC,0,3,0.056424126266047536,3.403884482168962
2025-01-14T19:30:00Z,Premier League,West Ham United FC,Fulham FC,3,2,3.843126212962079,1.9661803208478337
2025-01-14T19:30:00Z,Premier League,Brentford FC,Manchester City FC,2,2,2.601548922248324,2.21800965125498
2025-01-14T19:30:00Z,Premier League,Chelsea FC,AFC Bournemouth,2,2,2.3754136258297596,2.642995312240167
2025-01-14T20:00:00Z,Premier League,Nottingham Forest FC,Liverpool FC,1,1,1.6898345598318856,2.0147722893398083
2025-01-15T19:30:00Z,Premier League,Everton FC,Aston Villa FC,0,1,1.1812078573413187,1.470742384876313
2025-01-15T19:30:00Z,Premier League,Leicester City FC,Crystal Palace FC,0,2,0.5545598765175486,2.598343322072237
2025-01-15T19:30:00Z,Premier League,Newcastle United FC,Wolverhampton Wanderers FC,3,0,3.574466175890101,0.7857434470858415
2025-01-15T20:00:00Z,Premier League,Arsenal FC,Tottenham Hotspur FC,2,1,2.3621917301379267,1.256731819139925
2025-01-16T19:30:00Z,Premier League,Ipswich Town FC,Brighton & Hove Albion FC,0,2,0.2450466891605625,2.610044212985633
2025-01-16T20:00:00Z,Premier League,Manchester United FC,Southampton FC,3,1,3.7491007449632736,1.2778529681003525
2025-01-18T12:30:00Z,Premier League,Newcastle United FC,AFC Bournemouth,1,4,1.2431748522273398,4.759447331547303
2025-01-18T15:00:00Z,Premier League,West Ham United FC,Crystal Palace FC,0,2,0.5214698711658178,2.5454209143855198
2025-01-18T15:00:00Z,Premier League,Leicester City FC,Fulham FC,0,2,0.356702765970465,2.589535544194432
2025-01-18T15:00:00Z,Premier League,Brentford FC,Liverpool FC,0,2,0.6436939477239175,2.2652204207744235
2025-01-18T17:30:00Z,Premier League,Arsenal FC,Aston Villa FC,2,2,2.6000986315860843,2.7121097078832355
2025-01-19T14:00:00Z,Premier League,Manchester United FC,Brighton & Hove Albion FC,1,3,1.8112619832773698,4.125413876369304
2025-01-19T14:00:00Z,Premier League,Nottingham Forest FC,Southampton FC,3,2,3.346995080343576,2.197626491371538
2025-01-19T14:00:00Z,Premier League,Everton FC,Tottenham Hotspur FC,3,2,3.4190375194119884,2.3980722977057427
2025-01-19T16:30:00Z,Premier League,Ipswich Town FC,Manchester City FC,0,6,0.20637088526530778,6.5694822422504275
2025-01-20T20:00:00Z,Premier League,Chelsea FC,Wolverhampton Wanderers FC,3,1,3.3667120219771665,1.735921863598745
2025-01-25T15:00:00Z,Premier League,Liverpool FC,Ipswich Town FC,4,1,4.613190147913455,1.3321361144131594
2025-01-25T15:00:00Z,Premier League,Wolverhampton Wanderers FC,Arsenal FC,0,1,0.7270965849936055,0.650090912957178
2025-01-25T15:00:00Z,Premier League,Brighton & Hove Albion FC,Everton FC,0,1,0.22335040274671236,1.9077568482492075
2025-01-25T15:00:00Z,Premier League,Southampton FC,Newcastle United FC,1,3,1.760881776031698,3.728151835875243
2025-01-25T15:00:00Z,Premier League,AFC Bournemouth,Nottingham Forest FC,5,0,5.906691357641485,0.0
2025-01-25T17:30:00Z,Premier League,Manchester City FC,Chelsea FC,3,1,3.62403047096711,1.3177293624661333
2025-01-26T14:00:00Z,Premier League,Crystal Palace FC,Brentford FC,1,2,2.06303874376742,2.970454728858198
2025-01-26T14:00:00Z,Premier League,Tottenham Hotspur FC,Leicester City FC,1,2,1.267863240268928,2.93433892553736
2025-01-26T16:30:00Z,Premier League,Aston Villa FC,West Ham United FC,1,1,1.1266035890065749,1.7815920068036835
2025-01-26T19:00:00Z,Premier League,Fulham FC,Manchester United FC,0,1,0.0,1.4471662698120413
2025-02-01T12:30:00Z,Premier League,Nottingham Forest FC,Brighton & Hove Albion FC,7,0,7.948813293446755,0.524896225643753
2025-02-01T15:00:00Z,Premier League,Newcastle United FC,Fulham FC,1,2,1.6963096969062175,2.460722258462162
2025-02-01T15:00:00Z,Premier League,Everton FC,Leicester City FC,4,0,4.483324598726863,0.8384719349806513
2025-02-01T15:00:00Z,Premier League,AFC Bournemouth,Liverpool FC,0,2,0.583990587895946,2.237247278051467
2025-02-01T15:00:00Z,Premier League,Ipswich Town FC,Southampton FC,1,2,1.162353285810487,2.2582601035347385
2025-02-01T17:30:00Z,Premier League,Wolverhampton Wanderers FC,Aston Villa FC,2,0,3.233725593885048,0.8030823760508047
2025-02-02T14:00:00Z,Premier League,Manchester United FC,Crystal Palace FC,0,2,0.5387663545925683,2.4866915633465316
2025-02-02T14:00:00Z,Premier League,Brentford FC,Tottenham Hotspur FC,0,2,0.5328184383814678,2.913540206636142
2025-02-02T16:30:00Z,Premier League,Arsenal FC,Manchester City FC,5,1,5.717729987169608,1.2985463379058362
2025-02-03T20:00:00Z,Premier League,Chelsea FC,West Ham United FC,2,1,2.6443027695210137,1.4835664918983524
2025-02-12T19:30:00Z,Premier League,Everton FC,Liverpool FC,2,2,2.5671652072837396,2.223276104546814
2025-02-14T20:00:00Z,Premier League,Brighton & Hove Albion FC,Chelsea FC,3,0,3.2628576633664066,0.5022088044270702
2025-02-15T12:30:00Z,Premier League,Leicester City FC,Arsenal FC,0,2,0.6414405071407987,2.0564359189003603
2025-02-15T15:00:00Z,Premier League,Southampton FC,AFC Bournemouth,1,3,2.06460734894251,3.353709973713511
2025-02-15T15:00:00Z,Premier League,West Ham United FC,Brentford FC,0,1,0.9036260138464933,1.0691238405215646
2025-02-15T15:00:00Z,Premier League,Aston Villa FC,Ipswich Town FC,1,1,1.9779559879918192,1.7081769699573774
2025-02-15T15:00:00Z,Premier League,Manchester City FC,Newcastle United FC,4,0,4.3466352970706446,0.7149768019278955
2025-02-15T15:00:00Z,Premier League,Fulham FC,Nottingham Forest FC,2,1,2.2031185539224256,0.9809211808546965
2025-02-15T17:30:00Z,Premier League,Crystal Palace FC,Everton FC,1,2,1.4622639239701056,2.900165723650172
2025-02-16T14:00:00Z,Premier League,Liverpool FC,Wolverhampton Wanderers FC,2,1,2.5167174736866085,2.249224537925956
2025-02-16T16:30:00Z,Premier League,Tottenham Hotspur FC,Manchester United FC,1,0,1.8282574555412845,0.5138019160209023
2025-02-19T19:30:00Z,Premier League,Aston Villa FC,Liverpool FC,2,2,1.992260611085554,2.3076657219326067
2025-02-21T20:00:00Z,Premier League,Leicester City FC,Brentford FC,0,4,0.9588650958381841,5.347299177300914
2025-02-22T12:30:00Z,Premier League,Everton FC,Manchester United FC,2,2,2.452597630426303,2.1043094505092466
2025-02-22T15:00:00Z,Premier League,Ipswich Town FC,Tottenham Hotspur FC,1,4,1.371935679015774,4.50603194006073
2025-02-22T15:00:00Z,Premier League,Fulham FC,Crystal Palace FC,0,2,0.19636868742194974,2.553886681789577
2025-02-22T15:00:00Z,Premier League,Arsenal FC,West Ham United FC,0,1,0.0035429984402692294,1.9035442861357244
2025-02-22T15:00:00Z,Premier League,AFC Bournemouth,Wolverhampton Wanderers FC,0,1,0.7469511751885743,1.6079216925380364
2025-02-22T15:00:00Z,Premier League,Southampton FC,Brighton & Hove Albion FC,0,4,0.5219953901565212,4.350409831263464
2025-02-22T17:30:00Z,Premier League,Aston Villa FC,Chelsea FC,2,1,2.113011730077684,1.214644688883613
2025-02-23T14:00:00Z,Premier League,Newcastle United FC,Nottingham Forest FC,4,3,4.111476368380915,3.3974534539261594
2025-02-23T16:30:00Z,Premier League,Manchester City FC,Liverpool FC,0,2,0.39926459021296157,2.197921791716457
2025-02-25T19:30:00Z,Premier League,Brighton & Hove Albion FC,AFC Bournemouth,2,1,3.000706457586818,1.514347595935405
2025-02-25T19:30:00Z,Premier League,Crystal Palace FC,Aston Villa FC,4,1,4.422122594590919,1.330741146041854
2025-02-25T19:30:00Z,Premier League,Wolverhampton Wanderers FC,Fulham FC,1,2,1.0490571140645681,2.0517886620130747
2025-02-25T20:15:00Z,Premier League,Chelsea FC,Southampton FC,4,0,4.426277080774216,0.8765437365124711
2025-02-26T19:30:00Z,Premier League,Nottingham Forest FC,Arsenal FC,0,0,0.4181829290756989,0.35069824297128815
2025-02-26T19:30:00Z,Premier League,Brentford FC,Everton FC,1,1,0.6909340071175285,1.1195589585074062
2025-02-26T19:30:00Z,Premier League,Tottenham Hotspur FC,Manchester City FC,0,1,0.48371154004465633,1.4495222596537376
2025-02-26T19:30:00Z,Premier League,Manchester United FC,Ipswich Town FC,3,2,3.430719640937397,2.5205114697902977
2025-02-26T20:15:00Z,Premier League,Liverpool FC,Newcastle United FC,2,0,2.7088619094440256,0.0
2025-02-27T20:00:00Z,Premier League,West Ham United FC,Leicester City FC,2,0,3.0546868284836037,0.5994943001377289
2025-03-08T12:30:00Z,Premier League,Nottingham Forest FC,Manchester City FC,1,0,1.8379695088643273,0.18585272939292063
2025-03-08T15:00:00Z,Premier League,Brighton & Hove Albion FC,Fulham FC,2,1,2.419333392833551,2.013308642757236
2025-03-08T15:00:00Z,Premier League,Crystal Palace FC,Ipswich Town FC,1,0,1.1680422273774989,0.6571881536230204
2025-03-08T15:00:00Z,Premier League,Liverpool FC,Southampton FC,3,1,4.272007940974958,1.380030002967205
2025-03-08T17:30:00Z,Premier League,Brentford FC,Aston Villa FC,0,1,0.5177655302043465,1.2764496689047948
2025-03-08T20:00:00Z,Premier League,Wolverhampton Wanderers FC,Everton FC,1,1,1.504178787573884,1.4685096877309127
2025-03-09T14:00:00Z,Premier League,Tottenham Hotspur FC,AFC Bournemouth,2,2,2.492762473866999,2.683837222474987
2025-03-09T14:00:00Z,Premier League,Chelsea FC,Leicester City FC,1,0,1.5594254282303566,0.4923517614244401
2025-03-09T16:30:00Z,Premier League,Manchester United FC,Arsenal FC,1,1,1.4566918764228172,1.4348523578589432
2025-03-10T20:00:00Z,Premier League,West Ham United FC,Newcastle United FC,0,1,0.3279013979359291,1.5175110872453685
2025-03-15T15:00:00Z,Premier League,Everton FC,West Ham United FC,1,1,1.3359423176278824,1.3188423206289137
2025-03-15T15:00:00Z,Premier League,Ipswich Town FC,Nottingham Forest FC,2,4,2.4901740189352006,4.3970382219470885
2025-03-15T15:00:00Z,Premier League,Manchester City FC,Brighton & Hove Albion FC,2,2,2.3369725686598706,1.8742622683284988
2025-03-15T15:00:00Z,Premier League,Southampton FC,Wolverhampton Wanderers FC,1,2,1.2861462651968507,2.7921178692557103
2025-03-15T17:30:00Z,Premier League,AFC Bournemouth,Brentford FC,1,2,1.531929068307569,2.5896393340965287
2025-03-16T13:30:00Z,Premier League,Arsenal FC,Chelsea FC,1,0,1.4235068347737434,0.26796324678997097
2025-03-16T13:30:00Z,Premier League,Fulham FC,Tottenham Hotspur FC,2,0,2.9511978965748065,1.0696204944065717
2025-03-16T19:00:00Z,Premier League,Leicester City FC,Manchester United FC,0,3,0.0,3.5261049441177157
2025-04-01T18:45:00Z,Premier League,Arsenal FC,Fulham FC,2,1,2.8274520555767384,1.189156928407441
2025-04-01T18:45:00Z,Premier League,Wolverhampton Wanderers FC,West Ham United FC,1,0,1.8738255577492886,0.7570212264411376
2025-04-01T19:00:00Z,Premier League,Nottingham Forest FC,Manchester United FC,1,0,0.8779829302775551,0.6194144649527787
2025-04-02T18:45:00Z,Premier League,AFC Bournemouth,Ipswich Town FC,1,2,1.3971937217758954,2.618373995645266
2025-04-02T18:45:00Z,Premier League,Brighton & Hove Albion FC,Aston Villa FC,0,3,0.38856774020126256,3.372273318604523
2025-04-02T18:45:00Z,Premier League,Manchester City FC,Leicester City FC,2,0,2.0777464915846537,0.6351487171334104
2025-04-02T18:45:00Z,Premier League,Newcastle United FC,Brentford FC,2,1,2.2666549937227374,1.4214725129336716
2025-04-02T18:45:00Z,Premier League,Southampton FC,Crystal Palace FC,1,1,1.1668272463602514,1.6667824354937526
2025-04-02T19:00:00Z,Premier League,Liverpool FC,Everton FC,1,0,2.0256811330270867,0.0
2025-04-03T19:00:00Z,Premier League,Chelsea FC,Tottenham Hotspur FC,1,0,1.7807035179442383,0.3698379611062433
2025-04-05T11:30:00Z,Premier League,Everton FC,Arsenal FC,1,1,1.8814665284982477,2.0166465293424585
2025-04-05T14:00:00Z,Premier League,Crystal Palace FC,Brighton & Hove Albion FC,2,1,2.7165016192129707,1.26987976337991
2025-04-05T14:00:00Z,Premier League,Ipswich Town FC,Wolverhampton Wanderers FC,1,2,1.1612844686348311,2.3188485107520442
2025-04-05T14:00:00Z,Premier League,West Ham United FC,AFC Bournemouth,2,2,2.342643920116068,2.3656115984650077
2025-04-05T16:30:00Z,Premier League,Aston Villa FC,Nottingham Forest FC,2,1,2.6468123683683755,1.135558159233407
2025-04-06T13:00:00Z,Premier League,Brentford FC,Chelsea FC,0,0,0.1333616573324164,0.0
2025-04-06T13:00:00Z,Premier League,Fulham FC,Liverpool FC,3,2,3.7138995290517163,2.430824080442916
2025-04-06T13:00:00Z,Premier League,Tottenham Hotspur FC,Southampton FC,3,1,3.4279023805525597,1.540757827224497
2025-04-06T15:30:00Z,Premier League,Manchester United FC,Manchester City FC,0,0,0.38755375773512074,0.4842484794384043
2025-04-07T19:00:00Z,Premier League,Leicester City FC,Newcastle United FC,0,3,0.7132879904610474,3.4565364314156337
2025-04-12T11:30:00Z,Premier League,Manchester City FC,Crystal Palace FC,5,2,5.633278993445812,2.5129122612551162
2025-04-12T14:00:00Z,Premier League,Brighton & Hove Albion FC,Leicester City FC,2,2,2.391710150254276,2.806852441465229
2025-04-12T14:00:00Z,Premier League,Nottingham Forest FC,Everton FC,0,1,0.8477989410092743,1.442866144221235
2025-04-12T14:00:00Z,Premier League,Southampton FC,Aston Villa FC,0,3,0.17568100172003082,3.327775226873819
2025-04-12T16:30:00Z,Premier League,Arsenal FC,Brentford FC,1,1,1.6847806820832791,1.4156623545335743
2025-04-13T13:00:00Z,Premier League,Chelsea FC,Ipswich Town FC,2,2,2.677930377390515,2.6738040279270328
2025-04-13T13:00:00Z,Premier League,Liverpool FC,West Ham United FC,2,1,2.407136068205803,1.9236080635629749
2025-04-13T13:00:00Z,Premier League,Wolverhampton Wanderers FC,Tottenham Hotspur FC,4,2,4.597839906672635,2.3115568782492466
2025-04-13T15:30:00Z,Premier League,Newcastle United FC,Manchester United FC,4,1,4.1246659270844095,1.5296801361086652
2025-04-14T19:00:00Z,Premier League,AFC Bournemouth,Fulham FC,1,0,1.7772081057620703,0.6015072325807879
2025-04-16T18:30:00Z,Premier League,Newcastle United FC,Crystal Palace FC,5,0,5.444529359067103,0.20222659798135312
2025-04-19T14:00:00Z,Premier League,Brentford FC,Brighton & Hove Albion FC,4,2,4.343183093844289,2.5061251501638755
2025-04-19T14:00:00Z,Premier League,Crystal Palace FC,AFC Bournemouth,0,0,0.8147027677510668,0.06029784279737149
2025-04-19T14:00:00Z,Premier League,Everton FC,Manchester City FC,0,2,0.28869689283717226,1.9692849088781803
2025-04-19T14:00:00Z,Premier League,West Ham United FC,Southampton FC,1,1,1.077461611090932,1.610023922367677
2025-04-19T16:30:00Z,Premier League,Aston Villa FC,Newcastle United FC,4,1,4.033011247942829,1.384837577600765
2025-04-20T13:00:00Z,Premier League,Fulham FC,Chelsea FC,1,2,1.6818029854036918,2.5606841222863657
2025-04-20T13:00:00Z,Premier League,Ipswich Town FC,Arsenal FC,0,4,0.11587119425111508,4.494631506897495
2025-04-20T13:00:00Z,Premier League,Manchester United FC,Wolverhampton Wanderers FC,0,1,1.0264382545953095,1.2070799854008607
2025-04-20T15:30:00Z,Premier League,Leicester City FC,Liverpool FC,0,1,0.0,1.4864237094106991
2025-04-21T19:00:00Z,Premier League,Tottenham Hotspur FC,Nottingham Forest FC,1,2,2.0089369104870114,2.1300696084955435
2025-04-22T19:00:00Z,Premier League,Manchester City FC,Aston Villa FC,2,1,2.5633052401607856,1.91729170740042
2025-04-23T19:00:00Z,Premier League,Arsenal FC,Crystal Palace FC,2,2,2.4709860664388823,2.093208896542011
2025-04-26T11:30:00Z,Premier League,Chelsea FC,Everton FC,1,0,1.336524273957315,0.4412644187094256
2025-04-26T14:00:00Z,Premier League,Brighton & Hove Albion FC,West Ham United FC,3,2,3.619740834305621,2.1873185235858257
2025-04-26T14:00:00Z,Premier League,Newcastle United FC,Ipswich Town FC,3,0,3.4887095892725455,0.6711263520082387
2025-04-26T14:00:00Z,Premier League,Southampton FC,Fulham FC,1,2,1.8309905646049565,2.4005705886155493
2025-04-26T14:00:00Z,Premier League,Wolverhampton Wanderers FC,Leicester City FC,3,0,3.534268294598612,0.3443999841136369
2025-04-27T13:00:00Z,Premier League,AFC Bournemouth,Manchester United FC,1,1,1.5450905284385632,1.7559604635154664
2025-04-27T15:30:00Z,Premier League,Liverpool FC,Tottenham Hotspur FC,5,1,5.390916336335843,1.5088291775032656
2025-05-01T18:30:00Z,Premier League,Nottingham Forest FC,Brentford FC,0,2,0.48291631288367975,2.6549933337807903
2025-05-02T19:00:00Z,Premier League,Manchester City FC,Wolverhampton Wanderers FC,1,0,1.5923405306676177,0.20560221904476056
2025-05-03T11:30:00Z,Premier League,Aston Villa FC,Fulham FC,1,0,0.9869494822030124,0.07855491682174792
2025-05-03T14:00:00Z,Premier League,Everton FC,Ipswich Town FC,2,2,2.095544373368286,2.53216238861204
2025-05-03T14:00:00Z,Premier League,Leicester City FC,Southampton FC,2,0,2.7229792282068144,0.4043460933515806
2025-05-03T16:30:00Z,Premier League,Arsenal FC,AFC Bournemouth,1,2,1.5512596314383824,2.687930401736183
2025-05-04T13:00:00Z,Premier League,Brentford FC,Manchester United FC,4,3,4.444804999094196,3.476027464201235
2025-05-04T13:00:00Z,Premier League,Brighton & Hove Albion FC,Newcastle United FC,1,1,1.505530179919618,1.561522601770389
2025-05-04T13:00:00Z,Premier League,West Ham United FC,Tottenham Hotspur FC,1,1,1.6042745116085013,1.012985241017627
2025-05-04T15:30:00Z,Premier League,Chelsea FC,Liverpool FC,3,1,3.3380720959071914,2.066531081884277
2025-05-05T19:00:00Z,Premier League,Crystal Palace FC,Nottingham Forest FC,1,1,1.266508582379306,1.4507274044903904
2025-05-10T14:00:00Z,Premier League,Fulham FC,Everton FC,1,3,1.5587535765293046,3.70927609110176
2025-05-10T14:00:00Z,Premier League,Ipswich Town FC,Brentford FC,0,1,0.20648816671549042,1.249172498934112
2025-05-10T14:00:00Z,Premier League,Southampton FC,Manchester City FC,0,0,0.6224758267143415,0.5924029706652023
2025-05-10T14:00:00Z,Premier League,Wolverhampton Wanderers FC,Brighton & Hove Albion FC,0,2,0.0,2.1091465709425763
2025-05-10T16:30:00Z,Premier League,AFC Bournemouth,Aston Villa FC,0,1,0.808746691197693,1.6356203514779013
2025-05-11T11:00:00Z,Premier League,Newcastle United FC,Chelsea FC,2,0,2.641779244723913,0.39320777468425017
2025-05-11T13:15:00Z,Premier League,Manchester United FC,West Ham United FC,0,2,0.5768089202941626,2.5087571511806703
2025-05-11T13:15:00Z,Premier League,Nottingham Forest FC,Leicester City FC,2,2,2.794807295183654,2.709392209039029
2025-05-11T13:15:00Z,Premier League,Tottenham Hotspur FC,Crystal Palace FC,0,2,0.999642333338773,2.130237906633916
2025-05-11T15:30:00Z,Premier League,Liverpool FC,Arsenal FC,2,2,2.8043110195054393,2.294652480816161
2025-05-16T18:30:00Z,Premier League,Aston Villa FC,Tottenham Hotspur FC,2,0,1.9477377306005064,0.6371972843260296
2025-05-16T19:15:00Z,Premier League,Chelsea FC,Manchester United FC,1,0,1.1161269099792896,1.129466442364024
2025-05-18T11:00:00Z,Premier League,Everton FC,Southampton FC,2,0,2.3125544266912965,0.45857529960155546
2025-05-18T13:15:00Z,Premier League,West Ham United FC,Nottingham Forest FC,1,2,1.5078273150632502,2.67734083537718
2025-05-18T14:00:00Z,Premier League,Brentford FC,Fulham FC,2,3,2.655297706140737,3.467908559042456
2025-05-18T14:00:00Z,Premier League,Leicester City FC,Ipswich Town FC,2,0,2.2822768560539606,1.08267367842689
2025-05-18T15:30:00Z,Premier League,Arsenal FC,Newcastle United FC,1,0,1.5560300293431235,0.0
2025-05-19T19:00:00Z,Premier League,Brighton & Hove Albion FC,Liverpool FC,3,2,3.2733851202940034,2.5283863134008073
2025-05-20T19:00:00Z,Premier League,Crystal Palace FC,Wolverhampton Wanderers FC,4,2,4.316544659102416,2.0123367899313815
2025-05-20T19:00:00Z,Premier League,Manchester City FC,AFC Bournemouth,3,1,3.0780016709455333,0.7480285288389851
2025-05-25T15:00:00Z,Premier League,AFC Bournemouth,Leicester City FC,2,0,2.223030026166729,0.589238615935345
2025-05-25T15:00:00Z,Premier League,Fulham FC,Manchester City FC,0,2,0.09449461831509992,2.5418493388442376
2025-05-25T15:00:00Z,Premier League,Ipswich Town FC,West Ham United FC,1,3,1.2072380241068001,3.4145489186773395
2025-05-25T15:00:00Z,Premier League,Liverpool FC,Crystal Palace FC,1,1,1.816092538982352,1.4681417729880741
2025-05-25T15:00:00Z,Premier League,Manchester United FC,Aston Villa FC,2,0,2.215180333350417,1.4294898302213772
2025-05-25T15:00:00Z,Premier League,Newcastle United FC,Everton FC,0,1,1.2897146194512172,1.4225474585905697
2025-05-25T15:00:00Z,Premier League,Nottingham Forest FC,Chelsea FC,0,1,0.6479953702642668,1.6530373083750225
2025-05-25T15:00:00Z,Premier League,Southampton FC,Arsenal FC,1,2,1.555450837108462,2.3051905541158355
2025-05-25T15:00:00Z,Premier League,Tottenham Hotspur FC,Brighton & Hove Albion FC,1,4,1.242492665945636,4.588569772512181
2025-05-25T15:00:00Z,Premier League,Wolverhampton Wanderers FC,Brentford FC,1,1,1.7100929638226974,1.4285298974833147
2023-08-11T17:30:00Z,Primera Division,UD Almería,Rayo Vallecano de Madrid,0,2,0.32730865212866783,2.376844455181081
2023-08-11T20:00:00Z,Primera Division,Sevilla FC,Valencia CF,1,2,1.5366029443936084,3.0456695596600976
2023-08-12T15:00:00Z,Primera Division,Real Sociedad de Fútbol,Girona FC,1,1,2.2680253614806385,1.8531554889553017
2023-08-12T17:30:00Z,Primera Division,UD Las Palmas,RCD Mallorca,1,1,1.471182030082605,1.5410239942197692
2023-08-12T19:30:00Z,Primera Division,Athletic Club,Real Madrid CF,0,2,0.8447819978857027,1.8087364192168098
2023-08-13T15:00:00Z,Primera Division,RC Celta de Vigo,CA Osasuna,0,2,0.2890470724622338,2.391697233024229
2023-08-13T17:30:00Z,Primera Division,Villarreal CF,Real Betis Balompié,1,2,1.4895034528509115,3.310908269321525
2023-08-13T19:30:00Z,Primera Division,Getafe CF,FC Barcelona,0,0,1.031240190690653,0.4308015000080876
2023-08-14T17:30:00Z,Primera Division,Cádiz CF,Deportivo Alavés,1,0,1.3119098826636697,0.8309652716160973
2023-08-14T19:30:00Z,Primera Division,Club Atlético de Madrid,Granada CF,3,1,4.0437345673990785,1.9325827205857802
2023-08-18T17:30:00Z,Primera Division,RCD Mallorca,Villarreal CF,0,1,0.7123255806366426,1.5656891747567925
2023-08-18T19:30:00Z,Primera Division,Valencia CF,UD Las Palmas,1,0,1.3312599672317198,0.24745351043955433
2023-08-19T15:00:00Z,Primera Division,Real Sociedad de Fútbol,RC Celta de Vigo,1,1,1.6897223217166562,0.7694063004651335
2023-08-19T17:30:00Z,Primera Division,UD Almería,Real Madrid CF,1,3,1.791766334888019,3.7052489625826865
2023-08-19T19:30:00Z,Primera Division,CA Osasuna,Athletic Club,0,2,0.686542988665159,2.2555731991529355
2023-08-20T17:00:00Z,Primera Division,Girona FC,Getafe CF,3,0,3.028932584032863,0.5528451355663077
2023-08-20T17:30:00Z,Primera Division,FC Barcelona,Cádiz CF,2,0,2.2818588472525394,0.1250538981231908
2023-08-20T19:30:00Z,Primera Division,Real Betis Balompié,Club Atlético de Madrid,0,0,0.4257444093345486,0.42042873785893936
2023-08-21T17:00:00Z,Primera Division,Deportivo Alavés,Sevilla FC,4,3,4.477669971269986,3.510115716470316
2023-08-21T19:30:00Z,Primera Division,Granada CF,Rayo Vallecano de Madrid,0,2,0.6862016292652033,2.5805780743132893
2023-08-25T17:30:00Z,Primera Division,UD Las Palmas,Real Sociedad de Fútbol,0,0,0.5533103002799762,0.16555334379427572
2023-08-25T19:30:00Z,Primera Division,RC Celta de Vigo,Real Madrid CF,0,1,0.09939669238696963,1.8590732846284057
2023-08-26T17:00:00Z,Primera Division,Cádiz CF,UD Almería,1,1,1.614059355301789,1.3209315645804085
2023-08-26T17:30:00Z,Primera Division,Granada CF,RCD Mallorca,3,2,3.6831757235851468,1.9976591618640265
2023-08-26T19:30:00Z,Primera Division,Sevilla FC,Girona FC,1,2,1.667937134379312,2.467292974010961
2023-08-27T15:30:00Z,Primera Division,Villarreal CF,FC Barcelona,3,4,3.824234217666387,4.510312592707938
2023-08-27T17:30:00Z,Primera Division,Valencia CF,CA Osasuna,1,2,1.7501766463646713,2.5481768299515277
2023-08-27T19:30:00Z,Primera Division,Athletic Club,Real Betis Balompié,4,2,4.637754023768531,2.9086397211055237
2023-08-28T17:30:00Z,Primera Division,Getafe CF,Deportivo Alavés,1,0,1.478950286562406,0.4290653489792422
2023-08-28T19:30:00Z,Primera Division,Rayo Vallecano de Madrid,Club Atlético de Madrid,0,7,0.0017117199452025833,7.464114112689368
2023-09-01T17:30:00Z,Primera Division,Cádiz CF,Villarreal CF,3,1,3.628885465739776,1.169044685630072
2023-09-01T20:00:00Z,Primera Division,UD Almería,RC Celta de Vigo,2,3,2.5623063061489333,3.746166050866369
2023-09-02T12:00:00Z,Primera Division,Real Sociedad de Fútbol,Granada CF,5,3,5.581473651158612,3.555292719223431
2023-09-02T14:15:00Z,Primera Division,Real Madrid CF,Getafe CF,2,1,2.116975427253907,1.3739916818117512
2023-09-02T16:30:00Z,Primera Division,Deportivo Alavés,Valencia CF,1,0,1.1756830378775214,0.0
2023-09-02T19:00:00Z,Primera Division,Real Betis Balompié,Rayo Vallecano de Madrid,1,0,1.8159458559998711,0.9333236585165262
2023-09-03T12:00:00Z,Primera Division,Girona FC,UD Las Palmas,1,0,1.4881334538430036,0.13169601066318287
2023-09-03T14:15:00Z,Primera Division,RCD Mallorca,Athletic Club,0,0,0.7044502092117874,0.3226165971890883
2023-09-03T19:00:00Z,Primera Division,CA Osasuna,FC Barcelona,1,2,1.5084955128391382,2.6075033533228007
2023-09-15T19:00:00Z,Primera Division,Rayo Vallecano de Madrid,Deportivo Alavés,2,0,2.508926841848724,0.14103262141499406
2023-09-16T12:00:00Z,Primera Division,Athletic Club,Cádiz CF,3,0,3.7814851417927993,0.05194706652405695
2023-09-16T14:15:00Z,Primera Division,Valencia CF,Club Atlético de Madrid,3,0,3.345186581534788,0.0
2023-09-16T16:30:00Z,Primera Division,RC Celta de Vigo,RCD Mallorca,0,1,0.528836233082295,1.7162990858716909
2023-09-16T19:00:00Z,Primera Division,FC Barcelona,Real Betis Balompié,5,0,5.3613174133884876,0.33644412658210343
2023-09-17T12:00:00Z,Primera Division,Getafe CF,CA Osasuna,3,2,3.3696511317703055,3.378181027741999
2023-09-17T14:15:00Z,Primera Division,Villarreal CF,UD Almería,2,1,2.4072483629594084,1.201693480310738
2023-09-17T16:30:00Z,Primera Division,Sevilla FC,UD Las Palmas,1,0,1.566640131490114,0.22356469297132364
2023-09-17T19:00:00Z,Primera Division,Real Madrid CF,Real Sociedad de Fútbol,2,1,2.356375413500957,1.3303821089143795
2023-09-18T19:00:00Z,Primera Division,Granada CF,Girona FC,2,4,2.8767268376720563,4.572940396541547
2023-09-22T19:00:00Z,Primera Division,Deportivo Alavés,Athletic Club,0,2,0.23161780933414883,2.3589389983644065
2023-09-23T12:00:00Z,Primera Division,Girona FC,RCD Mallorca,5,3,5.443938506751592,3.683699664200754
2023-09-23T14:15:00Z,Primera Division,CA Osasuna,Sevilla FC,0,0,0.3680806825177475,0.20642348300340368
2023-09-23T16:30:00Z,Primera Division,FC Barcelona,RC Celta de Vigo,3,2,3.93409336530612,2.0855224844609257
2023-09-23T19:00:00Z,Primera Division,UD Almería,Valencia CF,2,2,2.5589664329534725,1.9605355781772678
2023-09-24T12:00:00Z,Primera Division,Real Sociedad de Fútbol,Getafe CF,4,3,4.809553361840591,2.832927749618841
2023-09-24T14:15:00Z,Primera Division,Rayo Vallecano de Madrid,Villarreal CF,1,1,1.0543318880889085,1.344579294157483
2023-09-24T16:30:00Z,Primera Division,UD Las Palmas,Granada CF,1,0,1.5801150797607777,0.4097059062820334
2023-09-24T16:30:00Z,Primera Division,Real Betis Balompié,Cádiz CF,1,1,1.7668892386870312,1.3105688917550449
2023-09-24T19:00:00Z,Primera Division,Club Atlético de Madrid,Real Madrid CF,3,1,3.5246851967826274,1.8730217391561486
2023-09-26T17:00:00Z,Primera Division,Sevilla FC,UD Almería,5,1,5.8196441125196055,1.8684090628824406
2023-09-26T19:30:00Z,Primera Division,RCD Mallorca,FC Barcelona,2,2,2.344813464969888,2.3995591037666495
2023-09-27T17:00:00Z,Primera Division,Athletic Club,Getafe CF,2,2,2.922804232055674,1.961823666042411
2023-09-27T17:00:00Z,Primera Division,Villarreal CF,Girona FC,1,2,2.189669437085775,2.329988467583484
2023-09-27T17:00:00Z,Primera Division,Real Madrid CF,UD Las Palmas,2,0,2.3911484318681024,0.32005358182488153
2023-09-27T19:30:00Z,Primera Division,Cádiz CF,Rayo Vallecano de Madrid,0,0,0.3663492435797685,0.3028595113165826
2023-09-27T19:30:00Z,Primera Division,Valencia CF,Real Sociedad de Fútbol,0,1,0.9360153431353102,1.2906843288305265
2023-09-28T17:00:00Z,Primera Division,RC Celta de Vigo,Deportivo Alavés,1,1,1.9738716437192136,1.3039611312825579
2023-09-28T17:00:00Z,Primera Division,Granada CF,Real Betis Balompié,1,1,1.3431419918540195,1.384037515230672
2023-09-28T19:30:00Z,Primera Division,CA Osasuna,Club Atlético de Madrid,0,2,0.3739439548712428,2.309337670355333
2023-09-29T19:00:00Z,Primera Division,FC Barcelona,Sevilla FC,1,0,1.415464617341848,0.5624967525876776
2023-09-30T12:00:00Z,Primera Division,Getafe CF,Villarreal CF,0,0,0.09666484668971692,0.6081106147714583
2023-09-30T14:15:00Z,Primera Division,Rayo Vallecano de Madrid,RCD Mallorca,2,2,2.2244044160547407,2.226806473845253
2023-09-30T16:30:00Z,Primera Division,Girona FC,Real Madrid CF,0,3,0.19875776997437966,3.88131959780211
2023-09-30T19:00:00Z,Primera Division,Real Sociedad de Fútbol,Athletic Club,3,0,3.2696607304687615,0.20598130944781579
2023-10-01T12:00:00Z,Primera Division,UD Almería,Granada CF,3,3,3.489594533783966,3.0146598158553988
2023-10-01T14:15:00Z,Primera Division,Deportivo Alavés,CA Osasuna,0,2,0.5702644197609562,2.6142334214095158
2023-10-01T19:00:00Z,Primera Division,Club Atlético de Madrid,Cádiz CF,3,2,3.965150147844223,2.254777559675698
2023-10-01T19:00:00Z,Primera Division,Real Betis Balompié,Valencia CF,3,0,3.200493787778363,0.5963874412272164
2023-10-02T19:00:00Z,Primera Division,UD Las Palmas,RC Celta de Vigo,2,1,2.795296719542975,0.7788994196698409
2023-10-06T19:00:00Z,Primera Division,Athletic Club,UD Almería,3,0,3.435803346732347,0.9177367824449203
2023-10-07T12:00:00Z,Primera Division,Cádiz CF,Girona FC,0,1,0.48516088710427013,1.7016880224121207
2023-10-07T14:15:00Z,Primera Division,Real Madrid CF,CA Osasuna,4,0,4.702445847649981,0.049857035251099524
2023-10-07T16:30:00Z,Primera Division,RCD Mallorca,Valencia CF,1,1,1.1631833935313105,1.0563668628461143
2023-10-07T19:00:00Z,Primera Division,Sevilla FC,Rayo Vallecano de Madrid,2,2,2.614722923855215,3.0016797712292584
2023-10-08T12:00:00Z,Primera Division,Villarreal CF,UD Las Palmas,1,2,1.5499356624639167,2.2787860289506123
2023-10-08T14:15:00Z,Primera Division,Club Atlético de Madrid,Real Sociedad de Fútbol,2,1,2.6477353792024445,1.249744545380213
2023-10-08T16:30:00Z,Primera Division,RC Celta de Vigo,Getafe CF,2,2,2.5867505931723453,1.8201843717552153
2023-10-08T16:30:00Z,Primera Division,Deportivo Alavés,Real Betis Balompié,1,1,2.236590041973268,1.3947665383195338
2023-10-08T19:00:00Z,Primera Division,Granada CF,FC Barcelona,2,2,2.308678004724605,2.4316841155492743
2023-10-20T19:00:00Z,Primera Division,CA Osasuna,Granada CF,2,0,2.3407009134994547,0.7146479290308456
2023-10-21T12:00:00Z,Primera Division,Real Sociedad de Fútbol,RCD Mallorca,1,0,1.3130578420725707,0.08027647154465739
2023-10-21T14:15:00Z,Primera Division,Getafe CF,Real Betis Balompié,1,1,1.3333568642519236,1.043913962327817
2023-10-21T16:30:00Z,Primera Division,Sevilla FC,Real Madrid CF,1,1,1.3087838618080447,1.6352887904329432
2023-10-21T19:00:00Z,Primera Division,RC Celta de Vigo,Club Atlético de Madrid,0,3,0.8567049593322655,3.8020190213681193
2023-10-22T12:00:00Z,Primera Division,UD Las Palmas,Rayo Vallecano de Madrid,0,1,0.9261512743969564,1.028654294664635
2023-10-22T14:15:00Z,Primera Division,Girona FC,UD Almería,5,2,5.3287761118751575,2.824454225889922
2023-10-22T16:30:00Z,Primera Division,Villarreal CF,Deportivo Alavés,1,1,1.2502933280687314,1.5112625524460466
2023-10-22T19:00:00Z,Primera Division,FC Barcelona,Athletic Club,1,0,1.6414246669159214,0.8275416017223937
2023-10-23T19:00:00Z,Primera Division,Valencia CF,Cádiz CF,2,0,2.3343330867157084,0.47893389154471505
2023-10-27T19:00:00Z,Primera Division,Girona FC,RC Celta de Vigo,1,0,1.689879545326653,0.0
2023-10-28T12:00:00Z,Primera Division,UD Almería,UD Las Palmas,1,2,1.5608769062553898,2.4544097853051885
2023-10-28T14:15:00Z,Primera Division,FC Barcelona,Real Madrid CF,1,2,1.0452767655008304,2.818043145601381
2023-10-28T16:30:00Z,Primera Division,RCD Mallorca,Getafe CF,0,0,0.9642515603990185,0.2318761942748857
2023-10-28T19:00:00Z,Primera Division,Cádiz CF,Sevilla FC,2,2,3.0387633019286566,2.3836105093277644
2023-10-29T13:00:00Z,Primera Division,Real Betis Balompié,CA Osasuna,2,1,2.3161633928546843,1.4471599489347065
2023-10-29T15:15:00Z,Primera Division,Rayo Vallecano de Madrid,Real Sociedad de Fútbol,2,2,2.3836895320192046,1.6301458360394556
2023-10-29T17:30:00Z,Primera Division,Athletic Club,Valencia CF,2,2,2.5857596172174713,3.001404272631243
2023-10-29T20:00:00Z,Primera Division,Club Atlético de Madrid,Deportivo Alavés,2,1,2.6003370369961076,1.2295872960308476
2023-10-30T20:00:00Z,Primera Division,Granada CF,Villarreal CF,2,3,2.697563281801849,3.6517206297418396
2023-11-03T20:00:00Z,Primera Division,UD Las Palmas,Club Atlético de Madrid,2,1,3.103061361629905,1.4739896591555373
2023-11-04T13:00:00Z,Primera Division,CA Osasuna,Girona FC,2,4,2.4469158317517854,4.877285716907808
2023-11-04T15:15:00Z,Primera Division,Real Betis Balompié,RCD Mallorca,2,0,2.260510826638464,0.6218168367284242
2023-11-04T17:30:00Z,Primera Division,RC Celta de Vigo,Sevilla FC,1,1,1.0862042315956417,1.4295227185437076
2023-11-04T20:00:00Z,Primera Division,Real Sociedad de Fútbol,FC Barcelona,0,1,0.2807209880174243,1.231945472244216
2023-11-05T13:00:00Z,Primera Division,Deportivo Alavés,UD Almería,1,0,1.4900619081378608,0.7393552104146417
2023-11-05T15:15:00Z,Primera Division,Valencia CF,Granada CF,1,0,2.038367359055336,0.0
2023-11-05T17:30:00Z,Primera Division,Villarreal CF,Athletic Club,2,3,2.3447166102891486,3.6937671260827676
2023-11-05T20:00:00Z,Primera Division,Real Madrid CF,Rayo Vallecano de Madrid,0,0,0.5671363854916696,0.17028657453353818
2023-11-06T20:00:00Z,Primera Division,Getafe CF,Cádiz CF,1,0,1.4950731311781744,0.875685098586992
2023-11-10T20:00:00Z,Primera Division,Athletic Club,RC Celta de Vigo,4,3,4.8565179820344255,3.5483898627988086
2023-11-11T13:00:00Z,Primera Division,Rayo Vallecano de Madrid,Girona FC,1,2,2.2580797277620865,2.6932371303550324
2023-11-11T15:15:00Z,Primera Division,UD Almería,Real Sociedad de Fútbol,1,3,1.340739368123904,3.5245966441474157
2023-11-11T17:30:00Z,Primera Division,CA Osasuna,UD Las Palmas,1,1,1.3531681672445335,0.974286871457701
2023-11-11T17:30:00Z,Primera Division,Granada CF,Getafe CF,1,1,1.8132482631207216,1.2417812509813984
2023-11-11T20:00:00Z,Primera Division,Real Madrid CF,Valencia CF,5,1,5.704567446887894,1.7017168012834147
2023-11-12T15:15:00Z,Primera Division,FC Barcelona,Deportivo Alavés,2,1,3.05401219772081,1.5499967452079533
2023-11-12T17:30:00Z,Primera Division,Sevilla FC,Real Betis Balompié,1,1,1.675178455597789,1.8542969715917015
2023-11-12T20:00:00Z,Primera Division,Club Atlético de Madrid,Villarreal CF,3,1,3.392212372763882,1.6209823689111515
2023-11-24T20:00:00Z,Primera Division,Deportivo Alavés,Granada CF,3,1,3.6771964492076927,1.209989432789202
2023-11-25T13:00:00Z,Primera Division,Rayo Vallecano de Madrid,FC Barcelona,1,1,1.8326110741748722,1.2611807586838097
2023-11-25T15:15:00Z,Primera Division,Valencia CF,RC Celta de Vigo,0,0,0.7461446543592092,0.5308752171569712
2023-11-25T17:30:00Z,Primera Division,Getafe CF,UD Almería,2,1,2.652182209332189,0.8057867801999684
2023-11-25T20:00:00Z,Primera Division,Club Atlético de Madrid,RCD Mallorca,1,0,1.8200024068767462,1.0020325656868954
2023-11-26T13:00:00Z,Primera Division,Villarreal CF,CA Osasuna,3,1,3.8507886771337017,1.6325240209132672
2023-11-26T15:15:00Z,Primera Division,Real Sociedad de Fútbol,Sevilla FC,2,1,2.914647697311258,1.8681103791146616
2023-11-26T17:30:00Z,Primera Division,Cádiz CF,Real Madrid CF,0,3,0.6946129662768927,3.025818817757249
2023-11-26T20:00:00Z,Primera Division,Real Betis Balompié,UD Las Palmas,1,0,1.4498645759049438,0.8733695481065766
2023-11-27T20:00:00Z,Primera Division,Girona FC,Athletic Club,1,1,1.544014105929997,2.1694496733083244
2023-11-29T20:00:00Z,Primera Division,RCD Mallorca,Cádiz CF,1,1,1.861952689952507,1.1037364933868048
2023-12-01T20:00:00Z,Primera Division,UD Las Palmas,Getafe CF,2,0,2.2549192987038293,0.73142053847113
2023-12-02T13:00:00Z,Primera Division,Girona FC,Valencia CF,2,1,2.6106019926618704,1.5003329834061878
2023-12-02T15:15:00Z,Primera Division,Athletic Club,Rayo Vallecano de Madrid,4,0,4.381998356301792,0.03666984552552677
2023-12-02T17:30:00Z,Primera Division,Real Madrid CF,Granada CF,2,0,2.508623446880445,0.6478651915555609
2023-12-02T20:00:00Z,Primera Division,CA Osasuna,Real Sociedad de Fútbol,1,1,1.8835355587821896,1.7500809614512045
2023-12-03T13:00:00Z,Primera Division,RCD Mallorca,Deportivo Alavés,0,0,0.557329720405971,0.3196620341993459
2023-12-03T15:15:00Z,Primera Division,UD Almería,Real Betis Balompié,0,0,0.5139309644468446,0.8497749560765668
2023-12-03T17:30:00Z,Primera Division,Sevilla FC,Villarreal CF,1,1,1.0920431577060241,0.9999709779632407
2023-12-03T20:00:00Z,Primera Division,FC Barcelona,Club Atlético de Madrid,1,0,1.723876069808166,0.05157315606510676
2023-12-04T20:00:00Z,Primera Division,RC Celta de Vigo,Cádiz CF,1,1,1.6936452543423226,1.5409792186766258
2023-12-08T20:00:00Z,Primera Division,Getafe CF,Valencia CF,1,0,2.148976416991638,0.5076155833916816
2023-12-09T13:00:00Z,Primera Division,Deportivo Alavés,UD Las Palmas,0,1,0.40766652951409976,1.2850279534727684
2023-12-09T15:15:00Z,Primera Division,Real Betis Balompié,Real Madrid CF,1,1,1.5657450982991816,1.7428783307915658
2023-12-09T17:30:00Z,Primera Division,Villarreal CF,Real Sociedad de Fútbol,0,3,0.5748151051132265,3.659268294264785
2023-12-09T20:00:00Z,Primera Division,RCD Mallorca,Sevilla FC,1,0,1.9732359839290423,0.7574417212802047
2023-12-10T13:00:00Z,Primera Division,Club Atlético de Madrid,UD Almería,2,1,2.471411340283914,1.4630590693943197
2023-12-10T17:30:00Z,Primera Division,Cádiz CF,CA Osasuna,1,1,1.5837064577311017,1.6807740803935023
2023-12-10T20:00:00Z,Primera Division,FC Barcelona,Girona FC,2,4,2.6823689529149615,4.366304909091002
2023-12-11T20:00:00Z,Primera Division,Granada CF,Athletic Club,1,1,1.5559827369469075,2.1161456070259788
2023-12-11T20:00:00Z,Primera Division,Rayo Vallecano de Madrid,RC Celta de Vigo,0,0,0.36606991563484154,0.25623626896340423
2023-12-15T20:00:00Z,Primera Division,CA Osasuna,Rayo Vallecano de Madrid,1,0,1.5582269978694923,1.1315892288374938
2023-12-16T13:00:00Z,Primera Division,RC Celta de Vigo,Granada CF,1,0,1.8220895249579316,0.5104663841268225
2023-12-16T15:15:00Z,Primera Division,Athletic Club,Club Atlético de Madrid,2,0,2.1920454101766818,0.08734673312937719
2023-12-16T17:30:00Z,Primera Division,Sevilla FC,Getafe CF,0,3,0.5398909022440628,3.9104238051465803
2023-12-16T20:00:00Z,Primera Division,Valencia CF,FC Barcelona,1,1,1.2899637555182482,1.5377704165184878
2023-12-17T13:00:00Z,Primera Division,UD Almería,RCD Mallorca,0,0,0.8585139886774527,0.7553372295140715
2023-12-17T15:15:00Z,Primera Division,Real Sociedad de Fútbol,Real Betis Balompié,0,0,0.043043928564867606,0.867156775562778
2023-12-17T17:30:00Z,Primera Division,UD Las Palmas,Cádiz CF,1,1,1.3323234458185236,1.6013866662435077
2023-12-17T20:00:00Z,Primera Division,Real Madrid CF,Villarreal CF,4,1,4.6131635625193566,1.3223277465561556
2023-12-18T20:00:00Z,Primera Division,Girona FC,Deportivo Alavés,3,0,3.969657208770302,0.7927140133007751
2023-12-19T18:00:00Z,Primera Division,Rayo Vallecano de Madrid,Valencia CF,0,1,0.48027492167810365,1.5002266522363787
2023-12-19T20:30:00Z,Primera Division,Club Atlético de Madrid,Getafe CF,3,3,3.3334401419920408,3.7057573455825255
2023-12-19T20:30:00Z,Primera Division,Granada CF,Sevilla FC,0,3,1.0643471208321769,2.853880827862562
2023-12-20T18:00:00Z,Primera Division,FC Barcelona,UD Almería,3,2,3.065595829875127,2.6340945151029556
2023-12-20T20:30:00Z,Primera Division,Athletic Club,UD Las Palmas,1,0,0.8403582130139754,0.30842425245649097
2023-12-20T20:30:00Z,Primera Division,Villarreal CF,RC Celta de Vigo,3,2,3.6320043350159996,2.995992891153559
2023-12-21T18:00:00Z,Primera Division,Real Betis Balompié,Girona FC,1,1,1.3493837326942166,1.6869262043667286
2023-12-21T18:00:00Z,Primera Division,Cádiz CF,Real Sociedad de Fútbol,0,0,0.19363015486078605,0.571957323754789
2023-12-21T20:30:00Z,Primera Division,Deportivo Alavés,Real Madrid CF,0,1,0.712506934189806,1.6458929980050665
2023-12-21T20:30:00Z,Primera Division,RCD Mallorca,CA Osasuna,3,2,3.5731402141313597,2.2004677441369846
2023-12-23T15:15:00Z,Primera Division,Club Atlético de Madrid,Sevilla FC,1,0,1.3307764107789815,0.9869770071584161
2024-01-02T16:00:00Z,Primera Division,Getafe CF,Rayo Vallecano de Madrid,0,2,0.1159086803987317,3.0974111255250714
2024-01-02T18:15:00Z,Primera Division,Real Sociedad de Fútbol,Deportivo Alavés,1,1,1.7617371984840433,1.6178740531644649
2024-01-02T20:30:00Z,Primera Division,Valencia CF,Villarreal CF,3,1,3.695060353387598,1.9771210705720916
2024-01-03T16:00:00Z,Primera Division,Granada CF,Cádiz CF,2,0,2.4702472408661853,0.32925554039823984
2024-01-03T18:15:00Z,Primera Division,RC Celta de Vigo,Real Betis Balompié,2,1,3.0539910988142998,1.2608659301325058
2024-01-03T18:15:00Z,Primera Division,Real Madrid CF,RCD Mallorca,1,0,1.1789745701021541,0.5122774246186769
2024-01-03T20:30:00Z,Primera Division,Girona FC,Club Atlético de Madrid,4,3,4.042342448722579,3.6304823115103697
2024-01-04T16:00:00Z,Primera Division,CA Osasuna,UD Almería,1,0,1.2924275790356266,0.3818039956270639
2024-01-04T18:15:00Z,Primera Division,Sevilla FC,Athletic Club,0,2,0.4863241950933507,2.6613304571105454
2024-01-04T20:30:00Z,Primera Division,UD Las Palmas,FC Barcelona,1,2,1.5730018347968076,2.591916844622024
2024-01-12T20:00:00Z,Primera Division,Sevilla FC,Deportivo Alavés,2,3,2.427629182643101,3.2005079674126833
2024-01-13T13:00:00Z,Primera Division,UD Las Palmas,Villarreal CF,3,0,3.605616618954289,0.6556379052355163
2024-01-13T15:15:00Z,Primera Division,RCD Mallorca,RC Celta de Vigo,1,1,1.1245381727428667,1.7590584727564562
2024-01-13T17:30:00Z,Primera Division,Athletic Club,Real Sociedad de Fútbol,2,1,2.9331293812219776,1.5514407952771174
2024-01-13T20:00:00Z,Primera Division,Real Betis Balompié,Granada CF,1,0,1.4753546464822294,0.8457944309785077
2024-01-14T13:00:00Z,Primera Division,UD Almería,Girona FC,0,0,0.8351887494764383,0.13477886195091443
2024-01-14T15:15:00Z,Primera Division,Cádiz CF,Valencia CF,1,4,1.6028176039133113,4.640385126639556
2024-01-19T20:00:00Z,Primera Division,Deportivo Alavés,Cádiz CF,1,0,1.6370259657461352,0.14891578808096756
2024-01-20T13:00:00Z,Primera Division,Rayo Vallecano de Madrid,UD Las Palmas,0,2,0.6709301840696612,2.165775592530074
2024-01-20T15:15:00Z,Primera Division,Villarreal CF,RCD Mallorca,1,1,1.6343125680051944,1.310720749878663
2024-01-20T17:30:00Z,Primera Division,Valencia CF,Athletic Club,1,0,1.6928168279602631,0.21738194492772656
2024-01-20T20:00:00Z,Primera Division,RC Celta de Vigo,Real Sociedad de Fútbol,0,1,0.8987457590397294,1.3356012543776585
2024-01-21T13:00:00Z,Primera Division,CA Osasuna,Getafe CF,3,2,3.558956350910441,2.4357549067866433
2024-01-21T15:15:00Z,Primera Division,Real Madrid CF,UD Almería,3,2,3.7127011272765538,2.751146345899415
2024-01-21T17:30:00Z,Primera Division,Real Betis Balompié,FC Barcelona,2,4,2.473079291713832,4.403652288388289
2024-01-21T20:00:00Z,Primera Division,Girona FC,Sevilla FC,5,1,5.932035164634842,1.0243122879691222
2024-01-22T20:00:00Z,Primera Division,Granada CF,Club Atlético de Madrid,0,1,0.29708230938221913,1.842020353948548
2024-01-26T20:00:00Z,Primera Division,UD Almería,Deportivo Alavés,0,3,1.0402821298732445,3.248872959915488
2024-01-27T13:00:00Z,Primera Division,Real Sociedad de Fútbol,Rayo Vallecano de Madrid,0,0,0.487952614806697,0.48238387186861137
2024-01-27T15:15:00Z,Primera Division,UD Las Palmas,Real Madrid CF,1,2,1.0707674693645854,2.6339609520822136
2024-01-27T17:30:00Z,Primera Division,FC Barcelona,Villarreal CF,3,5,3.538431324473237,5.559883125520835
2024-01-27T20:00:00Z,Primera Division,RCD Mallorca,Real Betis Balompié,0,1,0.29568450275753577,1.8282538642564425
2024-01-28T13:00:00Z,Primera Division,RC Celta de Vigo,Girona FC,0,1,0.7521930646966173,1.6437009430178278
2024-01-28T15:15:00Z,Primera Division,Cádiz CF,Athletic Club,0,0,0.3042128062092827,0.2416071260908676
2024-01-28T17:30:00Z,Primera Division,Sevilla FC,CA Osasuna,1,1,1.3661449700355661,2.1535686521974986
2024-01-28T20:00:00Z,Primera Division,Club Atlético de Madrid,Valencia CF,2,0,1.9331377807163408,0.55830003900147
2024-01-29T20:00:00Z,Primera Division,Getafe CF,Granada CF,2,0,2.364308104225277,0.4557979320135481
2024-01-31T18:00:00Z,Primera Division,FC Barcelona,CA Osasuna,1,0,0.772836202011313,0.7891776269166713
2024-01-31T20:00:00Z,Primera Division,Club Atlético de Madrid,Rayo Vallecano de Madrid,2,1,2.024829152954283,1.5748352837790218
2024-02-01T20:00:00Z,Primera Division,Getafe CF,Real Madrid CF,0,2,0.7281243968432892,2.619768457881798
2024-02-02T20:00:00Z,Primera Division,Athletic Club,RCD Mallorca,4,0,4.735740047595249,1.247655199580206
2024-02-03T13:00:00Z,Primera Division,Valencia CF,UD Almería,2,1,2.6276372685354894,1.417463571523486
2024-02-03T15:15:00Z,Primera Division,Granada CF,UD Las Palmas,1,1,1.209907157061236,1.4046717317947812
2024-02-03T17:30:00Z,Primera Division,Deportivo Alavés,FC Barcelona,1,3,1.4856865931574061,3.534973553603739
2024-02-03T20:00:00Z,Primera Division,Girona FC,Real Sociedad de Fútbol,0,0,0.49891923827282947,0.8214547806743115
2024-02-04T13:00:00Z,Primera Division,Villarreal CF,Cádiz CF,0,0,0.15249059324223718,0.0480397909428803
2024-02-04T15:15:00Z,Primera Division,CA Osasuna,RC Celta de Vigo,0,3,0.9510194905301452,2.9103332325570483
2024-02-04T17:30:00Z,Primera Division,Real Betis Balompié,Getafe CF,1,1,1.7632086871727015,1.3238654188139556
2024-02-04T20:00:00Z,Primera Division,Real Madrid CF,Club Atlético de Madrid,1,1,1.4337107478511009,1.0098231122822139
2024-02-05T20:00:00Z,Primera Division,Rayo Vallecano de Madrid,Sevilla FC,1,2,1.5080657516983593,2.3725505957423083
2024-02-09T20:00:00Z,Primera Division,Cádiz CF,Real Betis Balompié,0,2,0.5625148423842657,2.650749908838787
2024-02-10T13:00:00Z,Primera Division,Deportivo Alavés,Villarreal CF,1,1,0.8874795394727129,1.232775340934321
2024-02-10T15:15:00Z,Primera Division,Real Sociedad de Fútbol,CA Osasuna,0,1,0.4258467852438209,1.0719520269655973
2024-02-10T17:30:00Z,Primera Division,Real Madrid CF,Girona FC,4,0,4.29540472560066,0.5208011485146044
2024-02-10T20:00:00Z,Primera Division,UD Las Palmas,Valencia CF,2,0,2.1995139970315254,0.7587630453845511
2024-02-11T13:00:00Z,Primera Division,Getafe CF,RC Celta de Vigo,3,2,3.415669912134214,1.991507968445016
2024-02-11T15:15:00Z,Primera Division,RCD Mallorca,Rayo Vallecano de Madrid,2,1,3.0393059580548565,1.7460697194917953
2024-02-11T17:30:00Z,Primera Division,Sevilla FC,Club Atlético de Madrid,1,0,1.6922528583801029,0.7451918611214978
2024-02-11T20:00:00Z,Primera Division,FC Barcelona,Granada CF,3,3,3.328646303065161,3.7862255306469885
2024-02-12T20:00:00Z,Primera Division,UD Almería,Athletic Club,0,0,0.6717748344068476,0.865544064461506
2024-02-16T20:00:00Z,Primera Division,Villarreal CF,Getafe CF,1,1,1.9198066309758006,2.160604177397885
2024-02-17T13:00:00Z,Primera Division,Club Atlético de Madrid,UD Las Palmas,5,0,5.777390104873831,0.39317238541428345
2024-02-17T15:15:00Z,Primera Division,CA Osasuna,Cádiz CF,2,0,2.517889110976052,0.5328714740233574
2024-02-17T17:30:00Z,Primera Division,RC Celta de Vigo,FC Barcelona,1,2,1.3059189666883277,2.3750684700255924
2024-02-17T20:00:00Z,Primera Division,Valencia CF,Sevilla FC,0,0,0.709466994084077,0.5005930534267432
2024-02-18T13:00:00Z,Primera Division,Rayo Vallecano de Madrid,Real Madrid CF,1,1,1.6180456156265248,1.9598620066908936
2024-02-18T15:15:00Z,Primera Division,Granada CF,UD Almería,1,1,1.7685579660083197,1.0964956548207994
2024-02-18T17:30:00Z,Primera Division,RCD Mallorca,Real Sociedad de Fútbol,1,2,1.690551540504591,2.2416850983503274
2024-02-18T20:00:00Z,Primera Division,Real Betis Balompié,Deportivo Alavés,0,0,0.8148658145958005,0.9131542809513684
2024-02-19T20:00:00Z,Primera Division,Athletic Club,Girona FC,3,2,3.3394294365318298,2.806010952070627
2024-02-23T20:00:00Z,Primera Division,Real Sociedad de Fútbol,Villarreal CF,1,3,1.8952182196902978,3.3910605059548766
2024-02-24T15:15:00Z,Primera Division,FC Barcelona,Getafe CF,4,0,4.55927988140772,0.756320600336216
2024-02-24T17:30:00Z,Primera Division,Deportivo Alavés,RCD Mallorca,1,1,2.1225782617875795,1.60236475274761
2024-02-24T20:00:00Z,Primera Division,UD Almería,Club Atlético de Madrid,2,2,2.2932436545731294,2.9500823827002964
2024-02-25T13:00:00Z,Primera Division,Cádiz CF,RC Celta de Vigo,2,2,3.020789140949575,2.5223528781480318
2024-02-25T15:15:00Z,Primera Division,Real Betis Balompié,Athletic Club,3,1,3.5593732350387945,1.8076896341617747
2024-02-25T17:30:00Z,Primera Division,UD Las Palmas,CA Osasuna,1,1,1.3045745989156656,2.292603573147786
2024-02-25T20:00:00Z,Primera Division,Real Madrid CF,Sevilla FC,1,0,1.3548342497837036,0.6794297465142398
2024-02-26T20:00:00Z,Primera Division,Girona FC,Rayo Vallecano de Madrid,3,0,3.403895807541704,0.5147984497384531
2024-03-01T20:00:00Z,Primera Division,RC Celta de Vigo,UD Almería,1,0,1.627249783920575,0.7167340955662937
2024-03-02T13:00:00Z,Primera Division,Sevilla FC,Real Sociedad de Fútbol,3,2,3.65685064641065,2.3904157425388344
2024-03-02T15:15:00Z,Primera Division,Rayo Vallecano de Madrid,Cádiz CF,1,1,1.3278899988184263,2.2163903116574195
2024-03-02T17:30:00Z,Primera Division,Getafe CF,UD Las Palmas,3,3,3.4926936223217053,3.5540213113087944
2024-03-02T20:00:00Z,Primera Division,Valencia CF,Real Madrid CF,2,2,3.142681107583559,2.418120003932346
2024-03-03T13:00:00Z,Primera Division,Villarreal CF,Granada CF,5,1,6.018262951030213,1.2492932984939893
2024-03-03T15:15:00Z,Primera Division,Club Atlético de Madrid,Real Betis Balompié,2,1,2.6308971009022097,1.8291660574819315
2024-03-03T17:30:00Z,Primera Division,RCD Mallorca,Girona FC,1,0,1.5114010434504601,0.7601562238483217
2024-03-03T20:00:00Z,Primera Division,Athletic Club,FC Barcelona,0,0,0.5360093980154784,0.35079368857577203
2024-03-04T20:00:00Z,Primera Division,CA Osasuna,Deportivo Alavés,1,0,1.684055391819125,0.6729354035367268
2024-03-08T20:00:00Z,Primera Division,FC Barcelona,RCD Mallorca,1,0,1.1931622304404783,0.047433209536143106
2024-03-09T13:00:00Z,Primera Division,Valencia CF,Getafe CF,1,0,1.4227870387729964,0.5554911725219469
2024-03-09T15:15:00Z,Primera Division,Cádiz CF,Club Atlético de Madrid,2,0,1.9994247778367233,0.6358269056230084
2024-03-09T17:30:00Z,Primera Division,Granada CF,Real Sociedad de Fútbol,2,3,2.6197669367815837,4.012198942867767
2024-03-09T20:00:00Z,Primera Division,Girona FC,CA Osasuna,2,0,2.694158781910822,0.2687543591813932
2024-03-10T13:00:00Z,Primera Division,Deportivo Alavés,Rayo Vallecano de Madrid,1,0,1.355044061310188,0.11649421135930271
2024-03-10T15:15:00Z,Primera Division,UD Las Palmas,Athletic Club,0,2,0.9721960289870099,2.2313716117224875
2024-03-10T17:30:00Z,Primera Division,Real Madrid CF,RC Celta de Vigo,4,0,4.132270301099298,0.09902944990552404
2024-03-10T20:00:00Z,Primera Division,Real Betis Balompié,Villarreal CF,2,3,2.060687535937054,3.900997207327695
2024-03-11T20:00:00Z,Primera Division,UD Almería,Sevilla FC,2,2,2.5673355455679916,2.964591788507211
2024-03-15T20:00:00Z,Primera Division,Real Sociedad de Fútbol,Cádiz CF,2,0,2.814129490783646,0.5960649733846487
2024-03-16T13:00:00Z,Primera Division,RCD Mallorca,Granada CF,1,0,2.005178307437361,0.8663884837055444
2024-03-16T15:15:00Z,Primera Division,CA Osasuna,Real Madrid CF,2,4,2.3623347211393178,4.540187514174071
2024-03-16T17:30:00Z,Primera Division,Getafe CF,Girona FC,1,0,1.8236042500293888,0.4714665056897702
2024-03-16T20:00:00Z,Primera Division,Athletic Club,Deportivo Alavés,2,0,2.488447459149788,0.4000887142838715
2024-03-17T13:00:00Z,Primera Division,Sevilla FC,RC Celta de Vigo,1,2,1.4482118100177541,2.4068827025867305
2024-03-17T15:15:00Z,Primera Division,Villarreal CF,Valencia CF,1,0,1.7650979812460017,0.03565953310729064
2024-03-17T15:15:00Z,Primera Division,UD Las Palmas,UD Almería,0,1,0.6956968635240259,1.5792764290822017
2024-03-17T17:30:00Z,Primera Division,Rayo Vallecano de Madrid,Real Betis Balompié,2,0,2.027082352904725,0.4878998269357869
2024-03-17T20:00:00Z,Primera Division,Club Atlético de Madrid,FC Barcelona,0,3,0.9429621049177688,3.723608217223363
2024-03-29T20:00:00Z,Primera Division,Cádiz CF,Granada CF,1,0,1.9140274062442355,0.5280570489315829
2024-03-30T13:00:00Z,Primera Division,Getafe CF,Sevilla FC,0,1,0.3123311895471412,1.4511888895292726
2024-03-30T15:15:00Z,Primera Division,UD Almería,CA Osasuna,0,3,0.6187410600312226,3.2386420909977107
2024-03-30T17:30:00Z,Primera Division,Valencia CF,RCD Mallorca,0,0,0.6482090558848217,0.5216459710465284
2024-03-30T20:00:00Z,Primera Division,FC Barcelona,UD Las Palmas,1,0,1.5782021297471722,0.7214711692448486
2024-03-31T12:00:00Z,Primera Division,RC Celta de Vigo,Rayo Vallecano de Madrid,0,0,0.33490845384637397,0.15699830267484177
2024-03-31T14:15:00Z,Primera Division,Girona FC,Real Betis Balompié,3,2,3.2985129896185845,2.5262421261042216
2024-03-31T16:30:00Z,Primera Division,Deportivo Alavés,Real Sociedad de Fútbol,0,1,0.4923337787025664,1.5699128854588453
2024-03-31T19:00:00Z,Primera Division,Real Madrid CF,Athletic Club,2,0,2.8518187057778093,0.2845805649145207
2024-04-01T19:00:00Z,Primera Division,Villarreal CF,Club Atlético de Madrid,1,2,1.6630800463783297,2.3236431085276
2024-04-04T18:00:00Z,Primera Division,Granada CF,Valencia CF,0,1,0.38881570037416824,1.5691832546298643
2024-04-12T19:00:00Z,Primera Division,Real Betis Balompié,RC Celta de Vigo,2,1,2.731509613194503,1.159973694512213
2024-04-13T12:00:00Z,Primera Division,Club Atlético de Madrid,Girona FC,3,1,2.645437213810977,1.6049771145748177
2024-04-13T14:15:00Z,Primera Division,Rayo Vallecano de Madrid,Getafe CF,0,0,0.844629710111631,0.23139368790224002
2024-04-13T16:30:00Z,Primera Division,RCD Mallorca,Real Madrid CF,0,1,0.0,1.818856107909965
2024-04-13T19:00:00Z,Primera Division,Cádiz CF,FC Barcelona,0,1,0.39126771757906037,2.20134832361649
2024-04-14T12:00:00Z,Primera Division,UD Las Palmas,Sevilla FC,0,2,0.16409903161215683,2.241772959489454
2024-04-14T14:15:00Z,Primera Division,Granada CF,Deportivo Alavés,2,0,2.1115955572837284,0.6602623587124024
2024-04-14T16:30:00Z,Primera Division,Athletic Club,Villarreal CF,1,1,1.8482480362135558,1.2819774285353942
2024-04-14T19:00:00Z,Primera Division,Real Sociedad de Fútbol,UD Almería,2,2,2.3596896396064326,2.812286252139337
2024-04-15T19:00:00Z,Primera Division,CA Osasuna,Valencia CF,0,1,0.6039511645192147,1.1204224772744356
2024-04-19T19:00:00Z,Primera Division,Athletic Club,Granada CF,1,1,1.4859238263362449,1.6441760275283137
2024-04-20T12:00:00Z,Primera Division,RC Celta de Vigo,UD Las Palmas,4,1,4.643112248166936,1.2381033099331942
2024-04-20T14:15:00Z,Primera Division,Rayo Vallecano de Madrid,CA Osasuna,2,1,2.523046567318077,1.4379046232704895
2024-04-20T16:30:00Z,Primera Division,Valencia CF,Real Betis Balompié,1,2,1.115102332743429,2.190692417455808
2024-04-20T19:00:00Z,Primera Division,Girona FC,Cádiz CF,4,1,4.798880045834142,1.746705141268726
2024-04-21T12:00:00Z,Primera Division,Getafe CF,Real Sociedad de Fútbol,1,1,1.3518730250516062,1.2489058936681239
2024-04-21T14:15:00Z,Primera Division,UD Almería,Villarreal CF,1,2,1.0330254304020747,2.6655892777995485
2024-04-21T16:30:00Z,Primera Division,Deportivo Alavés,Club Atlético de Madrid,2,0,2.371565451710226,0.3967705915213001
2024-04-21T19:00:00Z,Primera Division,Real Madrid CF,FC Barcelona,3,2,3.9502279371902933,2.4656582884603413
2024-04-22T19:00:00Z,Primera Division,Sevilla FC,RCD Mallorca,2,1,2.755066522634048,1.5443267722200384
2024-04-26T19:00:00Z,Primera Division,Real Sociedad de Fútbol,Real Madrid CF,0,1,0.39540435967764226,1.2714525985023455
2024-04-27T12:00:00Z,Primera Division,UD Las Palmas,Girona FC,0,2,0.39522268870447136,2.563110134062266
2024-04-27T14:15:00Z,Primera Division,UD Almería,Getafe CF,1,3,1.4035094846347853,3.9591003693063236
2024-04-27T16:30:00Z,Primera Division,Deportivo Alavés,RC Celta de Vigo,3,0,4.123024395068253,0.2665715642501857
2024-04-27T19:00:00Z,Primera Division,Club Atlético de Madrid,Athletic Club,3,1,3.614580635669466,1.8515430429821533
2024-04-28T12:00:00Z,Primera Division,Cádiz CF,RCD Mallorca,1,1,1.6290124941573207,1.9494292900463353
2024-04-28T14:15:00Z,Primera Division,Granada CF,CA Osasuna,3,0,3.8090850362095527,0.2551535032915868
2024-04-28T16:30:00Z,Primera Division,Villarreal CF,Rayo Vallecano de Madrid,3,0,3.571636747707954,0.0634836184728344
2024-04-28T19:00:00Z,Primera Division,Real Betis Balompié,Sevilla FC,1,1,1.422287356253789,1.5905882700515295
2024-04-29T19:00:00Z,Primera Division,FC Barcelona,Valencia CF,4,2,4.441095045274507,2.3357777431699382
2024-05-03T19:00:00Z,Primera Division,Getafe CF,Athletic Club,0,2,0.4785196221757808,3.0605809657489007
2024-05-04T12:00:00Z,Primera Division,Real Sociedad de Fútbol,UD Las Palmas,2,0,2.4888333290470475,0.5104422621499497
2024-05-04T14:15:00Z,Primera Division,Real Madrid CF,Cádiz CF,3,0,3.718288863091094,0.2593401775894463
2024-05-04T16:30:00Z,Primera Division,Girona FC,FC Barcelona,4,2,4.51558376574219,2.1558521466964864
2024-05-04T19:00:00Z,Primera Division,RCD Mallorca,Club Atlético de Madrid,0,1,0.7197920231646737,1.8269714877272492
2024-05-05T12:00:00Z,Primera Division,CA Osasuna,Real Betis Balompié,0,2,0.4757850259674253,2.328644807774744
2024-05-05T14:15:00Z,Primera Division,RC Celta de Vigo,Villarreal CF,3,2,3.523590557094827,2.5131486398381284
2024-05-05T16:30:00Z,Primera Division,Valencia CF,Deportivo Alavés,0,1,0.0,1.7867408235337443
2024-05-05T19:00:00Z,Primera Division,Sevilla FC,Granada CF,3,0,3.7748983024107443,0.35472249442075093
2024-05-05T19:00:00Z,Primera Division,Rayo Vallecano de Madrid,UD Almería,0,1,0.6039465427693979,1.4862213513779519
2024-05-10T19:00:00Z,Primera Division,Deportivo Alavés,Girona FC,2,2,2.799403032957896,2.4950294770532437
2024-05-11T12:00:00Z,Primera Division,RCD Mallorca,UD Las Palmas,1,0,0.6311233865418933,0.7049973534548275
2024-05-11T14:15:00Z,Primera Division,Villarreal CF,Sevilla FC,3,2,4.126512411434218,2.6772233006530977
2024-05-11T16:30:00Z,Primera Division,Granada CF,Real Madrid CF,0,4,0.45812311155344787,4.433965880623552
2024-05-11T19:00:00Z,Primera Division,Athletic Club,CA Osasuna,2,2,2.832454845021255,2.5190947184489554
2024-05-12T12:00:00Z,Primera Division,Cádiz CF,Getafe CF,1,0,1.1880282218623408,0.3884662965429535
2024-05-12T14:15:00Z,Primera Division,Club Atlético de Madrid,RC Celta de Vigo,1,0,1.683832171518771,0.056716277924166614
2024-05-12T16:30:00Z,Primera Division,Valencia CF,Rayo Vallecano de Madrid,0,0,0.18397533104790315,0.5772802572194388
2024-05-12T19:00:00Z,Primera Division,Real Betis Balompié,UD Almería,3,2,3.3128693117912587,3.0676575282499203
2024-05-13T19:00:00Z,Primera Division,FC Barcelona,Real Sociedad de Fútbol,2,0,3.074209406160036,0.23488425779268118
2024-05-14T17:30:00Z,Primera Division,CA Osasuna,RCD Mallorca,1,1,1.442795279770996,1.268091087119189
2024-05-14T19:30:00Z,Primera Division,Real Madrid CF,Deportivo Alavés,5,0,5.565229861953917,0.2387816685068776
2024-05-14T20:00:00Z,Primera Division,Girona FC,Villarreal CF,0,1,0.7610203192066263,1.7173775336169368
2024-05-15T17:30:00Z,Primera Division,Sevilla FC,Cádiz CF,0,1,0.6487045663917814,1.634545636258932
2024-05-15T17:30:00Z,Primera Division,Rayo Vallecano de Madrid,Granada CF,2,1,2.545125671543073,1.452438692275063
2024-05-15T20:00:00Z,Primera Division,RC Celta de Vigo,Athletic Club,2,1,2.6094883007398675,1.2245942815083106
2024-05-15T20:00:00Z,Primera Division,Getafe CF,Club Atlético de Madrid,0,3,1.2210246755714826,3.5277130374919774
2024-05-16T17:30:00Z,Primera Division,UD Las Palmas,Real Betis Balompié,2,2,2.4827143608899243,2.0306133617992588
2024-05-16T19:30:00Z,Primera Division,UD Almería,FC Barcelona,0,2,0.5603297140144903,2.5430279700572482
2024-05-16T20:00:00Z,Primera Division,Real Sociedad de Fútbol,Valencia CF,1,0,1.8151963188022835,0.7614573158263802
2024-05-18T19:00:00Z,Primera Division,Deportivo Alavés,Getafe CF,1,0,1.8316577798873952,0.12464025900989667
2024-05-19T17:00:00Z,Primera Division,Athletic Club,Sevilla FC,2,0,2.856109091668114,0.04024451695110093
2024-05-19T17:00:00Z,Primera Division,Club Atlético de Madrid,CA Osasuna,1,4,1.6916190666087554,4.973831367508458
2024-05-19T17:00:00Z,Primera Division,Real Betis Balompié,Real Sociedad de Fútbol,0,2,0.15709852618085496,2.3164721081486244
2024-05-19T17:00:00Z,Primera Division,FC Barcelona,Rayo Vallecano de Madrid,3,0,3.9900294596903287,0.8407843537831465
2024-05-19T17:00:00Z,Primera Division,Cádiz CF,UD Las Palmas,0,0,0.15609638209439364,0.45380070044065046
2024-05-19T17:00:00Z,Primera Division,Granada CF,RC Celta de Vigo,1,2,1.59079063957171,2.4514135549176017
2024-05-19T17:00:00Z,Primera Division,Valencia CF,Girona FC,1,3,1.2737172449941927,3.6315238098489937
2024-05-19T17:00:00Z,Primera Division,Villarreal CF,Real Madrid CF,4,4,4.480758496022102,4.234800342976068
2024-05-19T17:00:00Z,Primera Division,RCD Mallorca,UD Almería,2,2,2.598628723091044,2.539749143048694
2024-05-24T19:00:00Z,Primera Division,Girona FC,Granada CF,7,0,7.596407164635082,0.3855531755527722
2024-05-25T12:00:00Z,Primera Division,CA Osasuna,Villarreal CF,1,1,1.6265762262705854,1.1038519669784905
2024-05-25T14:15:00Z,Primera Division,Real Sociedad de Fútbol,Club Atlético de Madrid,0,2,0.9841133807175941,2.6012446224179198
2024-05-25T16:30:00Z,Primera Division,Rayo Vallecano de Madrid,Athletic Club,0,1,0.6360602904541939,1.421007657936625
2024-05-25T16:30:00Z,Primera Division,UD Almería,Cádiz CF,6,1,6.426753009412805,1.4528925514665878
2024-05-25T19:00:00Z,Primera Division,Real Madrid CF,Real Betis Balompié,0,0,0.7892261504865072,0.13695171697575265
2024-05-26T12:00:00Z,Primera Division,Getafe CF,RCD Mallorca,1,2,1.8568411466773922,2.977420110328841
2024-05-26T14:15:00Z,Primera Division,RC Celta de Vigo,Valencia CF,2,2,2.1317176554589023,2.763014255915835
2024-05-26T14:15:00Z,Primera Division,UD Las Palmas,Deportivo Alavés,1,1,1.6792200209549573,1.7892467652515935
2024-05-26T19:00:00Z,Primera Division,Sevilla FC,FC Barcelona,1,2,1.7103518226932695,2.4083665892674953
2024-08-15T17:00:00Z,Primera Division,Athletic Club,Getafe CF,1,1,1.4107309489920024,0.981245133148974
2024-08-15T19:30:00Z,Primera Division,Real Betis Balompié,Girona FC,1,1,1.9127120439934857,2.0858752147468533
2024-08-16T17:00:00Z,Primera Division,RC Celta de Vigo,Deportivo Alavés,2,1,2.454983323890242,1.4816707475982396
2024-08-16T19:30:00Z,Primera Division,UD Las Palmas,Sevilla FC,2,2,2.5376729360414627,2.2753600611939837
2024-08-17T17:00:00Z,Primera Division,CA Osasuna,CD Leganés,1,1,1.4480784527148391,1.625040472344934
2024-08-17T19:30:00Z,Primera Division,Valencia CF,FC Barcelona,1,2,1.5046737142744404,2.8501362364009895
2024-08-18T17:00:00Z,Primera Division,Real Sociedad de Fútbol,Rayo Vallecano de Madrid,1,2,1.1711174739314394,2.4930848331743602
2024-08-18T19:30:00Z,Primera Division,RCD Mallorca,Real Madrid CF,1,1,1.0679847352217118,1.8835725503818124
2024-08-19T17:00:00Z,Primera Division,Real Valladolid CF,RCD Espanyol de Barcelona,1,0,1.9783515189674916,0.8248999815550606
2024-08-19T19:30:00Z,Primera Division,Villarreal CF,Club Atlético de Madrid,2,2,2.2459115955045017,2.1770856437793826
2024-08-23T17:00:00Z,Primera Division,RC Celta de Vigo,Valencia CF,3,1,3.2025822951631078,1.297862968302157
2024-08-23T19:30:00Z,Primera Division,Sevilla FC,Villarreal CF,1,2,0.8539829659188856,2.78726114898393
2024-08-24T15:00:00Z,Primera Division,CA Osasuna,RCD Mallorca,1,0,1.3083114756931493,0.0
2024-08-24T17:00:00Z,Primera Division,FC Barcelona,Athletic Club,2,1,2.1030730619777507,1.4551632920505033
2024-08-24T19:30:00Z,Primera Division,Getafe CF,Rayo Vallecano de Madrid,0,0,0.9926045480409107,0.07075063951259847
2024-08-24T19:30:00Z,Primera Division,RCD Espanyol de Barcelona,Real Sociedad de Fútbol,0,1,0.8029451268027903,1.3570338595699427
2024-08-25T15:00:00Z,Primera Division,Real Madrid CF,Real Valladolid CF,3,0,3.293554896446683,0.41035397329123874
2024-08-25T17:00:00Z,Primera Division,CD Leganés,UD Las Palmas,2,1,3.1757307416032927,1.3925266866277477
2024-08-25T17:15:00Z,Primera Division,Deportivo Alavés,Real Betis Balompié,0,0,0.7945296460974782,0.33432162436621743
2024-08-25T19:30:00Z,Primera Division,Club Atlético de Madrid,Girona FC,3,0,3.4025505849474134,0.17085690511135582
2024-08-26T19:30:00Z,Primera Division,Villarreal CF,RC Celta de Vigo,4,3,3.750178285537928,4.187573380045606
2024-08-27T17:00:00Z,Primera Division,RCD Mallorca,Sevilla FC,0,0,1.1872827717772225,1.0602386012484053
2024-08-27T19:30:00Z,Primera Division,Rayo Vallecano de Madrid,FC Barcelona,1,2,1.083128259970921,2.151380253923115
2024-08-28T17:00:00Z,Primera Division,Athletic Club,Valencia CF,1,0,1.0063803759129324,0.9746350253910702
2024-08-28T17:00:00Z,Primera Division,Real Valladolid CF,CD Leganés,0,0,0.8067711296028921,0.38016035285814415
2024-08-28T19:30:00Z,Primera Division,Real Sociedad de Fútbol,Deportivo Alavés,1,2,2.231925721901782,2.538756241999513
2024-08-28T19:30:00Z,Primera Division,Club Atlético de Madrid,RCD Espanyol de Barcelona,0,0,0.9152818455531555,0.48101781203092525
2024-08-29T17:00:00Z,Primera Division,Girona FC,CA Osasuna,4,0,4.669172736015708,0.30207540762381024
2024-08-29T19:30:00Z,Primera Division,UD Las Palmas,Real Madrid CF,1,1,1.6784263024995858,1.7951557030818441
2024-08-31T15:00:00Z,Primera Division,FC Barcelona,Real Valladolid CF,7,0,7.756024667634092,0.5377659591729973
2024-08-31T17:00:00Z,Primera Division,Athletic Club,Club Atlético de Madrid,0,1,0.7276785769360296,1.3570345730342277
2024-08-31T17:15:00Z,Primera Division,RCD Espanyol de Barcelona,Rayo Vallecano de Madrid,2,1,2.5843574271908127,1.1086231668598583
2024-08-31T19:30:00Z,Primera Division,CD Leganés,RCD Mallorca,0,1,0.5312603311855628,1.231921495884264
2024-08-31T19:30:00Z,Primera Division,Valencia CF,Villarreal CF,1,1,1.4812220616301432,1.0075859653193708
2024-09-01T15:00:00Z,Primera Division,CA Osasuna,RC Celta de Vigo,3,2,3.273810623339997,2.5036670645245507
2024-09-01T15:00:00Z,Primera Division,Deportivo Alavés,UD Las Palmas,2,0,2.415797476939968,0.14100032231468124
2024-09-01T17:00:00Z,Primera Division,Sevilla FC,Girona FC,0,2,0.0,2.4203318462444376
2024-09-01T17:15:00Z,Primera Division,Getafe CF,Real Sociedad de Fútbol,0,0,0.47049811196157504,0.9110305560831112
2024-09-01T19:30:00Z,Primera Division,Real Madrid CF,Real Betis Balompié,2,0,2.2034226678547246,0.8597898718764756
2024-09-13T19:00:00Z,Primera Division,Real Betis Balompié,CD Leganés,2,0,2.1689232048352687,0.49031693176921465
2024-09-14T12:00:00Z,Primera Division,RCD Mallorca,Villarreal CF,1,2,1.5539682453460435,2.473874582157055
2024-09-14T14:15:00Z,Primera Division,RCD Espanyol de Barcelona,Deportivo Alavés,3,2,3.9176006859033796,3.0639623648263026
2024-09-14T16:30:00Z,Primera Division,Sevilla FC,Getafe CF,1,0,1.7754949818006938,0.6562268361076133
2024-09-14T19:00:00Z,Primera Division,Real Sociedad de Fútbol,Real Madrid CF,0,2,0.028849818913046943,2.4016580620370434
2024-09-15T12:00:00Z,Primera Division,RC Celta de Vigo,Real Valladolid CF,3,1,3.2031115590288985,1.0721945648638644
2024-09-15T14:15:00Z,Primera Division,Girona FC,FC Barcelona,1,4,1.7822313563964647,4.618161965449423
2024-09-15T16:30:00Z,Primera Division,UD Las Palmas,Athletic Club,2,3,2.205253781938507,3.7487971317748587
2024-09-15T19:00:00Z,Primera Division,Club Atlético de Madrid,Valencia CF,3,0,3.4326100550008927,0.3105045426459068
2024-09-16T19:00:00Z,Primera Division,Rayo Vallecano de Madrid,CA Osasuna,3,1,3.6650156297073657,1.5873608265414099
2024-09-17T17:00:00Z,Primera Division,RCD Mallorca,Real Sociedad de Fútbol,1,0,1.2094966635409095,0.3909280115254913
2024-09-18T17:00:00Z,Primera Division,Real Betis Balompié,Getafe CF,2,1,2.531612651843788,1.4447902802402992
2024-09-19T17:00:00Z,Primera Division,CD Leganés,Athletic Club,0,2,0.09979235152453869,1.7536533827313008
2024-09-20T19:00:00Z,Primera Division,Deportivo Alavés,Sevilla FC,2,1,2.319589706814636,1.4334655788851594
2024-09-21T12:00:00Z,Primera Division,Real Valladolid CF,Real Sociedad de Fútbol,0,0,0.5959345802427611,0.7908107907224162
2024-09-21T14:15:00Z,Primera Division,CA Osasuna,UD Las Palmas,2,1,2.0221018799404993,1.3105792333300326
2024-09-21T16:30:00Z,Primera Division,Valencia CF,Girona FC,2,0,2.63214242138812,0.5157579104645948
2024-09-21T19:00:00Z,Primera Division,Real Madrid CF,RCD Espanyol de Barcelona,4,1,4.494108660321996,1.2732147879924238
2024-09-22T12:00:00Z,Primera Division,Getafe CF,CD Leganés,1,1,1.6657469863251442,1.6081325028878317
2024-09-22T14:15:00Z,Primera Division,Athletic Club,RC Celta de Vigo,3,1,3.5671742402193987,1.435043040739148
2024-09-22T16:30:00Z,Primera Division,Villarreal CF,FC Barcelona,1,5,1.9092421289921533,5.218227537795398
2024-09-22T19:00:00Z,Primera Division,Rayo Vallecano de Madrid,Club Atlético de Madrid,1,1,1.5375673507943721,1.8997654402995383
2024-09-23T19:00:00Z,Primera Division,Real Betis Balompié,RCD Mallorca,1,2,1.3711783376624243,2.7786796040596644
2024-09-24T17:00:00Z,Primera Division,Sevilla FC,Real Valladolid CF,2,1,2.536689250909685,1.3185279708215476
2024-09-24T17:00:00Z,Primera Division,Valencia CF,CA Osasuna,0,0,0.6629894087109164,0.6493364928253332
2024-09-24T19:00:00Z,Primera Division,Real Madrid CF,Deportivo Alavés,3,2,3.5146580210977114,2.6612236008461143
2024-09-25T17:00:00Z,Primera Division,Girona FC,Rayo Vallecano de Madrid,0,0,0.5121775073611647,0.6926903705033528
2024-09-25T19:00:00Z,Primera Division,FC Barcelona,Getafe CF,1,0,1.2894024936579735,0.0
2024-09-26T17:00:00Z,Primera Division,UD Las Palmas,Real Betis Balompié,1,1,1.3011297247347156,1.8019819623097884
2024-09-26T17:00:00Z,Primera Division,RCD Espanyol de Barcelona,Villarreal CF,1,2,1.079218418460092,2.3290903111222807
2024-09-26T19:00:00Z,Primera Division,RC Celta de Vigo,Club Atlético de Madrid,0,1,1.0248730229560818,1.39265161996762
2024-09-27T19:00:00Z,Primera Division,Real Valladolid CF,RCD Mallorca,1,2,1.1268410293826145,3.29136452567806
2024-09-28T12:00:00Z,Primera Division,Getafe CF,Deportivo Alavés,2,0,2.292128440661228,0.5905620142163035
2024-09-28T14:15:00Z,Primera Division,Rayo Vallecano de Madrid,CD Leganés,1,1,1.2844778203292408,1.3841032573658474
2024-09-28T16:30:00Z,Primera Division,Real Sociedad de Fútbol,Valencia CF,3,0,3.7684773130833324,0.0
2024-09-28T19:00:00Z,Primera Division,CA Osasuna,FC Barcelona,4,2,4.4115150965123915,2.9169292401839066
2024-09-29T12:00:00Z,Primera Division,RC Celta de Vigo,Girona FC,1,1,1.87432262180212,1.0964370987574192
2024-09-29T14:15:00Z,Primera Division,Athletic Club,Sevilla FC,1,1,1.2979528127268396,1.198968328950149
2024-09-29T16:30:00Z,Primera Division,Real Betis Balompié,RCD Espanyol de Barcelona,1,0,1.5836982486671407,0.4005943102736452
2024-09-29T19:00:00Z,Primera Division,Club Atlético de Madrid,Real Madrid CF,1,1,1.2493958840220727,1.9249235375100877
2024-09-30T19:00:00Z,Primera Division,Villarreal CF,UD Las Palmas,3,1,4.143544738332016,1.7319719959997277
2024-10-04T19:00:00Z,Primera Division,CD Leganés,Valencia CF,0,0,0.14372047429114615,0.452648747047922
2024-10-05T12:00:00Z,Primera Division,RCD Espanyol de Barcelona,RCD Mallorca,2,1,2.5929462130681085,1.5924876190916462
2024-10-05T14:15:00Z,Primera Division,Getafe CF,CA Osasuna,1,1,1.6901330642796295,1.3198842921386684
2024-10-05T16:30:00Z,Primera Division,Real Valladolid CF,Rayo Vallecano de Madrid,1,2,1.6241397292354494,2.541896106869605
2024-10-05T16:30:00Z,Primera Division,UD Las Palmas,RC Celta de Vigo,0,1,0.44441370233668753,1.522001023433441
2024-10-05T19:00:00Z,Primera Division,Real Madrid CF,Villarreal CF,2,0,2.4610537900799723,0.790630968704406
2024-10-06T12:00:00Z,Primera Division,Girona FC,Athletic Club,2,1,2.513143441593733,1.790153436731685
2024-10-06T14:15:00Z,Primera Division,Deportivo Alavés,FC Barcelona,0,3,0.4558993995114534,3.6481932146616933
2024-10-06T16:30:00Z,Primera Division,Sevilla FC,Real Betis Balompié,1,0,1.7891637350384728,0.39129573273616935
2024-10-06T19:00:00Z,Primera Division,Real Sociedad de Fútbol,Club Atlético de Madrid,1,1,2.1631569004774054,1.722546688317038
2024-10-18T19:00:00Z,Primera Division,Deportivo Alavés,Real Valladolid CF,2,3,2.33275246449765,3.472409460139086
2024-10-19T12:00:00Z,Primera Division,Athletic Club,RCD Espanyol de Barcelona,4,1,4.089059106126276,1.1754256893860602
2024-10-19T14:15:00Z,Primera Division,CA Osasuna,Real Betis Balompié,1,2,1.4735153854946237,2.3790136624267184
2024-10-19T16:30:00Z,Primera Division,Girona FC,Real Sociedad de Fútbol,0,1,1.2739128012962957,1.5253580951352974
2024-10-19T19:00:00Z,Primera Division,RC Celta de Vigo,Real Madrid CF,1,2,1.2588976296090808,2.7730647350994237
2024-10-20T12:00:00Z,Primera Division,RCD Mallorca,Rayo Vallecano de Madrid,1,0,1.9917350416332202,0.4449415483528541
2024-10-20T14:15:00Z,Primera Division,Club Atlético de Madrid,CD Leganés,3,1,4.0033102442229325,1.1372403866281182
2024-10-20T16:30:00Z,Primera Division,Villarreal CF,Getafe CF,1,1,1.3339235274876016,1.5170225049890458
2024-10-20T19:00:00Z,Primera Division,FC Barcelona,Sevilla FC,5,1,5.670694923755582,1.5340368120169656
2024-10-21T19:00:00Z,Primera Division,Valencia CF,UD Las Palmas,2,3,2.988518986938561,3.555751288670826
2024-10-25T19:00:00Z,Primera Division,RCD Espanyol de Barcelona,Sevilla FC,0,2,0.38626167770375386,2.775961454786329
2024-10-26T12:00:00Z,Primera Division,Real Valladolid CF,Villarreal CF,1,2,1.4389258919692915,2.8056769720269696
2024-10-26T14:15:00Z,Primera Division,Rayo Vallecano de Madrid,Deportivo Alavés,1,0,1.325495725815407,0.32173673828550003
2024-10-26T16:30:00Z,Primera Division,UD Las Palmas,Girona FC,1,0,1.19557298079214,0.315156962585317
2024-10-26T19:00:00Z,Primera Division,Real Madrid CF,FC Barcelona,0,4,0.30521673648019787,4.187940386713358
2024-10-27T13:00:00Z,Primera Division,CD Leganés,RC Celta de Vigo,3,0,3.132817919971323,0.7096447010841429
2024-10-27T15:15:00Z,Primera Division,Getafe CF,Valencia CF,1,1,1.510225040477768,1.9346460325013146
2024-10-27T17:30:00Z,Primera Division,Real Betis Balompié,Club Atlético de Madrid,1,0,1.2690080306824074,0.405475421627323
2024-10-27T20:00:00Z,Primera Division,Real Sociedad de Fútbol,CA Osasuna,0,2,0.5701357735372243,2.427570830582502
2024-10-28T20:00:00Z,Primera Division,RCD Mallorca,Athletic Club,0,0,0.03323130613891184,0.9400347670696928
2024-11-01T20:00:00Z,Primera Division,Deportivo Alavés,RCD Mallorca,1,0,1.5992640696643372,0.6516673559645023
2024-11-02T13:00:00Z,Primera Division,CA Osasuna,Real Valladolid CF,1,0,1.7500586884826774,0.6308707114403165
2024-11-02T15:15:00Z,Primera Division,Girona FC,CD Leganés,4,3,3.9018793072285636,3.142725048207882
2024-11-03T13:00:00Z,Primera Division,Club Atlético de Madrid,UD Las Palmas,2,0,2.6122169709542717,0.7036184207838256
2024-11-03T15:15:00Z,Primera Division,FC Barcelona,RCD Espanyol de Barcelona,3,1,3.8683006977419874,1.2212590978470725
2024-11-03T17:30:00Z,Primera Division,Sevilla FC,Real Sociedad de Fútbol,0,2,0.13710769439263837,2.1597939442195124
2024-11-03T20:00:00Z,Primera Division,Athletic Club,Real Betis Balompié,1,1,2.001771716051311,1.3959685269699864
2024-11-04T20:00:00Z,Primera Division,RC Celta de Vigo,Getafe CF,1,0,1.6257057028098134,0.324262182965393
2024-11-08T20:00:00Z,Primera Division,Rayo Vallecano de Madrid,UD Las Palmas,1,3,1.2884964432724773,3.433520091684488
2024-11-09T13:00:00Z,Primera Division,Real Madrid CF,CA Osasuna,4,0,4.483269276702688,0.06770550964252442
2024-11-09T15:15:00Z,Primera Division,Villarreal CF,Deportivo Alavés,3,0,3.6674980737565166,0.7876448919403017
2024-11-09T20:00:00Z,Primera Division,CD Leganés,Sevilla FC,1,0,1.5228016174237236,0.8383058883549287
2024-11-10T13:00:00Z,Primera Division,Real Betis Balompié,RC Celta de Vigo,2,2,2.661626797733911,1.9157972577577558
2024-11-10T15:15:00Z,Primera Division,RCD Mallorca,Club Atlético de Madrid,0,1,0.22379792207619015,1.793537341699965
2024-11-10T17:30:00Z,Primera Division,Getafe CF,Girona FC,0,1,0.5508082472108234,1.2568414110535122
2024-11-10T17:30:00Z,Primera Division,Real Valladolid CF,Athletic Club,1,1,1.075885650928506,1.7570926610948359
2024-11-10T20:00:00Z,Primera Division,Real Sociedad de Fútbol,FC Barcelona,1,0,1.46663218159539,0.4794660522000753
2024-11-22T20:00:00Z,Primera Division,Getafe CF,Real Valladolid CF,2,0,2.228827707560563,0.5086326692242996
2024-11-23T13:00:00Z,Primera Division,Valencia CF,Real Betis Balompié,4,2,4.27934101722307,2.4444707051736345
2024-11-23T15:15:00Z,Primera Division,Club Atlético de Madrid,Deportivo Alavés,2,1,2.8708279525631313,1.8636387612700458
2024-11-23T17:30:00Z,Primera Division,UD Las Palmas,RCD Mallorca,2,3,2.8273930361782806,3.1281235962424914
2024-11-23T17:30:00Z,Primera Division,Girona FC,RCD Espanyol de Barcelona,4,1,4.682741436272153,1.6823521016205025
2024-11-23T20:00:00Z,Primera Division,RC Celta de Vigo,FC Barcelona,2,2,2.1723061705982265,2.830399049466865
2024-11-24T13:00:00Z,Primera Division,CA Osasuna,Villarreal CF,2,2,2.4050774650915594,2.7149020241621233
2024-11-24T15:15:00Z,Primera Division,Sevilla FC,Rayo Vallecano de Madrid,1,0,1.863929309993755,1.1974096742970253
2024-11-24T17:30:00Z,Primera Division,CD Leganés,Real Madrid CF,0,3,0.5425150740919714,3.34131597118259
2024-11-24T20:00:00Z,Primera Division,Athletic Club,Real Sociedad de Fútbol,1,0,2.195798861994508,0.7871914467780594
2024-11-29T20:00:00Z,Primera Division,RCD Mallorca,Valencia CF,2,1,2.6179953518183114,1.4681728093975739
2024-11-30T13:00:00Z,Primera Division,FC Barcelona,UD Las Palmas,1,2,1.5576147349470095,2.8700218229058008
2024-11-30T15:15:00Z,Primera Division,Deportivo Alavés,CD Leganés,1,1,1.4072650607392496,1.4976933012835891
2024-11-30T17:30:00Z,Primera Division,RCD Espanyol de Barcelona,RC Celta de Vigo,3,1,3.5400622714346848,1.3836372654412592
2024-11-30T20:00:00Z,Primera Division,Real Valladolid CF,Club Atlético de Madrid,0,5,0.4542590490858368,5.891821661161488
2024-12-01T13:00:00Z,Primera Division,Villarreal CF,Girona FC,2,2,2.712432603006577,2.352531418294321
2024-12-01T15:15:00Z,Primera Division,Real Madrid CF,Getafe CF,2,0,2.7870106950383753,0.07618227232983316
2024-12-01T17:30:00Z,Primera Division,Rayo Vallecano de Madrid,Athletic Club,1,2,1.264203161847615,2.3449459350478516
2024-12-01T20:00:00Z,Primera Division,Real Sociedad de Fútbol,Real Betis Balompié,2,0,2.1006301139326666,0.6857098839765597
2024-12-02T20:00:00Z,Primera Division,Sevilla FC,CA Osasuna,1,1,0.9491383880690111,1.9176116254761273
2024-12-03T18:00:00Z,Primera Division,RCD Mallorca,FC Barcelona,1,5,1.652397398073763,5.533338812588954
2024-12-04T20:00:00Z,Primera Division,Athletic Club,Real Madrid CF,2,1,2.168990018147838,1.8954591201702076
2024-12-06T20:00:00Z,Primera Division,RC Celta de Vigo,RCD Mallorca,2,0,1.8541328221142552,0.09254752355672197
2024-12-07T13:00:00Z,Primera Division,UD Las Palmas,Real Valladolid CF,2,1,2.6165735813592894,1.367020960554629
2024-12-07T15:15:00Z,Primera Division,Real Betis Balompié,FC Barcelona,2,2,3.247899855229837,2.4134274648537697
2024-12-07T17:30:00Z,Primera Division,Valencia CF,Rayo Vallecano de Madrid,0,1,0.498178726538032,1.4656321717582441
2024-12-07T20:00:00Z,Primera Division,Girona FC,Real Madrid CF,0,3,0.7515472323354926,3.525228316475059
2024-12-08T13:00:00Z,Primera Division,CD Leganés,Real Sociedad de Fútbol,0,3,0.5245488075642695,3.707273287217658
2024-12-08T15:15:00Z,Primera Division,Athletic Club,Villarreal CF,2,0,2.4703331040426573,0.36655794854885293
2024-12-08T17:30:00Z,Primera Division,CA Osasuna,Deportivo Alavés,2,2,2.7757229448963305,2.5417086060859377
2024-12-08T20:00:00Z,Primera Division,Club Atlético de Madrid,Sevilla FC,4,3,4.412917636743405,3.4864631329027844
2024-12-09T20:00:00Z,Primera Division,Getafe CF,RCD Espanyol de Barcelona,1,0,1.5802176942215709,0.22223302883265506
2024-12-13T20:00:00Z,Primera Division,Real Valladolid CF,Valencia CF,1,0,1.596509341858804,0.4658999932755694
2024-12-14T13:00:00Z,Primera Division,RCD Espanyol de Barcelona,CA Osasuna,0,0,0.2995728639070854,0.4569021410308646
2024-12-14T15:15:00Z,Primera Division,RCD Mallorca,Girona FC,2,1,2.7976127048609567,1.4504758304990861
2024-12-14T17:30:00Z,Primera Division,Sevilla FC,RC Celta de Vigo,1,0,1.4475120729913775,0.5095278369744353
2024-12-14T20:00:00Z,Primera Division,Rayo Vallecano de Madrid,Real Madrid CF,3,3,3.2732764521521465,3.522702062184016
2024-12-15T13:00:00Z,Primera Division,Club Atlético de Madrid,Getafe CF,1,0,1.6609529530711211,0.37031144626780094
2024-12-15T15:15:00Z,Primera Division,Deportivo Alavés,Athletic Club,1,1,1.2304596054626888,1.8818144201913793
2024-12-15T17:30:00Z,Primera Division,Villarreal CF,Real Betis Balompié,1,2,1.5084543472107383,2.149155811239095
2024-12-15T17:30:00Z,Primera Division,Real Sociedad de Fútbol,UD Las Palmas,0,0,0.49726430100673896,0.2837089674590311
2024-12-15T20:00:00Z,Primera Division,FC Barcelona,CD Leganés,0,1,0.8257686697494735,2.3339890872670668
2024-12-18T20:30:00Z,Primera Division,Villarreal CF,Rayo Vallecano de Madrid,1,1,1.6424094698639857,1.188602593503231
2024-12-18T20:30:00Z,Primera Division,RCD Espanyol de Barcelona,Valencia CF,1,1,1.4924919123764568,1.0938735975870724
2024-12-20T20:00:00Z,Primera Division,Girona FC,Real Valladolid CF,3,0,3.745329889760086,0.7203430235003654
2024-12-21T13:00:00Z,Primera Division,Getafe CF,RCD Mallorca,0,1,0.917062264705194,0.8768640438678378
2024-12-21T15:15:00Z,Primera Division,RC Celta de Vigo,Real Sociedad de Fútbol,2,0,2.6673430919055585,0.42941782700826836
2024-12-21T17:30:00Z,Primera Division,CA Osasuna,Athletic Club,1,2,1.5031057859530141,3.1437474775229464
2024-12-21T20:00:00Z,Primera Division,FC Barcelona,Club Atlético de Madrid,1,2,1.1064491302949522,2.03651922335398
2024-12-22T13:00:00Z,Primera Division,Valencia CF,Deportivo Alavés,2,2,2.180465901077388,1.905410654278386
2024-12-22T15:15:00Z,Primera Division,Real Madrid CF,Sevilla FC,4,2,4.4084325886936,2.0502456394126907
2024-12-22T17:30:00Z,Primera Division,CD Leganés,Villarreal CF,2,5,2.317146339352215,5.769507870504095
2024-12-22T17:30:00Z,Primera Division,UD Las Palmas,RCD Espanyol de Barcelona,1,0,1.4439086091043662,0.8374330159957437
2024-12-22T20:00:00Z,Primera Division,Real Betis Balompié,Rayo Vallecano de Madrid,1,1,1.5169949774691323,1.3462233609064473
2025-01-03T20:00:00Z,Primera Division,Valencia CF,Real Madrid CF,1,2,1.6589078263070194,2.7049637212003206
2025-01-10T20:00:00Z,Primera Division,Rayo Vallecano de Madrid,RC Celta de Vigo,2,1,2.4788503665822725,1.9170765982535969
2025-01-11T13:00:00Z,Primera Division,Deportivo Alavés,Girona FC,0,1,0.6459504931478606,2.0362039243289476
2025-01-11T15:15:00Z,Primera Division,Real Valladolid CF,Real Betis Balompié,1,0,1.519342324443036,0.42609941564604553
2025-01-11T17:30:00Z,Primera Division,RCD Espanyol de Barcelona,CD Leganés,1,1,0.9073600300938386,0.8095584846990039
2025-01-11T20:00:00Z,Primera Division,Sevilla FC,Valencia CF,1,1,1.2181993818543737,1.253736323277094
2025-01-12T13:00:00Z,Primera Division,UD Las Palmas,Getafe CF,1,2,1.4567737332835153,2.3719587415194225
2025-01-12T15:15:00Z,Primera Division,Club Atlético de Madrid,CA Osasuna,1,0,1.1370915771476677,0.42231836102648285
2025-01-13T20:00:00Z,Primera Division,Real Sociedad de Fútbol,Villarreal CF,1,0,1.6799786189988613,0.4436421796973842
2025-01-17T20:00:00Z,Primera Division,RCD Espanyol de Barcelona,Real Valladolid CF,2,1,2.9592252497031093,1.8356683793792008
2025-01-18T13:00:00Z,Primera Division,Girona FC,Sevilla FC,1,2,1.865628555509195,2.8823285280062745
2025-01-18T15:15:00Z,Primera Division,CD Leganés,Club Atlético de Madrid,1,0,1.4359671387209376,0.448497903822565
2025-01-18T17:30:00Z,Primera Division,Real Betis Balompié,Deportivo Alavés,1,3,1.9472178410549856,3.8295454628155454
2025-01-18T20:00:00Z,Primera Division,Getafe CF,FC Barcelona,1,1,1.5446002371606333,1.6072984099893268
2025-01-19T13:00:00Z,Primera Division,RC Celta de Vigo,Athletic Club,1,2,1.3988742086645882,2.519351791858772
2025-01-19T15:15:00Z,Primera Division,Real Madrid CF,UD Las Palmas,4,1,4.3159792009377185,1.7719632471329891
2025-01-19T17:30:00Z,Primera Division,CA Osasuna,Rayo Vallecano de Madrid,1,1,1.4092590940535614,1.5216756144713748
2025-01-19T20:00:00Z,Primera Division,Valencia CF,Real Sociedad de Fútbol,1,0,1.3835469544376313,1.1173433531293286
2025-01-20T20:00:00Z,Primera Division,Villarreal CF,RCD Mallorca,4,0,4.551124866712646,0.06847664996163227
2025-01-24T20:00:00Z,Primera Division,UD Las Palmas,CA Osasuna,1,1,1.5481721943149593,1.3454487302723948
2025-01-25T13:00:00Z,Primera Division,RCD Mallorca,Real Betis Balompié,0,1,0.5009138060460243,1.462044330913815
2025-01-25T15:15:00Z,Primera Division,Club Atlético de Madrid,Villarreal CF,1,1,1.6310814509239049,1.631835807137397
2025-01-25T17:30:00Z,Primera Division,Sevilla FC,RCD Espanyol de Barcelona,1,1,1.8571938824359024,1.8803881461309266
2025-01-25T20:00:00Z,Primera Division,Real Valladolid CF,Real Madrid CF,0,3,0.7848662406323972,3.492680429829153
2025-01-26T13:00:00Z,Primera Division,Rayo Vallecano de Madrid,Girona FC,2,1,2.054530609465029,1.0733311051481378
2025-01-26T15:15:00Z,Primera Division,Real Sociedad de Fútbol,Getafe CF,0,3,0.0,3.752754168936501
2025-01-26T17:30:00Z,Primera Division,Athletic Club,CD Leganés,0,0,0.780295973371782,0.7264876298425893
2025-01-26T20:00:00Z,Primera Division,FC Barcelona,Valencia CF,7,1,7.089936390475374,0.9174424021861782
2025-01-27T20:00:00Z,Primera Division,Deportivo Alavés,RC Celta de Vigo,1,1,1.432570379432195,1.4988587598987602
2025-01-31T20:00:00Z,Primera Division,CD Leganés,Rayo Vallecano de Madrid,0,1,0.14896609218219214,1.0229574507959107
2025-02-01T13:00:00Z,Primera Division,Getafe CF,Sevilla FC,0,0,0.0,0.30060467074938124
2025-02-01T15:15:00Z,Primera Division,Villarreal CF,Real Valladolid CF,5,1,5.662438818461436,1.22915732191116
2025-02-01T17:30:00Z,Primera Division,Club Atlético de Madrid,RCD Mallorca,2,0,2.727746548090794,0.7427794094725957
2025-02-01T20:00:00Z,Primera Division,RCD Espanyol de Barcelona,Real Madrid CF,1,0,1.3270468797819843,0.5350490522516551
2025-02-02T13:00:00Z,Primera Division,FC Barcelona,Deportivo Alavés,1,0,0.7226873123565271,0.1143226997731917
2025-02-02T15:15:00Z,Primera Division,Valencia CF,RC Celta de Vigo,2,1,2.3361266655242554,1.7640197888872027
2025-02-02T17:30:00Z,Primera Division,CA Osasuna,Real Sociedad de Fútbol,2,1,2.6175412016207638,1.0698582528214757
2025-02-02T20:00:00Z,Primera Division,Real Betis Balompié,Athletic Club,2,2,2.0563265293677615,2.599034137141283
2025-02-03T20:00:00Z,Primera Division,Girona FC,UD Las Palmas,2,1,2.555007975933747,1.2557967992125332
2025-02-07T20:00:00Z,Primera Division,Rayo Vallecano de Madrid,Real Valladolid CF,1,0,1.4954070452481014,0.39029687524084405
2025-02-08T13:00:00Z,Primera Division,RC Celta de Vigo,Real Betis Balompié,3,2,3.6737874498803267,2.651281224411515
2025-02-08T15:15:00Z,Primera Division,Athletic Club,Girona FC,3,0,3.535874110524246,0.6564348197178587
2025-02-08T17:30:00Z,Primera Division,UD Las Palmas,Villarreal CF,1,2,1.2080793177355333,2.901090722066788
2025-02-08T20:00:00Z,Primera Division,Real Madrid CF,Club Atlético de Madrid,1,1,1.8589714504993473,1.4753238900985641
2025-02-09T13:00:00Z,Primera Division,Deportivo Alavés,Getafe CF,0,1,0.452441128091909,1.5919352588890021
2025-02-09T15:15:00Z,Primera Division,Valencia CF,CD Leganés,2,0,2.4918086381470204,0.3686788032787026
2025-02-09T17:30:00Z,Primera Division,Real Sociedad de Fútbol,RCD Espanyol de Barcelona,2,1,2.2200196122780413,1.5545969647868394
2025-02-09T20:00:00Z,Primera Division,Sevilla FC,FC Barcelona,1,4,1.367015324642547,4.631845814402554
2025-02-10T20:00:00Z,Primera Division,RCD Mallorca,CA Osasuna,1,1,1.2345591857919298,1.470507045763687
2025-02-14T20:00:00Z,Primera Division,Girona FC,Getafe CF,1,2,1.448116182022973,1.958874854772251
2025-02-15T13:00:00Z,Primera Division,CD Leganés,Deportivo Alavés,3,3,4.013512544042703,3.5994412688992687
2025-02-15T15:15:00Z,Primera Division,CA Osasuna,Real Madrid CF,1,1,1.0884296571205931,1.609368443206637
2025-02-15T17:30:00Z,Primera Division,Club Atlético de Madrid,RC Celta de Vigo,1,1,1.0159315806369777,1.2959479570956147
2025-02-15T20:00:00Z,Primera Division,Villarreal CF,Valencia CF,1,1,1.9413510982480826,1.1146838891782458
2025-02-16T13:00:00Z,Primera Division,RCD Espanyol de Barcelona,Athletic Club,1,1,1.4372028968544401,1.9427637451511897
2025-02-16T15:15:00Z,Primera Division,Real Valladolid CF,Sevilla FC,0,4,0.29927817840202503,4.647433653268321
2025-02-16T17:30:00Z,Primera Division,RCD Mallorca,UD Las Palmas,3,1,3.811971406218823,1.4312756907234871
2025-02-16T20:00:00Z,Primera Division,Real Betis Balompié,Real Sociedad de Fútbol,3,0,3.318315338078941,0.15889013505575378
2025-02-17T20:00:00Z,Primera Division,FC Barcelona,Rayo Vallecano de Madrid,1,0,2.0478029140640808,0.2534555514735962
2025-02-21T20:00:00Z,Primera Division,RC Celta de Vigo,CA Osasuna,1,0,1.7033777614017807,0.8907771190358695
2025-02-22T13:00:00Z,Primera Division,Deportivo Alavés,RCD Espanyol de Barcelona,0,1,0.35362657755628923,1.541298582260414
2025-02-22T15:15:00Z,Primera Division,Rayo Vallecano de Madrid,Villarreal CF,0,1,1.1471924639796511,1.334823879899788
2025-02-22T17:30:00Z,Primera Division,Valencia CF,Club Atlético de Madrid,0,3,0.3182855230989985,3.652906769367397
2025-02-22T20:00:00Z,Primera Division,UD Las Palmas,FC Barcelona,0,2,0.7226286116027921,2.2556805437661027
2025-02-23T13:00:00Z,Primera Division,Athletic Club,Real Valladolid CF,7,1,7.589787774121947,1.9502529090841134
2025-02-23T15:15:00Z,Primera Division,Real Madrid CF,Girona FC,2,0,2.8905223868196392,0.9058401604690176
2025-02-23T17:30:00Z,Primera Division,Getafe CF,Real Betis Balompié,1,2,1.9684533590180557,2.360027778639167
2025-02-23T20:00:00Z,Primera Division,Real Sociedad de Fútbol,CD Leganés,3,0,3.50960124471973,0.3113989258907419
2025-02-24T20:00:00Z,Primera Division,Sevilla FC,RCD Mallorca,1,1,1.273974638896145,0.7145600403923161
2025-02-28T20:00:00Z,Primera Division,Real Valladolid CF,UD Las Palmas,1,1,1.637991642881735,1.0555257685345896
2025-03-01T13:00:00Z,Primera Division,Girona FC,RC Celta de Vigo,2,2,2.2966853890743684,2.098159067512673
2025-03-01T15:15:00Z,Primera Division,Rayo Vallecano de Madrid,Sevilla FC,1,1,2.104016174257987,1.5405571022962157
2025-03-01T17:30:00Z,Primera Division,Real Betis Balompié,Real Madrid CF,2,1,2.540960599324821,1.4021298886675921
2025-03-01T20:00:00Z,Primera Division,Club Atlético de Madrid,Athletic Club,1,0,1.3904035346063675,0.09639935377542758
2025-03-02T13:00:00Z,Primera Division,CD Leganés,Getafe CF,1,0,1.5554040917594725,0.4156507872606328
2025-03-02T15:15:00Z,Primera Division,FC Barcelona,Real Sociedad de Fútbol,4,0,4.0958621131410915,0.6516011442942046
2025-03-02T17:30:00Z,Primera Division,RCD Mallorca,Deportivo Alavés,1,1,1.2085157884468045,1.6583518049746762
2025-03-02T20:00:00Z,Primera Division,CA Osasuna,Valencia CF,3,3,3.8601241723833275,2.9300989157423354
2025-03-08T13:00:00Z,Primera Division,RC Celta de Vigo,CD Leganés,2,1,2.3029317163085814,1.4615209558548508
2025-03-08T15:15:00Z,Primera Division,Deportivo Alavés,Villarreal CF,1,0,1.185926705195418,0.0849977669085169
2025-03-08T17:30:00Z,Primera Division,Valencia CF,Real Valladolid CF,2,1,2.660995825758186,1.7705186091420821
2025-03-09T13:00:00Z,Primera Division,Getafe CF,Club Atlético de Madrid,2,1,2.855711246398899,1.7352439249060496
2025-03-09T15:15:00Z,Primera Division,Real Madrid CF,Rayo Vallecano de Madrid,2,1,2.71568599319952,1.2305918321026625
2025-03-09T17:30:00Z,Primera Division,Athletic Club,RCD Mallorca,1,1,1.798814305741745,1.27018643927988
2025-03-09T17:30:00Z,Primera Division,Real Betis Balompié,UD Las Palmas,1,0,1.2729614734291617,0.36161988485050783
2025-03-09T20:00:00Z,Primera Division,Real Sociedad de Fútbol,Sevilla FC,0,1,0.07345679997744686,0.8241619815805983
2025-03-10T20:00:00Z,Primera Division,RCD Espanyol de Barcelona,Girona FC,1,1,1.950400095586646,1.600790452032173
2025-03-14T20:00:00Z,Primera Division,UD Las Palmas,Deportivo Alavés,2,2,2.4031960483473593,2.4181466360979607
2025-03-15T13:00:00Z,Primera Division,Real Valladolid CF,RC Celta de Vigo,0,1,0.4247500950634858,1.7910525247703577
2025-03-15T15:15:00Z,Primera Division,RCD Mallorca,RCD Espanyol de Barcelona,2,1,2.8984582425547174,1.1704772346112342
2025-03-15T17:30:00Z,Primera Division,Villarreal CF,Real Madrid CF,1,2,1.666869002820198,2.3142631155250206
2025-03-15T20:00:00Z,Primera Division,Girona FC,Valencia CF,1,1,1.6367663316244823,1.0480424225882654
2025-03-16T13:00:00Z,Primera Division,CD Leganés,Real Betis Balompié,2,3,3.1495007034703253,3.198712830951724
2025-03-16T15:15:00Z,Primera Division,Sevilla FC,Athletic Club,0,1,0.3069445308859571,1.1454054011795343
2025-03-16T17:30:00Z,Primera Division,CA Osasuna,Getafe CF,1,2,1.7783520384243712,2.7987921036539336
2025-03-16T17:30:00Z,Primera Division,Rayo Vallecano de Madrid,Real Sociedad de Fútbol,2,2,2.517103937469125,2.2905214453745826
2025-03-16T20:00:00Z,Primera Division,Club Atlético de Madrid,FC Barcelona,2,4,2.5805776836589773,4.537252705423384
2025-03-27T20:00:00Z,Primera Division,FC Barcelona,CA Osasuna,3,0,3.9585405279237595,0.38577097884145867
2025-03-29T13:00:00Z,Primera Division,Real Sociedad de Fútbol,Real Valladolid CF,2,1,2.652350726886887,1.119160420196156
2025-03-29T15:15:00Z,Primera Division,RCD Espanyol de Barcelona,Club Atlético de Madrid,1,1,1.66148882371489,1.4495098730485072
2025-03-29T17:30:00Z,Primera Division,Deportivo Alavés,Rayo Vallecano de Madrid,0,2,0.8217522011929406,2.6797309995590783
2025-03-29T20:00:00Z,Primera Division,Real Madrid CF,CD Leganés,3,2,3.390514181137134,2.137672182236994
2025-03-30T12:00:00Z,Primera Division,Getafe CF,Villarreal CF,1,2,1.248237099798298,2.7427338372194137
2025-03-30T14:15:00Z,Primera Division,FC Barcelona,Girona FC,4,1,4.18655724179369,1.2450837235566912
2025-03-30T16:30:00Z,Primera Division,Athletic Club,CA Osasuna,0,0,0.0,0.35510482217814776
2025-03-30T16:30:00Z,Primera Division,Valencia CF,RCD Mallorca,1,0,2.1168621389820967,0.6592049369030144
2025-03-30T19:00:00Z,Primera Division,Real Betis Balompié,Sevilla FC,2,1,2.169037490283495,1.3009691528341536
2025-03-31T19:00:00Z,Primera Division,RC Celta de Vigo,UD Las Palmas,1,1,1.4336239129242685,1.5112724578007597
2025-04-04T19:00:00Z,Primera Division,Rayo Vallecano de Madrid,RCD Espanyol de Barcelona,0,4,0.41695601003332383,4.405592751363573
2025-04-05T12:00:00Z,Primera Division,Girona FC,Deportivo Alavés,0,1,0.5922220093427302,1.5388104020111455
2025-04-05T14:15:00Z,Primera Division,Real Madrid CF,Valencia CF,1,2,1.744721163761789,1.7857782683429508
2025-04-05T16:30:00Z,Primera Division,RCD Mallorca,RC Celta de Vigo,1,2,1.7581420465079236,1.9510954554375752
2025-04-05T19:00:00Z,Primera Division,FC Barcelona,Real Betis Balompié,1,1,1.3250767684293185,1.6847901018140514
2025-04-06T12:00:00Z,Primera Division,UD Las Palmas,Real Sociedad de Fútbol,1,3,1.4498634858640767,3.811154421694715
2025-04-06T14:15:00Z,Primera Division,Sevilla FC,Club Atlético de Madrid,1,2,1.58477398514649,2.226853988940544
2025-04-06T16:30:00Z,Primera Division,Real Valladolid CF,Getafe CF,0,4,0.4253926621449359,4.4267914943486595
2025-04-06T19:00:00Z,Primera Division,Villarreal CF,Athletic Club,0,0,0.9822036728059977,0.5884157758706905
2025-04-07T19:00:00Z,Primera Division,CD Leganés,CA Osasuna,1,1,1.6472924854914754,1.707965280497611
2025-04-11T19:00:00Z,Primera Division,Valencia CF,Sevilla FC,1,0,1.7204633358149453,0.0
2025-04-12T12:00:00Z,Primera Division,Real Sociedad de Fútbol,RCD Mallorca,0,2,0.6988643806002238,2.234187925906487
2025-04-12T14:15:00Z,Primera Division,Getafe CF,UD Las Palmas,1,3,1.8520421572455974,3.4002261860450376
2025-04-12T16:30:00Z,Primera Division,RC Celta de Vigo,RCD Espanyol de Barcelona,0,2,0.5543064676111121,2.7109420591708147
2025-04-12T19:00:00Z,Primera Division,CD Leganés,FC Barcelona,0,1,0.11095041561324603,2.2495291451164485
2025-04-13T12:00:00Z,Primera Division,CA Osasuna,Girona FC,2,1,2.6199063855257925,1.4315982819570847
2025-04-13T14:15:00Z,Primera Division,Deportivo Alavés,Real Madrid CF,0,1,0.3045929318624513,1.0779067613688034
2025-04-13T16:30:00Z,Primera Division,Real Betis Balompié,Villarreal CF,1,2,1.341414995475073,2.6206804231603895
2025-04-13T19:00:00Z,Primera Division,Athletic Club,Rayo Vallecano de Madrid,3,1,3.675909205626528,1.896298736862213
2025-04-14T19:00:00Z,Primera Division,Club Atlético de Madrid,Real Valladolid CF,4,2,4.871484921430091,2.5324042362938504
2025-04-18T19:00:00Z,Primera Division,RCD Espanyol de Barcelona,Getafe CF,1,0,1.5063814730208185,0.22800543645371218
2025-04-19T12:00:00Z,Primera Division,Rayo Vallecano de Madrid,Valencia CF,1,1,1.592649903779689,1.7873981824440057
2025-04-19T14:15:00Z,Primera Division,FC Barcelona,RC Celta de Vigo,4,3,5.010664483390571,3.6990636855495307
2025-04-19T16:30:00Z,Primera Division,RCD Mallorca,CD Leganés,0,0,0.5722259538465705,0.19217574674131271
2025-04-19T19:00:00Z,Primera Division,UD Las Palmas,Club Atlético de Madrid,1,0,2.2805049342541186,0.6144276852603026
2025-04-20T12:00:00Z,Primera Division,Real Valladolid CF,CA Osasuna,2,3,2.669652893689463,3.799179670297662
2025-04-20T14:15:00Z,Primera Division,Villarreal CF,Real Sociedad de Fútbol,2,2,1.9717711722532547,2.854567012767668
2025-04-20T16:30:00Z,Primera Division,Sevilla FC,Deportivo Alavés,1,1,1.7260024863313599,1.4800653074071632
2025-04-20T19:00:00Z,Primera Division,Real Madrid CF,Athletic Club,1,0,1.6143475154648335,0.39257616614620433
2025-04-21T19:00:00Z,Primera Division,Girona FC,Real Betis Balompié,1,3,1.8869258262248236,3.868182146624379
2025-04-22T17:00:00Z,Primera Division,Valencia CF,RCD Espanyol de Barcelona,1,1,1.7019544053809876,1.1369518491057344
2025-04-22T19:30:00Z,Primera Division,FC Barcelona,RCD Mallorca,1,0,1.4584632048048678,0.6315737872763016
2025-04-23T17:00:00Z,Primera Division,Athletic Club,UD Las Palmas,1,0,1.1327105291131903,0.08899201179067123
2025-04-23T17:00:00Z,Primera Division,RC Celta de Vigo,Villarreal CF,3,0,3.4372930228141922,0.8196128816778808
2025-04-23T19:30:00Z,Primera Division,Deportivo Alavés,Real Sociedad de Fútbol,1,0,1.24484386373721,0.42258634531665157
2025-04-23T19:30:00Z,Primera Division,Getafe CF,Real Madrid CF,0,1,0.32584296505858323,1.8805749706942407
2025-04-24T17:00:00Z,Primera Division,CA Osasuna,Sevilla FC,1,0,1.676573521326183,0.6474238269066581
2025-04-24T17:00:00Z,Primera Division,CD Leganés,Girona FC,1,1,2.000971351305422,1.133033930981421
2025-04-24T19:30:00Z,Primera Division,Club Atlético de Madrid,Rayo Vallecano de Madrid,3,0,3.6184014589468942,0.9273883196231729
2025-04-24T19:30:00Z,Primera Division,Real Betis Balompié,Real Valladolid CF,5,1,5.1412350813894445,1.9653735799283187
2025-04-27T14:15:00Z,Primera Division,Villarreal CF,RCD Espanyol de Barcelona,1,0,1.6333808004660422,0.7646859477797647
2025-05-02T19:00:00Z,Primera Division,Rayo Vallecano de Madrid,Getafe CF,1,0,1.8589894459936953,0.271523640489134
2025-05-03T12:00:00Z,Primera Division,Deportivo Alavés,Club Atlético de Madrid,0,0,0.31706512870418535,0.40819581369277735
2025-05-03T14:15:00Z,Primera Division,Villarreal CF,CA Osasuna,4,2,4.459794849998125,2.543628165221728
2025-05-03T16:30:00Z,Primera Division,UD Las Palmas,Valencia CF,2,3,2.5044064584187593,3.28888688020057
2025-05-03T19:00:00Z,Primera Division,Real Valladolid CF,FC Barcelona,1,2,1.264530506075328,3.0077039717389615
2025-05-04T12:00:00Z,Primera Division,Real Madrid CF,RC Celta de Vigo,3,2,3.6944841301531577,2.543297941517811
2025-05-04T14:15:00Z,Primera Division,Sevilla FC,CD Leganés,2,2,2.4637155554176653,1.6889955858677927
2025-05-04T16:30:00Z,Primera Division,RCD Espanyol de Barcelona,Real Betis Balompié,1,2,1.6258597331721083,2.601806743826866
2025-05-04T19:00:00Z,Primera Division,Real Sociedad de Fútbol,Athletic Club,0,0,0.23375234665937,0.39555278095480606
2025-05-05T19:00:00Z,Primera Division,Girona FC,RCD Mallorca,1,0,1.368762509902977,0.4775220331644656
2025-05-09T19:00:00Z,Primera Division,UD Las Palmas,Rayo Vallecano de Madrid,0,1,0.7167144073483314,1.38941419026429
2025-05-10T12:00:00Z,Primera Division,Valencia CF,Getafe CF,3,0,3.38815005437247,0.7421139249820061
2025-05-10T14:15:00Z,Primera Division,RC Celta de Vigo,Sevilla FC,3,2,4.0180891553700215,2.8359063335660144
2025-05-10T16:30:00Z,Primera Division,Girona FC,Villarreal CF,0,1,0.3801091443156193,1.584915948677596
2025-05-10T16:30:00Z,Primera Division,RCD Mallorca,Real Valladolid CF,2,1,2.5674054177255656,1.3982066438585523
2025-05-10T19:00:00Z,Primera Division,Club Atlético de Madrid,Real Sociedad de Fútbol,4,0,4.779777249561927,0.48759883855724895
2025-05-11T12:00:00Z,Primera Division,CD Leganés,RCD Espanyol de Barcelona,3,2,3.0744902801200906,2.5058798849732886
2025-05-11T14:15:00Z,Primera Division,FC Barcelona,Real Madrid CF,4,3,3.9717573564057673,3.259270988040549
2025-05-11T16:30:00Z,Primera Division,Athletic Club,Deportivo Alavés,1,0,1.0423031056289715,0.6736785945713705
2025-05-11T19:00:00Z,Primera Division,Real Betis Balompié,CA Osasuna,1,1,1.8787752310281547,1.63801269715814
2025-05-13T17:00:00Z,Primera Division,Real Valladolid CF,Girona FC,0,1,0.334442556232266,1.962132371933002
2025-05-13T18:00:00Z,Primera Division,Real Sociedad de Fútbol,RC Celta de Vigo,0,1,1.2674597857004757,1.8766049340865425
2025-05-13T19:30:00Z,Primera Division,Sevilla FC,UD Las Palmas,1,0,1.3307257204027834,0.29429752472296095
2025-05-14T17:00:00Z,Primera Division,Deportivo Alavés,Valencia CF,1,0,1.555365390959111,0.7460895123526894
2025-05-14T17:00:00Z,Primera Division,Villarreal CF,CD Leganés,3,0,3.9626329857703624,0.2147139850716585
2025-05-14T19:30:00Z,Primera Division,Real Madrid CF,RCD Mallorca,2,1,3.101827866447737,1.7087796302822549
2025-05-15T17:00:00Z,Primera Division,CA Osasuna,Club Atlético de Madrid,2,0,3.1184510729909194,0.3450157403719677
2025-05-15T17:00:00Z,Primera Division,Rayo Vallecano de Madrid,Real Betis Balompié,2,2,2.8625098691779427,2.1930240329873247
2025-05-15T19:30:00Z,Primera Division,Getafe CF,Athletic Club,0,2,0.8072187577434387,2.5840136028092213
2025-05-15T19:30:00Z,Primera Division,RCD Espanyol de Barcelona,FC Barcelona,0,2,0.6777580847603549,1.6976298615537577
2025-05-18T17:00:00Z,Primera Division,Club Atlético de Madrid,Real Betis Balompié,4,1,4.733508322849992,0.9747073276784316
2025-05-18T17:00:00Z,Primera Division,RC Celta de Vigo,Rayo Vallecano de Madrid,1,2,1.33464428510144,2.446752434867715
2025-05-18T17:00:00Z,Primera Division,FC Barcelona,Villarreal CF,2,3,2.2545403349733077,3.5247325299904526
2025-05-18T17:00:00Z,Primera Division,Sevilla FC,Real Madrid CF,0,2,0.49898766277671436,2.3892043689525435
2025-05-18T17:00:00Z,Primera Division,Valencia CF,Athletic Club,0,1,0.44894461324252144,1.0261691103847204
2025-05-18T17:00:00Z,Primera Division,RCD Mallorca,Getafe CF,1,2,1.3640315852018174,2.2546324473584485
2025-05-18T17:00:00Z,Primera Division,Real Sociedad de Fútbol,Girona FC,3,2,3.7089162342370146,2.617362798171218
2025-05-18T17:00:00Z,Primera Division,Real Valladolid CF,Deportivo Alavés,0,1,0.7865915625711533,1.6745345311885087
2025-05-18T17:00:00Z,Primera Division,UD Las Palmas,CD Leganés,0,1,0.5265220658875542,1.4951330647212178
2025-05-18T17:00:00Z,Primera Division,CA Osasuna,RCD Espanyol de Barcelona,2,0,2.9432590243165784,0.8470501343110967
2025-05-23T19:00:00Z,Primera Division,Real Betis Balompié,Valencia CF,1,1,1.1574932657599484,1.6192191070377704
2025-05-24T14:15:00Z,Primera Division,Real Madrid CF,Real Sociedad de Fútbol,2,0,2.441902162216085,0.27576330381253633
2025-05-24T16:30:00Z,Primera Division,CD Leganés,Real Valladolid CF,3,0,3.2849533038191585,0.4158493839765148
2025-05-24T16:30:00Z,Primera Division,RCD Espanyol de Barcelona,UD Las Palmas,2,0,1.940039014878082,0.07914015283764358
2025-05-24T19:00:00Z,Primera Division,Deportivo Alavés,CA Osasuna,1,1,1.4751957942471903,1.467558302882575
2025-05-24T19:00:00Z,Primera Division,Getafe CF,RC Celta de Vigo,1,2,1.463475747485015,2.8336301857664017
2025-05-24T19:00:00Z,Primera Division,Rayo Vallecano de Madrid,RCD Mallorca,0,0,0.9540349229726393,0.7055870254132903
2025-05-25T12:00:00Z,Primera Division,Girona FC,Club Atlético de Madrid,0,4,0.6892435053664332,4.920602797775737
2025-05-25T14:15:00Z,Primera Division,Villarreal CF,Sevilla FC,4,2,4.192743952701239,2.409134426860302
2025-05-25T19:00:00Z,Primera Division,Athletic Club,FC Barcelona,0,3,1.0562277699002565,3.9038299383542774
2023-08-18T18:30:00Z,Bundesliga,SV Werder Bremen,FC Bayern München,0,4,0.8663101086576059,4.442008732065609
2023-08-19T13:30:00Z,Bundesliga,Bayer 04 Leverkusen,RB Leipzig,3,2,3.6746293110405848,2.941475524770968
2023-08-19T13:30:00Z,Bundesliga,VfL Wolfsburg,1. FC Heidenheim 1846,2,0,2.4320547703450504,0.4934429757673629
2023-08-19T13:30:00Z,Bundesliga,TSG 1899 Hoffenheim,SC Freiburg,1,2,1.212168228982956,2.712169412141283
2023-08-19T13:30:00Z,Bundesliga,FC Augsburg,Borussia Mönchengladbach,4,4,4.388337967178684,4.942533709292957
2023-08-19T13:30:00Z,Bundesliga,VfB Stuttgart,VfL Bochum 1848,5,0,5.826624585911256,0.4419717114256383
2023-08-19T16:30:00Z,Bundesliga,Borussia Dortmund,1. FC Köln,1,0,2.065375891780383,0.5655166962632523
2023-08-20T13:30:00Z,Bundesliga,1. FC Union Berlin,1. FSV Mainz 05,4,1,4.962973058481657,1.8866590275618906
2023-08-20T15:30:00Z,Bundesliga,Eintracht Frankfurt,SV Darmstadt 98,1,0,1.3533451734641178,0.4600990508209809
2023-08-25T18:30:00Z,Bundesliga,RB Leipzig,VfB Stuttgart,5,1,5.164114770013296,1.1037323152481517
2023-08-26T13:30:00Z,Bundesliga,SC Freiburg,SV Werder Bremen,1,0,1.5422658740733612,1.142902116375473
2023-08-26T13:30:00Z,Bundesliga,1. FC Köln,VfL Wolfsburg,1,2,0.9694681903311445,2.359070660698859
2023-08-26T13:30:00Z,Bundesliga,VfL Bochum 1848,Borussia Dortmund,1,1,1.5969503142554344,1.547626815281263
2023-08-26T13:30:00Z,Bundesliga,1. FC Heidenheim 1846,TSG 1899 Hoffenheim,2,3,2.4557192241103993,3.8468020008353383
2023-08-26T13:30:00Z,Bundesliga,SV Darmstadt 98,1. FC Union Berlin,1,4,1.3601890494395272,4.31745182888064
2023-08-26T16:30:00Z,Bundesliga,Borussia Mönchengladbach,Bayer 04 Leverkusen,0,3,0.021589079819961388,3.197639626033361
2023-08-27T13:30:00Z,Bundesliga,1. FSV Mainz 05,Eintracht Frankfurt,1,1,1.654080031970915,1.5761211890324498
2023-08-27T15:30:00Z,Bundesliga,FC Bayern München,FC Augsburg,3,1,3.3401897481014267,0.9620770806262832
2023-09-01T18:30:00Z,Bundesliga,Borussia Dortmund,1. FC Heidenheim 1846,2,2,2.149024949286914,2.413628176939624
2023-09-02T13:30:00Z,Bundesliga,Bayer 04 Leverkusen,SV Darmstadt 98,5,1,4.638321336015506,1.5735115992946218
2023-09-02T13:30:00Z,Bundesliga,TSG 1899 Hoffenheim,VfL Wolfsburg,3,1,3.491745528484809,1.4190144309524508
2023-09-02T13:30:00Z,Bundesliga,SV Werder Bremen,1. FSV Mainz 05,4,0,5.031675479000923,0.0369647170442759
2023-09-02T13:30:00Z,Bundesliga,FC Augsburg,VfL Bochum 1848,2,2,2.9983777643643608,2.9782533868612036
2023-09-02T13:30:00Z,Bundesliga,VfB Stuttgart,SC Freiburg,5,0,5.362871123024118,0.5310614461847526
2023-09-02T16:30:00Z,Bundesliga,Borussia Mönchengladbach,FC Bayern München,1,2,1.3193363818914658,2.9293456353285223
2023-09-03T13:30:00Z,Bundesliga,Eintracht Frankfurt,1. FC Köln,1,1,1.6406322768225072,1.4219891249458665
2023-09-03T15:30:00Z,Bundesliga,1. FC Union Berlin,RB Leipzig,0,3,0.20048436824351257,3.235996405492771
2023-09-15T18:30:00Z,Bundesliga,FC Bayern München,Bayer 04 Leverkusen,2,2,2.5905375699458397,2.580754276076548
2023-09-16T13:30:00Z,Bundesliga,RB Leipzig,FC Augsburg,3,0,3.729824083515407,0.4352638621015341
2023-09-16T13:30:00Z,Bundesliga,SC Freiburg,Borussia Dortmund,2,4,2.8680799671652926,4.1466715626025925
2023-09-16T13:30:00Z,Bundesliga,VfL Wolfsburg,1. FC Union Berlin,2,1,2.469953777056014,1.9409352776362487
2023-09-16T13:30:00Z,Bundesliga,1. FSV Mainz 05,VfB Stuttgart,1,3,1.4388978749469103,3.3133189331318014
2023-09-16T13:30:00Z,Bundesliga,1. FC Köln,TSG 1899 Hoffenheim,1,3,1.2366052239730316,2.9479200845613294
2023-09-16T16:30:00Z,Bundesliga,VfL Bochum 1848,Eintracht Frankfurt,1,1,1.251935893788042,1.8984498161871999
2023-09-17T13:30:00Z,Bundesliga,1. FC Heidenheim 1846,SV Werder Bremen,4,2,4.432056332429542,2.348710595256213
2023-09-17T15:30:00Z,Bundesliga,SV Darmstadt 98,Borussia Mönchengladbach,3,3,3.6102096520448534,3.3176528322153125
2023-09-22T18:30:00Z,Bundesliga,VfB Stuttgart,SV Darmstadt 98,3,1,3.774075387869975,0.9703837238910078
2023-09-23T13:30:00Z,Bundesliga,FC Bayern München,VfL Bochum 1848,7,0,7.259046314795897,1.0222824459790973
2023-09-23T13:30:00Z,Bundesliga,Borussia Dortmund,VfL Wolfsburg,1,0,1.9478065706878565,0.11315582383709377
2023-09-23T13:30:00Z,Bundesliga,1. FC Union Berlin,TSG 1899 Hoffenheim,0,2,0.41866291968722935,2.5175348442116947
2023-09-23T13:30:00Z,Bundesliga,Borussia Mönchengladbach,RB Leipzig,0,1,0.49358981169546917,1.7737860967621322
2023-09-23T13:30:00Z,Bundesliga,FC Augsburg,1. FSV Mainz 05,2,1,2.275836496255653,1.6265150799009291
2023-09-23T16:30:00Z,Bundesliga,SV Werder Bremen,1. FC Köln,2,1,1.7727279219181176,1.4821037064023426
2023-09-24T13:30:00Z,Bundesliga,Bayer 04 Leverkusen,1. FC Heidenheim 1846,4,1,4.765213618908315,0.9895002425137751
2023-09-24T15:30:00Z,Bundesliga,Eintracht Frankfurt,SC Freiburg,0,0,0.72105316912773,0.25708254926981483
2023-09-29T18:30:00Z,Bundesliga,TSG 1899 Hoffenheim,Borussia Dortmund,1,3,1.415601732864536,3.5563401014127565
2023-09-30T13:30:00Z,Bundesliga,VfL Wolfsburg,Eintracht Frankfurt,2,0,2.5200972151674614,0.2638477790039011
2023-09-30T13:30:00Z,Bundesliga,1. FSV Mainz 05,Bayer 04 Leverkusen,0,3,0.6547817653112298,3.56100783799963
2023-09-30T13:30:00Z,Bundesliga,1. FC Köln,VfB Stuttgart,0,2,0.031236242934037206,2.7045230226445423
2023-09-30T13:30:00Z,Bundesliga,VfL Bochum 1848,Borussia Mönchengladbach,1,3,1.3412841967961115,3.7887508657400306
2023-09-30T13:30:00Z,Bundesliga,1. FC Heidenheim 1846,1. FC Union Berlin,1,0,1.7382794038865481,0.13214619265619498
2023-09-30T16:30:00Z,Bundesliga,RB Leipzig,FC Bayern München,2,2,2.123713173049225,3.158993816493686
2023-10-01T13:30:00Z,Bundesliga,SV Darmstadt 98,SV Werder Bremen,4,2,4.5880673796499885,2.730243803366239
2023-10-01T15:30:00Z,Bundesliga,SC Freiburg,FC Augsburg,2,0,2.0930254586129786,0.4994857538992808
2023-10-06T18:30:00Z,Bundesliga,Borussia Mönchengladbach,1. FSV Mainz 05,2,2,2.6399289947300577,2.826860974922992
2023-10-07T13:30:00Z,Bundesliga,Borussia Dortmund,1. FC Union Berlin,4,2,4.489307555310755,3.209622331599992
2023-10-07T13:30:00Z,Bundesliga,RB Leipzig,VfL Bochum 1848,0,0,0.015460455228347159,0.06838396968293914
2023-10-07T13:30:00Z,Bundesliga,FC Augsburg,SV Darmstadt 98,1,2,1.8494218063371515,2.432421207252594
2023-10-07T13:30:00Z,Bundesliga,VfB Stuttgart,VfL Wolfsburg,3,1,3.279622526960585,0.7864705020380015
2023-10-07T16:30:00Z,Bundesliga,SV Werder Bremen,TSG 1899 Hoffenheim,2,3,2.256924268895686,3.5577954597944075
2023-10-08T13:30:00Z,Bundesliga,Bayer 04 Leverkusen,1. FC Köln,3,0,3.560170759169283,0.6096182725775422
2023-10-08T15:30:00Z,Bundesliga,FC Bayern München,SC Freiburg,3,0,3.844591204828615,0.4882513653671722
2023-10-08T17:30:00Z,Bundesliga,Eintracht Frankfurt,1. FC Heidenheim 1846,2,0,2.195253454306481,0.30363992870050704
2023-10-20T18:30:00Z,Bundesliga,Borussia Dortmund,SV Werder Bremen,1,0,1.5185039549543915,0.0
2023-10-21T13:30:00Z,Bundesliga,TSG 1899 Hoffenheim,Eintracht Frankfurt,1,3,1.6286449500991718,3.612060105023531
2023-10-21T13:30:00Z,Bundesliga,SV Darmstadt 98,RB Leipzig,1,3,1.7079316821789432,3.9366303451745974
2023-10-21T13:30:00Z,Bundesliga,1. FC Union Berlin,VfB Stuttgart,0,3,0.5529324665831675,3.32269446327997
2023-10-21T13:30:00Z,Bundesliga,SC Freiburg,VfL Bochum 1848,2,1,2.3898916482750034,1.6320179787069435
2023-10-21T13:30:00Z,Bundesliga,VfL Wolfsburg,Bayer 04 Leverkusen,1,2,1.2517229338053841,2.029556705973985
2023-10-21T16:30:00Z,Bundesliga,1. FSV Mainz 05,FC Bayern München,1,3,1.5258431649139124,3.637163919107754
2023-10-22T13:30:00Z,Bundesliga,1. FC Köln,Borussia Mönchengladbach,3,1,3.1783582964043178,1.381985310676603
2023-10-22T15:30:00Z,Bundesliga,1. FC Heidenheim 1846,FC Augsburg,2,5,1.6235948549516177,5.271274614819125
2023-10-27T18:30:00Z,Bundesliga,VfL Bochum 1848,1. FSV Mainz 05,2,2,2.6309679412473006,2.2718909076351608
2023-10-28T13:30:00Z,Bundesliga,FC Bayern München,SV Darmstadt 98,8,0,8.771180452325858,0.381916525390097
2023-10-28T13:30:00Z,Bundesliga,Borussia Mönchengladbach,1. FC Heidenheim 1846,2,1,1.7911202693374486,1.6147299947077607
2023-10-28T13:30:00Z,Bundesliga,SV Werder Bremen,1. FC Union Berlin,2,0,2.197080788587019,0.10635103964134468
2023-10-28T13:30:00Z,Bundesliga,FC Augsburg,VfL Wolfsburg,3,2,3.6857462783015595,2.380865400529644
2023-10-28T13:30:00Z,Bundesliga,VfB Stuttgart,TSG 1899 Hoffenheim,2,3,3.11724864091351,3.4875584666002557
2023-10-28T16:30:00Z,Bundesliga,RB Leipzig,1. FC Köln,6,0,6.506238112302622,0.17028823264044224
2023-10-29T14:30:00Z,Bundesliga,Eintracht Frankfurt,Borussia Dortmund,3,3,3.2815991176312598,4.038999560502505
2023-10-29T16:30:00Z,Bundesliga,Bayer 04 Leverkusen,SC Freiburg,2,1,2.445131067668548,1.2439513559815976
2023-11-03T19:30:00Z,Bundesliga,SV Darmstadt 98,VfL Bochum 1848,1,2,1.9124629257444554,2.299168925909953
2023-11-04T14:30:00Z,Bundesliga,1. FC Union Berlin,Eintracht Frankfurt,0,3,0.30621074626263944,3.2065076150532508
2023-11-04T14:30:00Z,Bundesliga,SC Freiburg,Borussia Mönchengladbach,3,3,3.260242398004924,4.039544026141435
2023-11-04T14:30:00Z,Bundesliga,1. FSV Mainz 05,RB Leipzig,2,0,2.3551769433453904,0.6658715685798444
2023-11-04T14:30:00Z,Bundesliga,1. FC Köln,FC Augsburg,1,1,1.2140014175223863,1.2190223981269073
2023-11-04T14:30:00Z,Bundesliga,TSG 1899 Hoffenheim,Bayer 04 Leverkusen,2,3,2.5368010947984385,3.8318694676579907
2023-11-04T17:30:00Z,Bundesliga,Borussia Dortmund,FC Bayern München,0,4,0.9874035375408682,4.560209608286663
2023-11-05T14:30:00Z,Bundesliga,VfL Wolfsburg,SV Werder Bremen,2,2,2.5969237819348088,2.5771760263334507
2023-11-05T16:30:00Z,Bundesliga,1. FC Heidenheim 1846,VfB Stuttgart,2,0,2.424293949362114,0.3966568373742642
2023-11-10T19:30:00Z,Bundesliga,Borussia Mönchengladbach,VfL Wolfsburg,4,0,4.4124566193253365,0.275175203912908
2023-11-11T14:30:00Z,Bundesliga,FC Bayern München,1. FC Heidenheim 1846,4,2,4.031042757391003,2.6013298297163803
2023-11-11T14:30:00Z,Bundesliga,FC Augsburg,TSG 1899 Hoffenheim,1,1,1.7649329331441477,1.3364738310013229
2023-11-11T14:30:00Z,Bundesliga,VfB Stuttgart,Borussia Dortmund,2,1,2.4766488408961593,2.0450266888725315
2023-11-11T14:30:00Z,Bundesliga,SV Darmstadt 98,1. FSV Mainz 05,0,0,0.4458560259228123,0.11921266842706874
2023-11-11T17:30:00Z,Bundesliga,VfL Bochum 1848,1. FC Köln,1,1,2.4579322703534583,1.9608470318564835
2023-11-12T14:30:00Z,Bundesliga,Bayer 04 Leverkusen,1. FC Union Berlin,4,0,4.589625872509706,0.4666043453606598
2023-11-12T16:30:00Z,Bundesliga,SV Werder Bremen,Eintracht Frankfurt,2,2,2.2744626849714447,2.5897257202063315
2023-11-12T18:30:00Z,Bundesliga,RB Leipzig,SC Freiburg,3,1,3.372092721138337,1.7499473299888304
2023-11-24T19:30:00Z,Bundesliga,1. FC Köln,FC Bayern München,0,1,0.8445337127590264,1.3109252114986691
2023-11-25T14:30:00Z,Bundesliga,Borussia Dortmund,Borussia Mönchengladbach,4,2,4.533981123161329,2.759274515409591
2023-11-25T14:30:00Z,Bundesliga,1. FC Union Berlin,FC Augsburg,1,1,1.06851660650479,0.6877368433856469
2023-11-25T14:30:00Z,Bundesliga,SC Freiburg,SV Darmstadt 98,1,1,1.775768680372561,1.2840031400334182
2023-11-25T14:30:00Z,Bundesliga,VfL Wolfsburg,RB Leipzig,2,1,2.299556774338302,1.2227811577976804
2023-11-25T14:30:00Z,Bundesliga,SV Werder Bremen,Bayer 04 Leverkusen,0,3,1.0619893328652636,3.1239481962884716
2023-11-25T17:30:00Z,Bundesliga,Eintracht Frankfurt,VfB Stuttgart,1,2,1.8240144197143946,2.4355135485763144
2023-11-26T14:30:00Z,Bundesliga,1. FC Heidenheim 1846,VfL Bochum 1848,0,0,0.36580343130237464,0.6157249904545085
2023-11-26T16:30:00Z,Bundesliga,TSG 1899 Hoffenheim,1. FSV Mainz 05,1,1,1.884304908520534,1.7107979995497917
2023-12-01T19:30:00Z,Bundesliga,SV Darmstadt 98,1. FC Köln,0,1,0.520356653158221,1.5722630271601223
2023-12-02T14:30:00Z,Bundesliga,RB Leipzig,1. FC Heidenheim 1846,2,1,2.755832102536666,1.3002919605319359
2023-12-02T14:30:00Z,Bundesliga,Borussia Mönchengladbach,TSG 1899 Hoffenheim,2,1,2.6454198451883424,1.61070493134755
2023-12-02T14:30:00Z,Bundesliga,VfL Bochum 1848,VfL Wolfsburg,3,1,3.2460930035027378,1.5372857084552551
2023-12-02T17:30:00Z,Bundesliga,VfB Stuttgart,SV Werder Bremen,2,0,2.3069350503047614,0.7808168503808048
2023-12-03T14:30:00Z,Bundesliga,1. FSV Mainz 05,SC Freiburg,0,1,0.8089882452743484,1.733081010879455
2023-12-03T16:30:00Z,Bundesliga,Bayer 04 Leverkusen,Borussia Dortmund,1,1,1.3995674003680376,1.5091429241761887
2023-12-03T18:30:00Z,Bundesliga,FC Augsburg,Eintracht Frankfurt,2,1,2.3789054610274007,1.230824098151623
2023-12-08T19:30:00Z,Bundesliga,TSG 1899 Hoffenheim,VfL Bochum 1848,3,1,3.213463226195194,1.3041149532503757
2023-12-09T14:30:00Z,Bundesliga,1. FC Union Berlin,Borussia Mönchengladbach,3,1,3.627079719678038,1.33506319210859
2023-12-09T14:30:00Z,Bundesliga,Eintracht Frankfurt,FC Bayern München,5,1,6.118757475772943,1.4054200998251232
2023-12-09T14:30:00Z,Bundesliga,VfL Wolfsburg,SC Freiburg,0,1,0.17974012572371817,1.5804151282769259
2023-12-09T14:30:00Z,Bundesliga,SV Werder Bremen,FC Augsburg,2,0,2.5072658370018273,0.7145523170384175
2023-12-09T14:30:00Z,Bundesliga,1. FC Heidenheim 1846,SV Darmstadt 98,3,2,3.9236661666246286,2.484664392095387
2023-12-09T17:30:00Z,Bundesliga,Borussia Dortmund,RB Leipzig,2,3,2.4761075826262853,3.504837436370142
2023-12-10T14:30:00Z,Bundesliga,VfB Stuttgart,Bayer 04 Leverkusen,1,1,1.6357115388749202,1.5429918915000012
2023-12-10T16:30:00Z,Bundesliga,1. FC Köln,1. FSV Mainz 05,0,0,0.18128194155593608,0.34522840606029803
2023-12-15T19:30:00Z,Bundesliga,Borussia Mönchengladbach,SV Werder Bremen,2,2,2.6284921291622947,2.222382322707113
2023-12-16T14:30:00Z,Bundesliga,1. FSV Mainz 05,1. FC Heidenheim 1846,0,1,0.44385672049863534,0.973368630806787
2023-12-16T14:30:00Z,Bundesliga,VfL Bochum 1848,1. FC Union Berlin,3,0,3.795718998703959,0.2914551925769383
2023-12-16T14:30:00Z,Bundesliga,FC Augsburg,Borussia Dortmund,1,1,1.8562158154694253,1.641943635980336
2023-12-16T14:30:00Z,Bundesliga,SV Darmstadt 98,VfL Wolfsburg,0,1,1.2768690926055841,1.28912656858813
2023-12-16T17:30:00Z,Bundesliga,RB Leipzig,TSG 1899 Hoffenheim,3,1,3.673889951964073,1.428657888772218
2023-12-17T14:30:00Z,Bundesliga,SC Freiburg,1. FC Köln,2,0,2.59773889497465,0.6399293862236951
2023-12-17T16:30:00Z,Bundesliga,Bayer 04 Leverkusen,Eintracht Frankfurt,3,0,3.558315290473201,0.6562068489268006
2023-12-17T18:30:00Z,Bundesliga,FC Bayern München,VfB Stuttgart,3,0,3.3940501121567936,0.17614014435018832
2023-12-19T17:30:00Z,Bundesliga,SV Werder Bremen,RB Leipzig,1,1,1.6015451530385074,1.7991178069360925
2023-12-19T19:30:00Z,Bundesliga,Borussia Dortmund,1. FSV Mainz 05,1,1,1.411379576958291,1.8382050268066457
2023-12-19T19:30:00Z,Bundesliga,TSG 1899 Hoffenheim,SV Darmstadt 98,3,3,3.5505382928808844,3.161045042834432
2023-12-20T17:30:00Z,Bundesliga,1. FC Union Berlin,1. FC Köln,2,0,2.895279260682388,0.25284893910765377
2023-12-20T19:30:00Z,Bundesliga,Bayer 04 Leverkusen,VfL Bochum 1848,4,0,4.198037230416108,0.8573272049438574
2023-12-20T19:30:00Z,Bundesliga,Eintracht Frankfurt,Borussia Mönchengladbach,2,1,2.8419635683387137,1.4559439436234096
2023-12-20T19:30:00Z,Bundesliga,VfL Wolfsburg,FC Bayern München,1,2,1.8951345202019596,1.8340666157644447
2023-12-20T19:30:00Z,Bundesliga,VfB Stuttgart,FC Augsburg,3,0,3.4645794419026763,0.08009554858019413
2023-12-20T19:30:00Z,Bundesliga,1. FC Heidenheim 1846,SC Freiburg,3,2,2.8634435302974217,2.4251891124482556
2024-01-12T19:30:00Z,Bundesliga,FC Bayern München,TSG 1899 Hoffenheim,3,0,3.3176534038716703,0.15108720491461947
2024-01-13T14:30:00Z,Bundesliga,RB Leipzig,Eintracht Frankfurt,0,1,0.8890983639683327,1.3759728688090676
2024-01-13T14:30:00Z,Bundesliga,SC Freiburg,1. FC Union Berlin,0,0,0.49313958131033536,0.5097188641050736
2024-01-13T14:30:00Z,Bundesliga,1. FSV Mainz 05,VfL Wolfsburg,1,1,1.2002093303115267,1.9386763812104186
2024-01-13T14:30:00Z,Bundesliga,1. FC Köln,1. FC Heidenheim 1846,1,1,1.3485675236315346,1.4128638251316632
2024-01-13T14:30:00Z,Bundesliga,FC Augsburg,Bayer 04 Leverkusen,0,1,0.7521860079513659,1.8217625398718276
2024-01-13T17:30:00Z,Bundesliga,SV Darmstadt 98,Borussia Dortmund,0,3,0.6640200704604138,3.9286280486110314
2024-01-14T14:30:00Z,Bundesliga,VfL Bochum 1848,SV Werder Bremen,1,1,1.4283203702490916,1.9302929008056229
2024-01-14T16:30:00Z,Bundesliga,Borussia Mönchengladbach,VfB Stuttgart,3,1,3.389952676455594,1.5854263780156703
2024-01-20T14:30:00Z,Bundesliga,1. FC Köln,Borussia Dortmund,0,4,0.3824725552868534,3.9110132556483075
2024-01-20T14:30:00Z,Bundesliga,SV Darmstadt 98,Eintracht Frankfurt,2,2,2.2232769446504492,2.6382474596211596
2024-01-20T14:30:00Z,Bundesliga,1. FC Heidenheim 1846,VfL Wolfsburg,1,1,1.9846127068408326,1.8145199663440623
2024-01-20T14:30:00Z,Bundesliga,SC Freiburg,TSG 1899 Hoffenheim,3,2,3.403303859236598,2.475679868369375
2024-01-20T14:30:00Z,Bundesliga,VfL Bochum 1848,VfB Stuttgart,1,0,1.865147556247649,1.0233751610225745
2024-01-20T17:30:00Z,Bundesliga,RB Leipzig,Bayer 04 Leverkusen,2,3,2.9563948155767354,3.7579500684402376
2024-01-21T14:30:00Z,Bundesliga,FC Bayern München,SV Werder Bremen,0,1,0.7994932694443881,1.6704820131458353
2024-01-21T16:30:00Z,Bundesliga,Borussia Mönchengladbach,FC Augsburg,1,2,1.3705139061845855,2.8259142133617514
2024-01-24T19:30:00Z,Bundesliga,FC Bayern München,1. FC Union Berlin,1,0,1.6211190271009828,0.6000109553782634
2024-01-26T19:30:00Z,Bundesliga,Eintracht Frankfurt,1. FSV Mainz 05,1,0,1.4927413180827251,0.0
2024-01-27T14:30:00Z,Bundesliga,FC Augsburg,FC Bayern München,2,3,2.2288894417809617,3.3502583145588902
2024-01-27T14:30:00Z,Bundesliga,VfB Stuttgart,RB Leipzig,5,2,5.597307784516481,2.859150408174356
2024-01-27T14:30:00Z,Bundesliga,SV Werder Bremen,SC Freiburg,3,1,3.1462880626520593,1.2577225979705111
2024-01-27T14:30:00Z,Bundesliga,VfL Wolfsburg,1. FC Köln,1,1,1.856303816538469,1.4329582484289183
2024-01-27T14:30:00Z,Bundesliga,TSG 1899 Hoffenheim,1. FC Heidenheim 1846,1,1,1.360614810810482,1.1865491058290787
2024-01-27T17:30:00Z,Bundesliga,Bayer 04 Leverkusen,Borussia Mönchengladbach,0,0,0.5603478967618518,1.0351767785605306
2024-01-28T14:30:00Z,Bundesliga,1. FC Union Berlin,SV Darmstadt 98,1,0,1.5849863614638426,1.0044477372254046
2024-01-28T16:30:00Z,Bundesliga,Borussia Dortmund,VfL Bochum 1848,3,1,3.4223285078887766,1.2348393314577812
2024-02-02T19:30:00Z,Bundesliga,1. FC Heidenheim 1846,Borussia Dortmund,0,0,0.6760081404425824,0.5441894001167252
2024-02-03T14:30:00Z,Bundesliga,SV Darmstadt 98,Bayer 04 Leverkusen,0,2,0.3575289030132427,2.2958517856707856
2024-02-03T14:30:00Z,Bundesliga,FC Bayern München,Borussia Mönchengladbach,3,1,3.7613891892371734,1.6844833917094135
2024-02-03T14:30:00Z,Bundesliga,1. FSV Mainz 05,SV Werder Bremen,0,1,0.09620609592597545,1.6529049231726987
2024-02-03T14:30:00Z,Bundesliga,VfL Bochum 1848,FC Augsburg,1,1,1.5379138738639235,1.7435116714839798
2024-02-03T14:30:00Z,Bundesliga,SC Freiburg,VfB Stuttgart,1,3,2.0816786997174854,3.599575534312366
2024-02-03T17:30:00Z,Bundesliga,1. FC Köln,Eintracht Frankfurt,2,0,2.1999006026183276,1.3806218619165405
2024-02-04T14:30:00Z,Bundesliga,VfL Wolfsburg,TSG 1899 Hoffenheim,2,2,2.2966765088425447,2.1916228704967784
2024-02-04T16:30:00Z,Bundesliga,RB Leipzig,1. FC Union Berlin,2,0,2.654172354897675,0.0
2024-02-07T17:30:00Z,Bundesliga,1. FSV Mainz 05,1. FC Union Berlin,1,1,1.5538745345818794,1.3820729397895617
2024-02-09T19:30:00Z,Bundesliga,Borussia Dortmund,SC Freiburg,3,0,3.6051890297820677,0.029603520331919764
2024-02-10T14:30:00Z,Bundesliga,FC Augsburg,RB Leipzig,2,2,2.646756139044299,2.052261318998202
2024-02-10T14:30:00Z,Bundesliga,1. FC Union Berlin,VfL Wolfsburg,1,0,1.690416440568531,0.19960560374060993
2024-02-10T14:30:00Z,Bundesliga,Eintracht Frankfurt,VfL Bochum 1848,1,1,1.832909952586867,1.2233433283705117
2024-02-10T14:30:00Z,Bundesliga,SV Werder Bremen,1. FC Heidenheim 1846,1,2,1.6229455970785538,2.213614569414982
2024-02-10T14:30:00Z,Bundesliga,Borussia Mönchengladbach,SV Darmstadt 98,0,0,0.42762270361443727,0.6554656851336235
2024-02-10T17:30:00Z,Bundesliga,Bayer 04 Leverkusen,FC Bayern München,3,0,3.701772110360819,0.3481432816743992
2024-02-11T14:30:00Z,Bundesliga,VfB Stuttgart,1. FSV Mainz 05,3,1,4.0699645804685645,1.446145627538256
2024-02-11T16:30:00Z,Bundesliga,TSG 1899 Hoffenheim,1. FC Köln,1,1,1.460209876085228,1.7682698323502803
2024-02-16T19:30:00Z,Bundesliga,1. FC Köln,SV Werder Bremen,0,1,0.20764120859880758,1.2701032425655723
2024-02-17T14:30:00Z,Bundesliga,VfL Wolfsburg,Borussia Dortmund,1,1,1.8321242007860918,1.4206362303885833
2024-02-17T14:30:00Z,Bundesliga,TSG 1899 Hoffenheim,1. FC Union Berlin,0,1,0.4638856508139205,1.6097279958278747
2024-02-17T14:30:00Z,Bundesliga,1. FC Heidenheim 1846,Bayer 04 Leverkusen,1,2,0.8481991361957891,1.9175296598139338
2024-02-17T14:30:00Z,Bundesliga,1. FSV Mainz 05,FC Augsburg,1,0,1.7542265031451265,0.0
2024-02-17T14:30:00Z,Bundesliga,SV Darmstadt 98,VfB Stuttgart,1,2,1.3394015442138232,2.6038351986393167
2024-02-17T17:30:00Z,Bundesliga,RB Leipzig,Borussia Mönchengladbach,2,0,2.4728400153087517,0.6476042841700695
2024-02-18T14:30:00Z,Bundesliga,SC Freiburg,Eintracht Frankfurt,3,3,3.5995940991707043,4.119266040455724
2024-02-18T16:30:00Z,Bundesliga,VfL Bochum 1848,FC Bayern München,3,2,3.5571499039337198,2.5474284627600428
2024-02-23T19:30:00Z,Bundesliga,Bayer 04 Leverkusen,1. FSV Mainz 05,2,1,2.712835545141712,1.7459219151774286
2024-02-24T14:30:00Z,Bundesliga,VfB Stuttgart,1. FC Köln,1,1,1.369354088829047,1.441358206924208
2024-02-24T14:30:00Z,Bundesliga,1. FC Union Berlin,1. FC Heidenheim 1846,2,2,2.653931739452825,2.5891681664755257
2024-02-24T14:30:00Z,Bundesliga,SV Werder Bremen,SV Darmstadt 98,1,1,1.4221359967248248,2.00017705252486
2024-02-24T14:40:00Z,Bundesliga,Borussia Mönchengladbach,VfL Bochum 1848,5,2,5.721643144266251,1.8628021545623095
2024-02-24T17:30:00Z,Bundesliga,FC Bayern München,RB Leipzig,2,1,2.684610245203916,1.6240848772715042
2024-02-25T14:30:00Z,Bundesliga,Eintracht Frankfurt,VfL Wolfsburg,2,2,2.2193683893866214,3.1406760190232097
2024-02-25T16:30:00Z,Bundesliga,Borussia Dortmund,TSG 1899 Hoffenheim,2,3,2.8257946348525094,3.5846102657628025
2024-02-25T18:30:00Z,Bundesliga,FC Augsburg,SC Freiburg,2,1,2.3392109664657856,1.9951718889698542
2024-03-01T19:30:00Z,Bundesliga,SC Freiburg,FC Bayern München,2,2,2.7424173394843434,2.311236355141167
2024-03-02T14:30:00Z,Bundesliga,1. FC Union Berlin,Borussia Dortmund,0,2,0.6101861940204022,2.490385751750886
2024-03-02T14:30:00Z,Bundesliga,VfL Bochum 1848,RB Leipzig,1,4,2.0514551030385366,4.510057410716576
2024-03-02T14:30:00Z,Bundesliga,1. FC Heidenheim 1846,Eintracht Frankfurt,1,2,1.4329602052884445,1.834722676192369
2024-03-02T14:30:00Z,Bundesliga,1. FSV Mainz 05,Borussia Mönchengladbach,1,1,1.3952049611645407,1.14954665164494
2024-03-02T14:30:00Z,Bundesliga,SV Darmstadt 98,FC Augsburg,0,6,0.49417411823368024,6.170937476184804
2024-03-02T17:30:00Z,Bundesliga,VfL Wolfsburg,VfB Stuttgart,2,3,2.409046065149717,3.746619823409758
2024-03-03T14:30:00Z,Bundesliga,1. FC Köln,Bayer 04 Leverkusen,0,2,0.7399825705826151,2.7616459317052167
2024-03-03T16:30:00Z,Bundesliga,TSG 1899 Hoffenheim,SV Werder Bremen,2,1,2.0151068174690234,1.5972109328119601
2024-03-08T19:30:00Z,Bundesliga,VfB Stuttgart,1. FC Union Berlin,2,0,2.183895274256094,0.7472308690567118
2024-03-09T14:30:00Z,Bundesliga,FC Bayern München,1. FSV Mainz 05,8,1,8.179659123526243,1.4507551761834678
2024-03-09T14:30:00Z,Bundesliga,Borussia Mönchengladbach,1. FC Köln,3,3,3.7850922775920726,3.860579500861863
2024-03-09T14:30:00Z,Bundesliga,FC Augsburg,1. FC Heidenheim 1846,1,0,2.0131840117745776,0.5026365327896215
2024-03-09T14:30:00Z,Bundesliga,RB Leipzig,SV Darmstadt 98,2,0,2.4686652344387587,0.517359214228027
2024-03-09T17:30:00Z,Bundesliga,SV Werder Bremen,Borussia Dortmund,1,2,1.4493534830429968,2.4203222100212765
2024-03-10T14:30:00Z,Bundesliga,VfL Bochum 1848,SC Freiburg,1,2,1.5210156489339544,2.7053351432909283
2024-03-10T16:30:00Z,Bundesliga,Eintracht Frankfurt,TSG 1899 Hoffenheim,3,1,3.848563490782457,1.373640355016126
2024-03-10T18:30:00Z,Bundesliga,Bayer 04 Leverkusen,VfL Wolfsburg,2,0,2.2217940597428276,0.7929294131594204
2024-03-15T19:30:00Z,Bundesliga,1. FC Köln,RB Leipzig,1,5,1.5715106948204356,5.160355257785198
2024-03-16T14:30:00Z,Bundesliga,SV Darmstadt 98,FC Bayern München,2,5,2.792559288934729,5.1703251235815415
2024-03-16T14:30:00Z,Bundesliga,1. FC Heidenheim 1846,Borussia Mönchengladbach,1,1,1.6503282509819535,1.7062280265379512
2024-03-16T14:30:00Z,Bundesliga,1. FC Union Berlin,SV Werder Bremen,2,1,2.556874484979623,1.4734367356250961
2024-03-16T14:30:00Z,Bundesliga,1. FSV Mainz 05,VfL Bochum 1848,2,0,2.8003138277701423,0.36383257515406153
2024-03-16T14:30:00Z,Bundesliga,VfL Wolfsburg,FC Augsburg,1,3,0.6890303121002289,3.7670173197426378
2024-03-16T17:30:00Z,Bundesliga,TSG 1899 Hoffenheim,VfB Stuttgart,0,3,0.7033625958592723,3.3178215757741745
2024-03-17T14:30:00Z,Bundesliga,SC Freiburg,Bayer 04 Leverkusen,2,3,2.303777295061773,3.439939623709889
2024-03-17T16:30:00Z,Bundesliga,Borussia Dortmund,Eintracht Frankfurt,3,1,2.950810130943063,1.9197683850213478
2024-03-30T14:30:00Z,Bundesliga,Eintracht Frankfurt,1. FC Union Berlin,0,0,0.6533607798574942,0.9617427037431951
2024-03-30T14:30:00Z,Bundesliga,Borussia Mönchengladbach,SC Freiburg,0,3,0.9120975635488873,3.971719463081098
2024-03-30T14:30:00Z,Bundesliga,SV Werder Bremen,VfL Wolfsburg,0,2,0.4587654456116924,2.4153622669198267
2024-03-30T14:30:00Z,Bundesliga,RB Leipzig,1. FSV Mainz 05,0,0,0.7858623641608816,0.869210871495341
2024-03-30T14:30:00Z,Bundesliga,Bayer 04 Leverkusen,TSG 1899 Hoffenheim,2,1,2.9836834773965935,1.2153141516693966
2024-03-30T17:30:00Z,Bundesliga,FC Bayern München,Borussia Dortmund,0,2,0.8944743360752142,2.2279291375833816
2024-03-31T13:30:00Z,Bundesliga,FC Augsburg,1. FC Köln,1,1,1.991989358811418,0.7948632442126917
2024-03-31T15:30:00Z,Bundesliga,VfB Stuttgart,1. FC Heidenheim 1846,3,3,3.7226382473215676,4.001860460569559
2024-03-31T17:30:00Z,Bundesliga,VfL Bochum 1848,SV Darmstadt 98,2,2,2.522630091670478,2.2408060452771768
2024-04-05T18:30:00Z,Bundesliga,Eintracht Frankfurt,SV Werder Bremen,1,1,1.0194102564308496,1.462040226075882
2024-04-06T13:30:00Z,Bundesliga,1. FC Heidenheim 1846,FC Bayern München,3,2,3.4261812535610154,2.2269026974215147
2024-04-06T13:30:00Z,Bundesliga,SC Freiburg,RB Leipzig,1,4,1.2470260214051425,4.708549574499042
2024-04-06T13:30:00Z,Bundesliga,1. FC Union Berlin,Bayer 04 Leverkusen,0,1,1.1512828152493442,1.387309901784798
2024-04-06T13:30:00Z,Bundesliga,1. FC Köln,VfL Bochum 1848,2,1,2.447234256270299,1.1085549328701152
2024-04-06T13:30:00Z,Bundesliga,1. FSV Mainz 05,SV Darmstadt 98,4,0,4.536961442035346,0.6324987692558182
2024-04-06T16:30:00Z,Bundesliga,Borussia Dortmund,VfB Stuttgart,0,1,0.6654456128121402,1.0698809925569315
2024-04-07T13:30:00Z,Bundesliga,TSG 1899 Hoffenheim,FC Augsburg,3,1,3.5130807339117363,1.2487782824053526
2024-04-07T15:30:00Z,Bundesliga,VfL Wolfsburg,Borussia Mönchengladbach,1,3,2.0085153121292256,2.8679332656121757
2024-04-12T18:30:00Z,Bundesliga,FC Augsburg,1. FC Union Berlin,2,0,2.3132051914796645,0.07281256634071798
2024-04-13T13:30:00Z,Bundesliga,Borussia Mönchengladbach,Borussia Dortmund,1,2,1.5583822365711728,2.5535587509161433
2024-04-13T13:30:00Z,Bundesliga,RB Leipzig,VfL Wolfsburg,3,0,3.277258824290586,0.0
2024-04-13T13:30:00Z,Bundesliga,FC Bayern München,1. FC Köln,2,0,2.103993246633788,0.05565628261348532
2024-04-13T13:30:00Z,Bundesliga,1. FSV Mainz 05,TSG 1899 Hoffenheim,4,1,4.316469272728415,1.4992893251601576
2024-04-13T13:30:00Z,Bundesliga,VfL Bochum 1848,1. FC Heidenheim 1846,1,1,1.4888889608854763,1.3369179311720842
2024-04-13T16:30:00Z,Bundesliga,VfB Stuttgart,Eintracht Frankfurt,3,0,3.3712093326448223,1.0976109907877927
2024-04-14T13:30:00Z,Bundesliga,SV Darmstadt 98,SC Freiburg,0,1,0.2922737060378432,2.0501689638073124
2024-04-14T15:30:00Z,Bundesliga,Bayer 04 Leverkusen,SV Werder Bremen,5,0,5.07810476089845,0.23962326117465393
2024-04-19T18:30:00Z,Bundesliga,Eintracht Frankfurt,FC Augsburg,3,1,3.4750683282113917,1.6671412855210446
2024-04-20T13:30:00Z,Bundesliga,1. FC Heidenheim 1846,RB Leipzig,1,2,1.0485838877906994,2.724784767063835
2024-04-20T13:30:00Z,Bundesliga,TSG 1899 Hoffenheim,Borussia Mönchengladbach,4,3,4.7280167891068805,3.320756342592679
2024-04-20T13:30:00Z,Bundesliga,VfL Wolfsburg,VfL Bochum 1848,1,0,1.5247319258803511,0.05133753905053884
2024-04-20T13:30:00Z,Bundesliga,1. FC Köln,SV Darmstadt 98,0,2,0.06273455016052082,2.496310465207583
2024-04-20T16:30:00Z,Bundesliga,1. FC Union Berlin,FC Bayern München,1,5,1.407237276885041,5.448146297555767
2024-04-21T13:30:00Z,Bundesliga,SV Werder Bremen,VfB Stuttgart,2,1,2.274353078322825,1.3692706509088142
2024-04-21T15:30:00Z,Bundesliga,Borussia Dortmund,Bayer 04 Leverkusen,1,1,1.595752353125754,1.6326950604493455
2024-04-21T17:30:00Z,Bundesliga,SC Freiburg,1. FSV Mainz 05,1,1,1.9021351338069434,1.2747811178983204
2024-04-26T18:30:00Z,Bundesliga,VfL Bochum 1848,TSG 1899 Hoffenheim,3,2,2.9374482591062767,2.154400735726257
2024-04-27T13:30:00Z,Bundesliga,RB Leipzig,Borussia Dortmund,4,1,4.534507823744225,1.5327248911049496
2024-04-27T13:30:00Z,Bundesliga,FC Bayern München,Eintracht Frankfurt,2,1,2.4519601613300077,1.6157910277706629
2024-04-27T13:30:00Z,Bundesliga,SC Freiburg,VfL Wolfsburg,1,2,1.7014020229351396,2.1470065168299843
2024-04-27T13:30:00Z,Bundesliga,FC Augsburg,SV Werder Bremen,0,3,0.5639589884713068,3.7784271832973246
2024-04-27T16:30:00Z,Bundesliga,Bayer 04 Leverkusen,VfB Stuttgart,2,2,2.2744092004783543,1.9688556586671766
2024-04-28T13:30:00Z,Bundesliga,Borussia Mönchengladbach,1. FC Union Berlin,0,0,0.40428381930001456,0.326565962385307
2024-04-28T15:30:00Z,Bundesliga,1. FSV Mainz 05,1. FC Köln,1,1,1.2611922429589533,1.4225974391407172
2024-04-28T17:30:00Z,Bundesliga,SV Darmstadt 98,1. FC Heidenheim 1846,0,1,0.8228021415795794,1.309132886204421
2024-05-03T18:30:00Z,Bundesliga,TSG 1899 Hoffenheim,RB Leipzig,1,1,1.5063934946015827,1.3304818579346422
2024-05-04T13:30:00Z,Bundesliga,VfB Stuttgart,FC Bayern München,3,1,4.070357205725902,2.0613223446924342
2024-05-04T13:30:00Z,Bundesliga,SV Werder Bremen,Borussia Mönchengladbach,2,2,2.4818017558556136,2.2447347732883305
2024-05-04T13:30:00Z,Bundesliga,Borussia Dortmund,FC Augsburg,5,1,5.2874779699268615,2.2323665167415743
2024-05-04T13:30:00Z,Bundesliga,VfL Wolfsburg,SV Darmstadt 98,3,0,3.0458856822161517,0.6311380339193156
2024-05-04T16:30:00Z,Bundesliga,1. FC Köln,SC Freiburg,0,0,0.0,0.5276165411935976
2024-05-05T13:30:00Z,Bundesliga,1. FC Union Berlin,VfL Bochum 1848,3,4,3.024759217098353,4.642872106016299
2024-05-05T15:30:00Z,Bundesliga,Eintracht Frankfurt,Bayer 04 Leverkusen,1,5,1.5801379953034451,6.258978324775586
2024-05-05T17:30:00Z,Bundesliga,1. FC Heidenheim 1846,1. FSV Mainz 05,1,1,1.6526175069689801,1.2019220988205657
2024-05-10T18:30:00Z,Bundesliga,FC Augsburg,VfB Stuttgart,0,1,0.02564278939036002,1.1638746243190832
2024-05-11T13:30:00Z,Bundesliga,1. FC Köln,1. FC Union Berlin,3,2,3.7685114942228344,2.2735401410284237
2024-05-11T13:30:00Z,Bundesliga,Borussia Mönchengladbach,Eintracht Frankfurt,1,1,1.355081684494968,1.5096429440893684
2024-05-11T13:30:00Z,Bundesliga,RB Leipzig,SV Werder Bremen,1,1,1.5440379035956648,0.982268662556228
2024-05-11T13:30:00Z,Bundesliga,SC Freiburg,1. FC Heidenheim 1846,1,1,1.9836661884766273,1.5067017717955824
2024-05-11T16:30:00Z,Bundesliga,1. FSV Mainz 05,Borussia Dortmund,3,0,3.7690517947596596,1.0080641400241017
2024-05-12T13:30:00Z,Bundesliga,SV Darmstadt 98,TSG 1899 Hoffenheim,0,6,0.4194408056282503,6.545422217187433
2024-05-12T15:30:00Z,Bundesliga,FC Bayern München,VfL Wolfsburg,2,0,2.2326423323754137,0.4121943623074169
2024-05-12T17:30:00Z,Bundesliga,VfL Bochum 1848,Bayer 04 Leverkusen,0,5,0.0,5.314551865394912
2024-05-18T13:30:00Z,Bundesliga,TSG 1899 Hoffenheim,FC Bayern München,4,2,4.284254004227274,2.7695535113654692
2024-05-18T13:30:00Z,Bundesliga,Eintracht Frankfurt,RB Leipzig,2,2,2.436660928351692,2.252250168028586
2024-05-18T13:30:00Z,Bundesliga,1. FC Union Berlin,SC Freiburg,2,1,2.203846141854645,2.053918776179774
2024-05-18T13:30:00Z,Bundesliga,VfL Wolfsburg,1. FSV Mainz 05,1,3,1.4606229098723085,4.080007924314307
2024-05-18T13:30:00Z,Bundesliga,VfB Stuttgart,Borussia Mönchengladbach,4,0,4.52305556488763,0.5770252395985362
2024-05-18T13:30:00Z,Bundesliga,1. FC Heidenheim 1846,1. FC Köln,4,1,4.432543205457576,1.4965454735770065
2024-05-18T13:30:00Z,Bundesliga,SV Werder Bremen,VfL Bochum 1848,4,1,4.304999225752962,1.8091979424724678
2024-05-18T13:30:00Z,Bundesliga,Bayer 04 Leverkusen,FC Augsburg,2,1,2.550596401590018,1.8284395506681976
2024-05-18T13:30:00Z,Bundesliga,Borussia Dortmund,SV Darmstadt 98,4,0,4.632582194870823,0.2582024806821754
2024-08-23T18:30:00Z,Bundesliga,Borussia Mönchengladbach,Bayer 04 Leverkusen,2,3,2.1728802767671462,3.3420334600589894
2024-08-24T13:30:00Z,Bundesliga,RB Leipzig,VfL Bochum 1848,1,0,1.923279713923881,0.10329576959501136
2024-08-24T13:30:00Z,Bundesliga,TSG 1899 Hoffenheim,Holstein Kiel,3,2,3.4704235603147215,2.622719481500217
2024-08-24T13:30:00Z,Bundesliga,SC Freiburg,VfB Stuttgart,3,1,3.5056548868834545,1.699988365037067
2024-08-24T13:30:00Z,Bundesliga,FC Augsburg,SV Werder Bremen,2,2,2.712464326976967,2.095022308641618
2024-08-24T13:30:00Z,Bundesliga,1. FSV Mainz 05,1. FC Union Berlin,1,1,1.5699648393790504,1.3634403285551522
2024-08-24T16:30:00Z,Bundesliga,Borussia Dortmund,Eintracht Frankfurt,2,0,2.7859409901739736,0.09582382472559525
2024-08-25T13:30:00Z,Bundesliga,VfL Wolfsburg,FC Bayern München,2,3,2.5861372495605472,3.2303600569268487
2024-08-25T15:30:00Z,Bundesliga,FC St. Pauli 1910,1. FC Heidenheim 1846,0,2,0.31626878760786864,2.6653051180678897
2024-08-30T18:30:00Z,Bundesliga,1. FC Union Berlin,FC St. Pauli 1910,1,0,1.6084510575618305,0.2799553799965162
2024-08-31T13:30:00Z,Bundesliga,VfB Stuttgart,1. FSV Mainz 05,3,3,3.1568821378038017,3.4097522131903104
2024-08-31T13:30:00Z,Bundesliga,Eintracht Frankfurt,TSG 1899 Hoffenheim,3,1,3.532567911732957,1.0118064816158054
2024-08-31T13:30:00Z,Bundesliga,SV Werder Bremen,Borussia Dortmund,0,0,0.4900310028066618,0.5560970629173992
2024-08-31T13:30:00Z,Bundesliga,VfL Bochum 1848,Borussia Mönchengladbach,0,2,0.4375649428182381,2.4867180040466055
2024-08-31T13:30:00Z,Bundesliga,Holstein Kiel,VfL Wolfsburg,0,2,0.4614387465683208,2.2813122249900513
2024-08-31T16:30:00Z,Bundesliga,Bayer 04 Leverkusen,RB Leipzig,2,3,1.9354452863507083,3.4432957106952577
2024-09-01T13:30:00Z,Bundesliga,1. FC Heidenheim 1846,FC Augsburg,4,0,4.335382527677711,0.5540884641510333
2024-09-01T15:30:00Z,Bundesliga,FC Bayern München,SC Freiburg,2,0,2.5278534703423343,0.25553955532719674
2024-09-13T18:30:00Z,Bundesliga,Borussia Dortmund,1. FC Heidenheim 1846,4,2,4.54795691759922,2.0571212367994662
2024-09-14T13:30:00Z,Bundesliga,RB Leipzig,1. FC Union Berlin,0,0,0.19169745772221258,1.0416723298060444
2024-09-14T13:30:00Z,Bundesliga,TSG 1899 Hoffenheim,Bayer 04 Leverkusen,1,4,1.8797123522594101,4.310018188586918
2024-09-14T13:30:00Z,Bundesliga,SC Freiburg,VfL Bochum 1848,2,1,2.24014754553565,1.4709719690439331
2024-09-14T13:30:00Z,Bundesliga,VfL Wolfsburg,Eintracht Frankfurt,1,2,1.790837160158021,2.803251920506094
2024-09-14T13:30:00Z,Bundesliga,Borussia Mönchengladbach,VfB Stuttgart,1,3,1.6281583085615055,4.558716556271145
2024-09-14T16:30:00Z,Bundesliga,Holstein Kiel,FC Bayern München,1,6,1.306131807046859,6.126654065033341
2024-09-15T13:30:00Z,Bundesliga,FC Augsburg,FC St. Pauli 1910,3,1,4.032593267782854,1.634948164117953
2024-09-15T15:30:00Z,Bundesliga,1. FSV Mainz 05,SV Werder Bremen,1,2,1.141908950473056,2.287734314411768
2024-09-20T18:30:00Z,Bundesliga,FC Augsburg,1. FSV Mainz 05,2,3,2.7757462520830005,3.3383629086269866
2024-09-21T13:30:00Z,Bundesliga,1. FC Heidenheim 1846,SC Freiburg,0,3,0.8001746954128934,3.283936393697963
2024-09-21T13:30:00Z,Bundesliga,SV Werder Bremen,FC Bayern München,0,5,0.29881393727700656,5.162303509659824
2024-09-21T13:30:00Z,Bundesliga,1. FC Union Berlin,TSG 1899 Hoffenheim,2,1,2.9177395900192984,1.4876125914646017
2024-09-21T13:30:00Z,Bundesliga,VfL Bochum 1848,Holstein Kiel,2,2,2.4249860456203143,2.0576491938855295
2024-09-21T16:30:00Z,Bundesliga,Eintracht Frankfurt,Borussia Mönchengladbach,2,0,2.586608088783957,0.7840422699535612
2024-09-22T13:30:00Z,Bundesliga,Bayer 04 Leverkusen,VfL Wolfsburg,4,3,4.578096551631366,3.516500880810012
2024-09-22T15:30:00Z,Bundesliga,VfB Stuttgart,Borussia Dortmund,5,1,5.459707377558836,1.626730491870432
2024-09-22T17:30:00Z,Bundesliga,FC St. Pauli 1910,RB Leipzig,0,0,0.7432424819479346,0.3601434164161331
2024-09-27T18:30:00Z,Bundesliga,Borussia Dortmund,VfL Bochum 1848,4,2,4.738046616165664,2.3898388197364753
2024-09-28T13:30:00Z,Bundesliga,RB Leipzig,FC Augsburg,4,0,3.975440408028546,0.5862691715501984
2024-09-28T13:30:00Z,Bundesliga,SC Freiburg,FC St. Pauli 1910,0,3,0.8913020728634458,3.1507848102782523
2024-09-28T13:30:00Z,Bundesliga,VfL Wolfsburg,VfB Stuttgart,2,2,2.0012524035892976,2.3926028696759993
2024-09-28T13:30:00Z,Bundesliga,1. FSV Mainz 05,1. FC Heidenheim 1846,0,2,0.8097638613024971,2.242115945836464
2024-09-28T13:30:00Z,Bundesliga,Borussia Mönchengladbach,1. FC Union Berlin,1,0,1.838011541048275,0.23282935682269573
2024-09-28T16:30:00Z,Bundesliga,FC Bayern München,Bayer 04 Leverkusen,1,1,1.1727100709354406,0.8670485278123076
2024-09-29T13:30:00Z,Bundesliga,Holstein Kiel,Eintracht Frankfurt,2,4,2.3767557136136244,4.901797976844
2024-09-29T15:30:00Z,Bundesliga,TSG 1899 Hoffenheim,SV Werder Bremen,3,4,3.168288599454219,4.294038374053869
2024-10-04T18:30:00Z,Bundesliga,FC Augsburg,Borussia Mönchengladbach,2,1,2.4355236909133793,1.849012816549065
2024-10-05T13:30:00Z,Bundesliga,Bayer 04 Leverkusen,Holstein Kiel,2,2,2.4075897147442777,2.8206376964182875
2024-10-05T13:30:00Z,Bundesliga,SV Werder Bremen,SC Freiburg,0,1,0.733898159680802,1.114200088045052
2024-10-05T13:30:00Z,Bundesliga,1. FC Union Berlin,Borussia Dortmund,2,1,2.8930926238358827,1.1734766292981462
2024-10-05T13:30:00Z,Bundesliga,VfL Bochum 1848,VfL Wolfsburg,1,3,1.9187051432369868,4.268150887806705
2024-10-05T16:30:00Z,Bundesliga,FC St. Pauli 1910,1. FSV Mainz 05,0,3,0.3313495920265094,4.025277782578144
2024-10-06T13:30:00Z,Bundesliga,1. FC Heidenheim 1846,RB Leipzig,0,1,0.43723343787664165,1.4905444460015689
2024-10-06T15:30:00Z,Bundesliga,Eintracht Frankfurt,FC Bayern München,3,3,2.994968542333715,3.5772119319252047
2024-10-06T17:30:00Z,Bundesliga,VfB Stuttgart,TSG 1899 Hoffenheim,1,1,1.2582389800511433,1.3107460791158434
2024-10-18T18:30:00Z,Bundesliga,Borussia Dortmund,FC St. Pauli 1910,2,1,2.789455489929237,1.629705814260102
2024-10-19T13:30:00Z,Bundesliga,Bayer 04 Leverkusen,Eintracht Frankfurt,2,1,2.9846748470644693,1.2848454297832586
2024-10-19T13:30:00Z,Bundesliga,TSG 1899 Hoffenheim,VfL Bochum 1848,3,1,3.1296953384360235,0.8902938707104846
2024-10-19T13:30:00Z,Bundesliga,SC Freiburg,FC Augsburg,3,1,3.3222607222541316,1.1035332640466846
2024-10-19T13:30:00Z,Bundesliga,1. FSV Mainz 05,RB Leipzig,0,2,0.49207827291232187,2.5063278243551763
2024-10-19T13:30:00Z,Bundesliga,Borussia Mönchengladbach,1. FC Heidenheim 1846,3,2,3.584048347645882,2.1606798293492235
2024-10-19T16:30:00Z,Bundesliga,FC Bayern München,VfB Stuttgart,4,0,4.257118944023506,0.47981676052593963
2024-10-20T13:30:00Z,Bundesliga,Holstein Kiel,1. FC Union Berlin,0,2,0.6272183133392268,2.177601688170141
2024-10-20T15:30:00Z,Bundesliga,VfL Wolfsburg,SV Werder Bremen,2,4,2.3578481958787254,4.265293823249402
2024-10-25T18:30:00Z,Bundesliga,1. FSV Mainz 05,Borussia Mönchengladbach,1,1,1.4956643187365164,1.7559495919239576
2024-10-26T13:30:00Z,Bundesliga,VfB Stuttgart,Holstein Kiel,2,1,2.66388527440111,1.5742441642920313
2024-10-26T13:30:00Z,Bundesliga,RB Leipzig,SC Freiburg,3,1,3.5019266809432814,1.497100673605996
2024-10-26T13:30:00Z,Bundesliga,FC Augsburg,Borussia Dortmund,2,1,2.369084232842029,1.7636891919211952
2024-10-26T13:30:00Z,Bundesliga,FC St. Pauli 1910,VfL Wolfsburg,0,0,0.46711705882225074,0.6441825780042042
2024-10-26T16:30:00Z,Bundesliga,SV Werder Bremen,Bayer 04 Leverkusen,2,2,2.4734911122383996,2.93396898737541
2024-10-27T14:30:00Z,Bundesliga,VfL Bochum 1848,FC Bayern München,0,5,0.3889966910353617,5.362042221305458
2024-10-27T16:30:00Z,Bundesliga,1. FC Union Berlin,Eintracht Frankfurt,1,1,1.4223611811998693,1.3711095064417473
2024-10-27T18:30:00Z,Bundesliga,1. FC Heidenheim 1846,TSG 1899 Hoffenheim,0,0,0.979594151151415,0.10966722008259644
2024-11-01T19:30:00Z,Bundesliga,Bayer 04 Leverkusen,VfB Stuttgart,0,0,0.6682758343823716,0.3713057847882741
2024-11-02T14:30:00Z,Bundesliga,FC Bayern München,1. FC Union Berlin,3,0,3.411355904591252,0.7894309682907337
2024-11-02T14:30:00Z,Bundesliga,Eintracht Frankfurt,VfL Bochum 1848,7,2,7.709086321353221,2.88999621167864
2024-11-02T14:30:00Z,Bundesliga,TSG 1899 Hoffenheim,FC St. Pauli 1910,0,2,0.39985415307319705,2.7880915504260004
2024-11-02T14:30:00Z,Bundesliga,VfL Wolfsburg,FC Augsburg,1,1,1.8519373912759924,0.9617424400351692
2024-11-02T14:30:00Z,Bundesliga,Holstein Kiel,1. FC Heidenheim 1846,1,0,1.610892657659428,0.8249435637982203
2024-11-02T17:30:00Z,Bundesliga,Borussia Dortmund,RB Leipzig,2,1,2.4678093567987314,0.9484444130183788
2024-11-03T14:30:00Z,Bundesliga,SC Freiburg,1. FSV Mainz 05,0,0,0.6343150777430833,0.7694351972367042
2024-11-03T16:30:00Z,Bundesliga,Borussia Mönchengladbach,SV Werder Bremen,4,1,4.02873715437945,1.3896646420286833
2024-11-08T19:30:00Z,Bundesliga,1. FC Union Berlin,SC Freiburg,0,0,0.16196975932705843,0.7107599941801567
2024-11-09T14:30:00Z,Bundesliga,SV Werder Bremen,Holstein Kiel,2,1,2.1418224980802836,1.1002654956316302
2024-11-09T14:30:00Z,Bundesliga,1. FSV Mainz 05,Borussia Dortmund,3,1,3.542882928429112,1.851350289811844
2024-11-09T14:30:00Z,Bundesliga,VfL Bochum 1848,Bayer 04 Leverkusen,1,1,2.0197544998455275,1.0605075761685332
2024-11-09T14:30:00Z,Bundesliga,FC St. Pauli 1910,FC Bayern München,0,1,1.1693900438577898,1.2994635267440469
2024-11-09T17:30:00Z,Bundesliga,RB Leipzig,Borussia Mönchengladbach,0,0,0.6914153304322271,0.20057161166928944
2024-11-10T14:30:00Z,Bundesliga,FC Augsburg,TSG 1899 Hoffenheim,0,0,0.6502533424833371,0.0
2024-11-10T16:30:00Z,Bundesliga,VfB Stuttgart,Eintracht Frankfurt,2,3,1.9596826797541782,3.5283582702765406
2024-11-10T18:30:00Z,Bundesliga,1. FC Heidenheim 1846,VfL Wolfsburg,1,3,1.3371978600797934,4.041826735351089
2024-11-22T19:30:00Z,Bundesliga,FC Bayern München,FC Augsburg,3,0,3.2636648744275285,1.3000715666960025
2024-11-23T14:30:00Z,Bundesliga,Bayer 04 Leverkusen,1. FC Heidenheim 1846,5,2,5.313745720524665,2.5291467361258744
2024-11-23T14:30:00Z,Bundesliga,VfB Stuttgart,VfL Bochum 1848,2,0,2.449556854424563,0.8350043825202567
2024-11-23T14:30:00Z,Bundesliga,Borussia Dortmund,SC Freiburg,4,0,4.358372826690862,0.5696283913785611
2024-11-23T14:30:00Z,Bundesliga,TSG 1899 Hoffenheim,RB Leipzig,4,3,3.9062100568872635,3.649664958430464
2024-11-23T14:30:00Z,Bundesliga,VfL Wolfsburg,1. FC Union Berlin,1,0,1.72437307683526,0.39735540466182834
2024-11-23T17:30:00Z,Bundesliga,Eintracht Frankfurt,SV Werder Bremen,1,0,1.1781770922780581,0.5585230776267807
2024-11-24T14:30:00Z,Bundesliga,Holstein Kiel,1. FSV Mainz 05,0,3,0.5717740592333449,3.6612436113819284
2024-11-24T16:30:00Z,Bundesliga,Borussia Mönchengladbach,FC St. Pauli 1910,2,0,3.122224800924992,0.32646208133710064
2024-11-29T19:30:00Z,Bundesliga,FC St. Pauli 1910,Holstein Kiel,3,1,3.224184622524073,1.4767517100321037
2024-11-30T14:30:00Z,Bundesliga,RB Leipzig,VfL Wolfsburg,1,5,0.7409137431761011,5.482470964300753
2024-11-30T14:30:00Z,Bundesliga,SV Werder Bremen,VfB Stuttgart,2,2,2.414198733435967,2.7479209951991574
2024-11-30T14:30:00Z,Bundesliga,SC Freiburg,Borussia Mönchengladbach,3,1,3.830287890499571,1.1801903485116958
2024-11-30T14:30:00Z,Bundesliga,FC Augsburg,VfL Bochum 1848,1,0,2.087504236266178,0.48453733741770455
2024-11-30T14:30:00Z,Bundesliga,1. FC Union Berlin,Bayer 04 Leverkusen,1,2,1.1311351216642749,3.0736016407158093
2024-11-30T17:30:00Z,Bundesliga,Borussia Dortmund,FC Bayern München,1,1,1.6490097669709565,1.8492180457757812
2024-12-01T14:30:00Z,Bundesliga,1. FSV Mainz 05,TSG 1899 Hoffenheim,2,0,2.3604068629659842,0.9047537146666116
2024-12-01T16:30:00Z,Bundesliga,1. FC Heidenheim 1846,Eintracht Frankfurt,0,4,0.4682154937087593,4.5073295520534105
2024-12-06T19:30:00Z,Bundesliga,VfB Stuttgart,1. FC Union Berlin,3,2,4.293303004105111,2.596299269105807
2024-12-07T14:30:00Z,Bundesliga,Bayer 04 Leverkusen,FC St. Pauli 1910,2,1,2.0491089014814543,1.8006708500108777
2024-12-07T14:30:00Z,Bundesliga,FC Bayern München,1. FC Heidenheim 1846,4,2,4.576121898448372,2.968076658859279
2024-12-07T14:30:00Z,Bundesliga,Eintracht Frankfurt,FC Augsburg,2,2,2.64030795152963,1.914519126135134
2024-12-07T14:30:00Z,Bundesliga,VfL Bochum 1848,SV Werder Bremen,0,1,0.8257358974818041,1.1053676078850463
2024-12-07T14:30:00Z,Bundesliga,Holstein Kiel,RB Leipzig,0,2,0.5293949460412686,2.8928332304207944
2024-12-07T17:30:00Z,Bundesliga,Borussia Mönchengladbach,Borussia Dortmund,1,1,1.5924151618512306,1.416933193269359
2024-12-08T14:30:00Z,Bundesliga,VfL Wolfsburg,1. FSV Mainz 05,4,3,4.382505429773463,3.2984837632225767
2024-12-08T16:30:00Z,Bundesliga,TSG 1899 Hoffenheim,SC Freiburg,1,1,1.5807380823735322,1.123751703901319
2024-12-13T19:30:00Z,Bundesliga,SC Freiburg,VfL Wolfsburg,3,2,3.3970423173507767,2.333494989536767
2024-12-14T14:30:00Z,Bundesliga,1. FSV Mainz 05,FC Bayern München,2,1,2.6864715669568153,1.0792892149728526
2024-12-14T14:30:00Z,Bundesliga,Borussia Mönchengladbach,Holstein Kiel,4,1,4.389116899186909,2.127328281819743
2024-12-14T14:30:00Z,Bundesliga,1. FC Union Berlin,VfL Bochum 1848,0,2,0.6131301181706559,2.493269184405828
2024-12-14T14:30:00Z,Bundesliga,FC Augsburg,Bayer 04 Leverkusen,0,2,0.4912211558945065,2.4826148374711847
2024-12-14T17:30:00Z,Bundesliga,FC St. Pauli 1910,SV Werder Bremen,0,2,0.8378150752316504,2.6764230025503495
2024-12-15T14:30:00Z,Bundesliga,1. FC Heidenheim 1846,VfB Stuttgart,1,3,1.484581882923454,3.788703550779971
2024-12-15T16:30:00Z,Bundesliga,Borussia Dortmund,TSG 1899 Hoffenheim,1,1,0.9680902595379356,1.7837664469663919
2024-12-15T18:30:00Z,Bundesliga,RB Leipzig,Eintracht Frankfurt,2,1,2.8785764502141973,1.8220865831722715
2024-12-20T19:30:00Z,Bundesliga,FC Bayern München,RB Leipzig,5,1,5.228280309741215,1.310746334762743
2024-12-21T14:30:00Z,Bundesliga,VfB Stuttgart,FC St. Pauli 1910,0,1,0.30387009840535406,1.4106399585129417
2024-12-21T14:30:00Z,Bundesliga,Eintracht Frankfurt,1. FSV Mainz 05,1,3,1.3213016117869523,3.7307094966326826
2024-12-21T14:30:00Z,Bundesliga,TSG 1899 Hoffenheim,Borussia Mönchengladbach,1,2,1.912331427951245,2.341783281508114
2024-12-21T14:30:00Z,Bundesliga,SV Werder Bremen,1. FC Union Berlin,4,1,3.8592977358063916,1.4984680103918324
2024-12-21T14:30:00Z,Bundesliga,Holstein Kiel,FC Augsburg,5,1,6.441324560097998,1.6196291293274443
2024-12-21T17:30:00Z,Bundesliga,Bayer 04 Leverkusen,SC Freiburg,5,1,5.816817042719816,1.735555524693113
2024-12-22T14:30:00Z,Bundesliga,VfL Bochum 1848,1. FC Heidenheim 1846,2,0,2.566971674238748,0.0
2024-12-22T16:30:00Z,Bundesliga,VfL Wolfsburg,Borussia Dortmund,1,3,1.483531799815114,3.7144236949666833
2025-01-10T19:45:00Z,Bundesliga,Borussia Dortmund,Bayer 04 Leverkusen,2,3,2.585666222457297,3.429882782644482
2025-01-11T14:30:00Z,Bundesliga,TSG 1899 Hoffenheim,VfL Wolfsburg,0,1,0.6563367285138015,1.7122373132593143
2025-01-11T14:30:00Z,Bundesliga,1. FC Heidenheim 1846,1. FC Union Berlin,2,0,2.693564675785017,0.7330795077064486
2025-01-11T14:30:00Z,Bundesliga,SC Freiburg,Holstein Kiel,3,2,3.6666813398010345,2.9823745183357473
2025-01-11T14:30:00Z,Bundesliga,1. FSV Mainz 05,VfL Bochum 1848,2,0,2.5268742043765746,0.906036094286361
2025-01-11T14:30:00Z,Bundesliga,FC St. Pauli 1910,Eintracht Frankfurt,0,1,0.4407984739078022,1.903971498783089
2025-01-11T17:30:00Z,Bundesliga,Borussia Mönchengladbach,FC Bayern München,0,1,0.4546180149039465,1.9331010957498715
2025-01-12T14:30:00Z,Bundesliga,RB Leipzig,SV Werder Bremen,4,2,4.441527515894196,2.5874136954447837
2025-01-12T16:30:00Z,Bundesliga,FC Augsburg,VfB Stuttgart,0,1,0.8401310290601194,1.509655526111052
2025-01-14T17:30:00Z,Bundesliga,Holstein Kiel,Borussia Dortmund,4,2,4.678067016684259,2.7618451249535
2025-01-14T19:30:00Z,Bundesliga,Bayer 04 Leverkusen,1. FSV Mainz 05,1,0,0.617883409600716,0.7196242854299068
2025-01-14T19:30:00Z,Bundesliga,Eintracht Frankfurt,SC Freiburg,4,1,4.6967702329589285,1.407280128978522
2025-01-14T19:30:00Z,Bundesliga,VfL Wolfsburg,Borussia Mönchengladbach,5,1,5.558420858415633,1.6214470226424804
2025-01-15T17:30:00Z,Bundesliga,VfL Bochum 1848,FC St. Pauli 1910,1,0,1.4943873730662307,0.4894710599646217
2025-01-15T19:30:00Z,Bundesliga,VfB Stuttgart,RB Leipzig,2,1,2.3834444640733343,1.2438201274619831
2025-01-15T19:30:00Z,Bundesliga,FC Bayern München,TSG 1899 Hoffenheim,5,0,5.837233815995804,0.887138222412905
2025-01-15T19:30:00Z,Bundesliga,SV Werder Bremen,1. FC Heidenheim 1846,3,3,3.7842579386368573,3.5165597727590265
2025-01-15T19:30:00Z,Bundesliga,1. FC Union Berlin,FC Augsburg,0,2,0.2681366996529173,3.114612477309655
2025-01-17T19:30:00Z,Bundesliga,Eintracht Frankfurt,Borussia Dortmund,2,0,2.6221156861373607,0.012352318940050233
2025-01-18T14:30:00Z,Bundesliga,VfB Stuttgart,SC Freiburg,4,0,4.208502979637614,0.3329663681469901
2025-01-18T14:30:00Z,Bundesliga,FC Bayern München,VfL Wolfsburg,3,2,3.086114550563321,2.5097916510072613
2025-01-18T14:30:00Z,Bundesliga,1. FC Heidenheim 1846,FC St. Pauli 1910,0,2,0.31198483262301047,2.8412143292886745
2025-01-18T14:30:00Z,Bundesliga,VfL Bochum 1848,RB Leipzig,3,3,3.7587180417148276,3.6198408117806555
2025-01-18T14:30:00Z,Bundesliga,Holstein Kiel,TSG 1899 Hoffenheim,1,3,1.785937513612826,3.593141826254225
2025-01-18T17:30:00Z,Bundesliga,Bayer 04 Leverkusen,Borussia Mönchengladbach,3,1,3.6539256260291877,1.1618208622337558
2025-01-19T14:30:00Z,Bundesliga,1. FC Union Berlin,1. FSV Mainz 05,2,1,2.7175287360543994,1.1529175808311587
2025-01-19T16:30:00Z,Bundesliga,SV Werder Bremen,FC Augsburg,0,2,0.6548534861344875,2.5967513980869716
2025-01-24T19:30:00Z,Bundesliga,VfL Wolfsburg,Holstein Kiel,2,2,2.3075555214331143,2.0907682018544924
2025-01-25T14:30:00Z,Bundesliga,RB Leipzig,Bayer 04 Leverkusen,2,2,2.629576763402182,2.3404366749132013
2025-01-25T14:30:00Z,Bundesliga,1. FSV Mainz 05,VfB Stuttgart,2,0,2.7401228575683048,0.6502751987257572
2025-01-25T14:30:00Z,Bundesliga,SC Freiburg,FC Bayern München,1,2,1.7262873989440721,2.2053027183169673
2025-01-25T14:30:00Z,Bundesliga,FC Augsburg,1. FC Heidenheim 1846,2,1,2.8566740114423927,1.981606788708542
2025-01-25T14:30:00Z,Bundesliga,Borussia Dortmund,SV Werder Bremen,2,2,2.712491154160319,2.8671809032713673
2025-01-25T17:30:00Z,Bundesliga,Borussia Mönchengladbach,VfL Bochum 1848,3,0,3.6054344622624748,0.02857400049850989
2025-01-26T14:30:00Z,Bundesliga,TSG 1899 Hoffenheim,Eintracht Frankfurt,2,2,2.821045071494928,2.220288627045404
2025-01-26T16:30:00Z,Bundesliga,FC St. Pauli 1910,1. FC Union Berlin,3,0,3.4920436222252818,0.0
2025-01-31T19:30:00Z,Bundesliga,SV Werder Bremen,1. FSV Mainz 05,1,0,1.2354376046316846,0.26522259123556
2025-02-01T14:30:00Z,Bundesliga,1. FC Heidenheim 1846,Borussia Dortmund,1,2,1.4510799108168708,2.72991654297172
2025-02-01T14:30:00Z,Bundesliga,VfL Bochum 1848,SC Freiburg,0,1,0.2765292065580653,1.3758315173175428
2025-02-01T14:30:00Z,Bundesliga,FC St. Pauli 1910,FC Augsburg,1,1,1.2974465175076855,1.6382391730847903
2025-02-01T14:30:00Z,Bundesliga,VfB Stuttgart,Borussia Mönchengladbach,1,2,1.4566443987853446,2.043299704515477
2025-02-01T14:30:00Z,Bundesliga,FC Bayern München,Holstein Kiel,4,3,4.262274023700011,3.7393925763745717
2025-02-01T17:30:00Z,Bundesliga,1. FC Union Berlin,RB Leipzig,0,0,0.4076115411082879,0.33346723162149505
2025-02-02T14:30:00Z,Bundesliga,Eintracht Frankfurt,VfL Wolfsburg,1,1,0.9319155999138643,1.5036509046848716
2025-02-02T16:30:00Z,Bundesliga,Bayer 04 Leverkusen,TSG 1899 Hoffenheim,3,1,3.5639881122118817,1.4721376495820842
2025-02-07T19:30:00Z,Bundesliga,FC Bayern München,SV Werder Bremen,3,0,3.5003616426086674,0.11853544373231484
2025-02-08T14:30:00Z,Bundesliga,VfL Wolfsburg,Bayer 04 Leverkusen,0,0,0.25487341067954283,0.15407470047806532
2025-02-08T14:30:00Z,Bundesliga,Borussia Dortmund,VfB Stuttgart,1,2,1.6977737005297215,2.7903383407010276
2025-02-08T14:30:00Z,Bundesliga,SC Freiburg,1. FC Heidenheim 1846,1,0,1.7812710412879675,0.6196976472505087
2025-02-08T14:30:00Z,Bundesliga,1. FSV Mainz 05,FC Augsburg,0,0,0.017732040689307782,0.8150147124660281
2025-02-08T14:30:00Z,Bundesliga,TSG 1899 Hoffenheim,1. FC Union Berlin,0,4,0.2711825664301357,4.597397470650756
2025-02-08T17:30:00Z,Bundesliga,Borussia Mönchengladbach,Eintracht Frankfurt,1,1,1.2692572950638106,1.542897190442765
2025-02-09T14:30:00Z,Bundesliga,Holstein Kiel,VfL Bochum 1848,2,2,2.218029069667341,1.9821968143999702
2025-02-09T16:30:00Z,Bundesliga,RB Leipzig,FC St. Pauli 1910,2,0,2.7488424525795248,0.4188899909716491
2025-02-14T19:30:00Z,Bundesliga,FC Augsburg,RB Leipzig,0,0,0.44185215836815894,0.4917847038788768
2025-02-15T14:30:00Z,Bundesliga,VfL Bochum 1848,Borussia Dortmund,2,0,2.4206455476068167,1.0859321594817724
2025-02-15T14:30:00Z,Bundesliga,FC St. Pauli 1910,SC Freiburg,0,1,0.0,1.7060869896296031
2025-02-15T14:30:00Z,Bundesliga,VfB Stuttgart,VfL Wolfsburg,1,2,1.690625409062768,2.960818354512859
2025-02-15T14:30:00Z,Bundesliga,1. FC Union Berlin,Borussia Mönchengladbach,1,2,1.1282224815439583,2.6792613117684185
2025-02-15T17:30:00Z,Bundesliga,Bayer 04 Leverkusen,FC Bayern München,0,0,0.5179797890798985,0.2866090319151562
2025-02-16T14:30:00Z,Bundesliga,SV Werder Bremen,TSG 1899 Hoffenheim,1,3,1.5832130813874574,3.5351372648449555
2025-02-16T16:30:00Z,Bundesliga,Eintracht Frankfurt,Holstein Kiel,3,1,3.9081975787515955,1.57086709387927
2025-02-16T18:30:00Z,Bundesliga,1. FC Heidenheim 1846,1. FSV Mainz 05,0,2,0.1073538802642664,2.2182533290687956
2025-02-21T19:30:00Z,Bundesliga,SC Freiburg,SV Werder Bremen,5,0,4.594146353253753,0.3846837870221237
2025-02-22T14:30:00Z,Bundesliga,Holstein Kiel,Bayer 04 Leverkusen,0,2,0.5551548634261084,2.4382699018968483
2025-02-22T14:30:00Z,Bundesliga,Borussia Mönchengladbach,FC Augsburg,0,3,1.0401533544532562,3.9816859497695356
2025-02-22T14:30:00Z,Bundesliga,VfL Wolfsburg,VfL Bochum 1848,1,1,1.8716839058818313,0.8757778423827065
2025-02-22T14:30:00Z,Bundesliga,1. FSV Mainz 05,FC St. Pauli 1910,2,0,2.5628978245823877,0.8617455262148129
2025-02-22T17:30:00Z,Bundesliga,Borussia Dortmund,1. FC Union Berlin,6,0,6.352509144310385,0.21896142951218517
2025-02-23T14:30:00Z,Bundesliga,RB Leipzig,1. FC Heidenheim 1846,2,2,2.7421367789911932,2.088376243819116
2025-02-23T16:30:00Z,Bundesliga,FC Bayern München,Eintracht Frankfurt,4,0,4.207936140088659,0.8539826390115393
2025-02-23T18:30:00Z,Bundesliga,TSG 1899 Hoffenheim,VfB Stuttgart,1,1,1.6429073308068658,1.7195694207703143
2025-02-28T19:30:00Z,Bundesliga,VfB Stuttgart,FC Bayern München,1,3,1.651641047749988,3.876355610714357
2025-03-01T14:30:00Z,Bundesliga,FC St. Pauli 1910,Borussia Dortmund,0,2,0.818062972249664,2.7402105842636733
2025-03-01T14:30:00Z,Bundesliga,VfL Bochum 1848,TSG 1899 Hoffenheim,0,1,1.3278980116733234,2.1179535005212204
2025-03-01T14:30:00Z,Bundesliga,SV Werder Bremen,VfL Wolfsburg,1,2,1.61772479015363,2.6676171510833457
2025-03-01T14:30:00Z,Bundesliga,RB Leipzig,1. FSV Mainz 05,1,2,1.3473109122877505,2.4530567871630526
2025-03-01T14:30:00Z,Bundesliga,1. FC Heidenheim 1846,Borussia Mönchengladbach,0,3,0.4923277063424017,3.602877913196403
2025-03-01T17:30:00Z,Bundesliga,Eintracht Frankfurt,Bayer 04 Leverkusen,1,4,0.9692772285332646,4.873040738503789
2025-03-02T14:30:00Z,Bundesliga,1. FC Union Berlin,Holstein Kiel,0,1,0.2915860606732825,1.266187402421965
2025-03-02T16:30:00Z,Bundesliga,FC Augsburg,SC Freiburg,0,0,0.3772152685660688,0.30443342524058575
2025-03-07T19:30:00Z,Bundesliga,Borussia Mönchengladbach,1. FSV Mainz 05,1,3,1.3427734806196223,3.4073119956206277
2025-03-08T14:30:00Z,Bundesliga,Holstein Kiel,VfB Stuttgart,2,2,2.5457064616101164,1.8686251603704003
2025-03-08T14:30:00Z,Bundesliga,Bayer 04 Leverkusen,SV Werder Bremen,0,2,0.25327402028533985,2.541423522525264
2025-03-08T14:30:00Z,Bundesliga,Borussia Dortmund,FC Augsburg,0,1,0.8363092001973413,0.9341613888146921
2025-03-08T14:30:00Z,Bundesliga,FC Bayern München,VfL Bochum 1848,2,3,2.500062119475459,3.515917793879786
2025-03-08T14:30:00Z,Bundesliga,VfL Wolfsburg,FC St. Pauli 1910,1,1,1.4972099036584157,1.759586926840575
2025-03-08T17:30:00Z,Bundesliga,SC Freiburg,RB Leipzig,0,0,0.4016315850461246,0.3569370618068493
2025-03-09T14:30:00Z,Bundesliga,Eintracht Frankfurt,1. FC Union Berlin,1,2,1.5465572051576937,3.003134761056061
2025-03-09T16:30:00Z,Bundesliga,TSG 1899 Hoffenheim,1. FC Heidenheim 1846,1,1,1.7475294794002905,1.0618497301744536
2025-03-14T19:30:00Z,Bundesliga,FC St. Pauli 1910,TSG 1899 Hoffenheim,1,0,1.23986093528673,0.8573782044895497
2025-03-15T14:30:00Z,Bundesliga,1. FC Union Berlin,FC Bayern München,1,1,1.302565053277423,1.702541116922076
2025-03-15T14:30:00Z,Bundesliga,1. FSV Mainz 05,SC Freiburg,2,2,2.4088821913670007,1.9851900255067934
2025-03-15T14:30:00Z,Bundesliga,FC Augsburg,VfL Wolfsburg,1,0,1.0962387229580355,1.3132382897121597
2025-03-15T14:30:00Z,Bundesliga,SV Werder Bremen,Borussia Mönchengladbach,2,4,2.2542226420835507,4.48087641434881
2025-03-15T17:30:00Z,Bundesliga,RB Leipzig,Borussia Dortmund,2,0,2.357133737936602,0.2367547933533105
2025-03-16T15:20:00Z,Bundesliga,VfL Bochum 1848,Eintracht Frankfurt,1,3,1.7623167542138183,3.077873841564795
2025-03-16T16:30:00Z,Bundesliga,1. FC Heidenheim 1846,Holstein Kiel,3,1,3.5787683987005776,1.4339945917020978
2025-03-16T18:30:00Z,Bundesliga,VfB Stuttgart,Bayer 04 Leverkusen,3,4,3.5580769734102633,4.461777938283012
2025-03-28T19:30:00Z,Bundesliga,Bayer 04 Leverkusen,VfL Bochum 1848,3,1,3.7552693886503916,1.5307936585618993
2025-03-29T14:30:00Z,Bundesliga,Borussia Mönchengladbach,RB Leipzig,1,0,1.458788463480181,0.41066115313281193
2025-03-29T14:30:00Z,Bundesliga,VfL Wolfsburg,1. FC Heidenheim 1846,0,1,0.6171394549786668,1.689967593034528
2025-03-29T14:30:00Z,Bundesliga,Holstein Kiel,SV Werder Bremen,0,3,0.46903347412025115,3.383711050201026
2025-03-29T14:30:00Z,Bundesliga,TSG 1899 Hoffenheim,FC Augsburg,1,1,1.5796087048198886,0.9195107648278588
2025-03-29T14:30:00Z,Bundesliga,FC Bayern München,FC St. Pauli 1910,3,2,3.3251724027165253,2.4551915513051075
2025-03-29T17:30:00Z,Bundesliga,Eintracht Frankfurt,VfB Stuttgart,1,0,0.7683548525170713,0.0
2025-03-30T13:30:00Z,Bundesliga,SC Freiburg,1. FC Union Berlin,1,2,1.4597162513441089,2.606131189267417
2025-03-30T15:30:00Z,Bundesliga,Borussia Dortmund,1. FSV Mainz 05,3,1,3.926824440829982,1.2062099309152094
2025-04-04T18:30:00Z,Bundesliga,FC Augsburg,FC Bayern München,1,3,1.7778646206724777,3.5490081064747403
2025-04-05T13:30:00Z,Bundesliga,1. FC Heidenheim 1846,Bayer 04 Leverkusen,0,1,0.7896192453773512,1.8942224944573813
2025-04-05T13:30:00Z,Bundesliga,VfL Bochum 1848,VfB Stuttgart,0,4,0.8708392165418654,4.2153753914196
2025-04-05T13:30:00Z,Bundesliga,SC Freiburg,Borussia Dortmund,1,4,1.526597277288431,4.818376877553636
2025-04-05T13:30:00Z,Bundesliga,RB Leipzig,TSG 1899 Hoffenheim,3,1,3.5591947122216787,1.369983129994154
2025-04-05T13:30:00Z,Bundesliga,1. FSV Mainz 05,Holstein Kiel,1,1,1.314704431369695,2.0259584406196756
2025-04-05T16:30:00Z,Bundesliga,SV Werder Bremen,Eintracht Frankfurt,2,0,2.4051781431918853,0.390454216040536
2025-04-06T13:30:00Z,Bundesliga,FC St. Pauli 1910,Borussia Mönchengladbach,1,1,1.6847313449313424,1.2478521043479927
2025-04-06T15:30:00Z,Bundesliga,1. FC Union Berlin,VfL Wolfsburg,1,0,1.8611653311506449,0.7061715351185865
2025-04-11T18:30:00Z,Bundesliga,VfL Wolfsburg,RB Leipzig,2,3,2.4581661172957,3.3692630811129094
2025-04-12T13:30:00Z,Bundesliga,Borussia Mönchengladbach,SC Freiburg,1,2,1.3649432205445766,2.2475651457612975
2025-04-12T13:30:00Z,Bundesliga,VfL Bochum 1848,FC Augsburg,1,2,1.5001583876569793,2.3566480447888627
2025-04-12T13:30:00Z,Bundesliga,TSG 1899 Hoffenheim,1. FSV Mainz 05,2,0,2.6803620246787343,0.4866180403450996
2025-04-12T13:30:00Z,Bundesliga,Bayer 04 Leverkusen,1. FC Union Berlin,0,0,0.06684355515993745,0.9026540393734561
2025-04-12T13:30:00Z,Bundesliga,Holstein Kiel,FC St. Pauli 1910,1,2,0.8111457140588286,1.919773676362127
2025-04-12T16:30:00Z,Bundesliga,FC Bayern München,Borussia Dortmund,2,2,2.334838945152525,2.506924197685126
2025-04-13T13:30:00Z,Bundesliga,VfB Stuttgart,SV Werder Bremen,1,2,1.1337862722257523,2.687471078396213
2025-04-13T15:30:00Z,Bundesliga,Eintracht Frankfurt,1. FC Heidenheim 1846,3,0,3.3475579407058067,0.5580345724975388
2025-04-19T13:30:00Z,Bundesliga,1. FC Heidenheim 1846,FC Bayern München,0,4,0.45566590435475857,4.89295955083006
2025-04-19T13:30:00Z,Bundesliga,SC Freiburg,TSG 1899 Hoffenheim,3,2,3.364025477293096,2.4776964010724427
2025-04-19T13:30:00Z,Bundesliga,1. FSV Mainz 05,VfL Wolfsburg,2,2,2.9357402603412237,2.4446345673442167
2025-04-19T13:30:00Z,Bundesliga,SV Werder Bremen,VfL Bochum 1848,1,0,1.5980234293806959,0.6776988641040029
2025-04-19T13:30:00Z,Bundesliga,RB Leipzig,Holstein Kiel,1,1,1.5901423078832484,1.5297941444854048
2025-04-19T16:30:00Z,Bundesliga,1. FC Union Berlin,VfB Stuttgart,4,4,4.68666214321302,4.382877378515858
2025-04-20T13:30:00Z,Bundesliga,FC Augsburg,Eintracht Frankfurt,0,0,0.15835006466576929,0.6548432118759139
2025-04-20T15:30:00Z,Bundesliga,Borussia Dortmund,Borussia Mönchengladbach,3,2,3.8117335362260807,2.3042415120350066
2025-04-20T17:30:00Z,Bundesliga,FC St. Pauli 1910,Bayer 04 Leverkusen,1,1,1.4772707140393622,1.3166468543942018
2025-04-25T18:30:00Z,Bundesliga,VfB Stuttgart,1. FC Heidenheim 1846,0,1,0.7011441851723638,1.341601793470316
2025-04-26T13:30:00Z,Bundesliga,TSG 1899 Hoffenheim,Borussia Dortmund,2,3,2.1784428300879535,3.905920748049922
2025-04-26T13:30:00Z,Bundesliga,VfL Wolfsburg,SC Freiburg,0,1,0.033872370195180745,0.533695093204286
2025-04-26T13:30:00Z,Bundesliga,FC Bayern München,1. FSV Mainz 05,3,0,3.7453668974075085,0.6186796504288827
2025-04-26T13:30:00Z,Bundesliga,Holstein Kiel,Borussia Mönchengladbach,4,3,4.612922857829255,3.5102815442600668
2025-04-26T13:30:00Z,Bundesliga,Bayer 04 Leverkusen,FC Augsburg,2,0,2.229384533692747,0.0
2025-04-26T16:30:00Z,Bundesliga,Eintracht Frankfurt,RB Leipzig,4,0,4.239101075617592,0.5929180337408007
2025-04-27T13:30:00Z,Bundesliga,VfL Bochum 1848,1. FC Union Berlin,1,1,1.8376304353244308,1.6427255975494597
2025-04-27T15:30:00Z,Bundesliga,SV Werder Bremen,FC St. Pauli 1910,0,0,0.14317643213980163,0.6768917694072201
2025-05-02T18:30:00Z,Bundesliga,1. FC Heidenheim 1846,VfL Bochum 1848,0,0,0.992801885976789,0.0
2025-05-03T13:30:00Z,Bundesliga,FC St. Pauli 1910,VfB Stuttgart,0,1,0.22981377960563937,1.9099168235563315
2025-05-03T13:30:00Z,Bundesliga,RB Leipzig,FC Bayern München,3,3,3.691517577682515,3.2786789885945478
2025-05-03T13:30:00Z,Bundesliga,Borussia Mönchengladbach,TSG 1899 Hoffenheim,4,4,4.401414457275305,4.7059703240259525
2025-05-03T13:30:00Z,Bundesliga,1. FC Union Berlin,SV Werder Bremen,2,2,2.680956229324703,2.7223221342046857
2025-05-03T16:30:00Z,Bundesliga,Borussia Dortmund,VfL Wolfsburg,4,0,4.336765799365742,0.23699087431421212
2025-05-04T13:30:00Z,Bundesliga,FC Augsburg,Holstein Kiel,1,3,1.4511621281783118,3.698137985705465
2025-05-04T15:30:00Z,Bundesliga,SC Freiburg,Bayer 04 Leverkusen,2,2,2.5122757526187165,2.3843520277262926
2025-05-04T17:30:00Z,Bundesliga,1. FSV Mainz 05,Eintracht Frankfurt,1,1,1.1993437632655581,0.8785868461985529
2025-05-09T18:30:00Z,Bundesliga,VfL Wolfsburg,TSG 1899 Hoffenheim,2,2,2.7222473036260375,2.850322577658334
2025-05-10T13:30:00Z,Bundesliga,SV Werder Bremen,RB Leipzig,0,0,0.3460359300585244,0.26748651109512805
2025-05-10T13:30:00Z,Bundesliga,1. FC Union Berlin,1. FC Heidenheim 1846,0,3,0.4314200253979944,3.2436519611785837
2025-05-10T13:30:00Z,Bundesliga,Holstein Kiel,SC Freiburg,1,2,1.2016951876174464,2.3790802395889834
2025-05-10T13:30:00Z,Bundesliga,VfL Bochum 1848,1. FSV Mainz 05,1,4,0.7312999023614069,4.581671017598216
2025-05-10T16:30:00Z,Bundesliga,FC Bayern München,Borussia Mönchengladbach,2,0,2.4426916712199493,0.4828188767533693
2025-05-11T13:30:00Z,Bundesliga,Bayer 04 Leverkusen,Borussia Dortmund,2,4,3.2237846264838748,4.664420077412151
2025-05-11T15:30:00Z,Bundesliga,Eintracht Frankfurt,FC St. Pauli 1910,2,2,2.735381286369407,2.098153190041402
2025-05-11T17:30:00Z,Bundesliga,VfB Stuttgart,FC Augsburg,4,0,4.494221886079681,0.2772840888707796
2025-05-17T13:30:00Z,Bundesliga,1. FSV Mainz 05,Bayer 04 Leverkusen,2,2,2.42113275123752,2.46520087830354
2025-05-17T13:30:00Z,Bundesliga,RB Leipzig,VfB Stuttgart,2,3,2.506739767843614,4.069366187797612
2025-05-17T13:30:00Z,Bundesliga,TSG 1899 Hoffenheim,FC Bayern München,0,4,0.6641357345525629,4.465856238475872
2025-05-17T13:30:00Z,Bundesliga,SC Freiburg,Eintracht Frankfurt,1,3,1.1457561554073465,3.8255666790984897
2025-05-17T13:30:00Z,Bundesliga,1. FC Heidenheim 1846,SV Werder Bremen,1,4,1.8342965084006617,4.511566550635296
2025-05-17T13:30:00Z,Bundesliga,Borussia Mönchengladbach,VfL Wolfsburg,0,1,0.7146143946323732,1.3549024087687296
2025-05-17T13:30:00Z,Bundesliga,FC Augsburg,1. FC Union Berlin,1,2,1.7154557177123804,2.425982672765668
2025-05-17T13:30:00Z,Bundesliga,FC St. Pauli 1910,VfL Bochum 1848,0,2,0.6315427216429181,2.449474086391336
2025-05-17T13:30:00Z,Bundesliga,Borussia Dortmund,Holstein Kiel,3,0,3.505884997308197,0.6810937216882216
2023-08-19T16:30:00Z,Serie A,Empoli FC,Hellas Verona FC,0,1,0.701858370790046,1.9123833802729664
2023-08-19T16:30:00Z,Serie A,Frosinone Calcio,SSC Napoli,1,3,1.6775442401224134,3.6079042543058963
2023-08-19T18:45:00Z,Serie A,Genoa CFC,ACF Fiorentina,1,4,1.3937877867176929,4.856123303622526
2023-08-19T18:45:00Z,Serie A,FC Internazionale Milano,AC Monza,2,0,2.3279194681309296,0.21056307871109436
2023-08-20T16:30:00Z,Serie A,AS Roma,US Salernitana 1919,2,2,2.5305568885785963,2.375610847355791
2023-08-20T16:30:00Z,Serie A,US Sassuolo Calcio,Atalanta BC,0,2,0.9647060454485562,2.2827092397377
2023-08-20T18:45:00Z,Serie A,US Lecce,SS Lazio,2,1,2.1282678773038297,1.5943333772624557
2023-08-20T18:45:00Z,Serie A,Udinese Calcio,Juventus FC,0,3,0.059742420274268015,3.392312484446176
2023-08-21T16:30:00Z,Serie A,Torino FC,Cagliari Calcio,0,0,0.549428252370955,0.7189318811102586
2023-08-21T18:45:00Z,Serie A,Bologna FC 1909,AC Milan,0,2,0.5152663105568054,2.2206994865102674
2023-08-26T16:30:00Z,Serie A,Frosinone Calcio,Atalanta BC,2,1,2.5520024993111226,1.5129092919963845
2023-08-26T16:30:00Z,Serie A,AC Monza,Empoli FC,2,0,2.57318595937255,0.7060573733036768
2023-08-26T18:45:00Z,Serie A,Hellas Verona FC,AS Roma,2,1,2.4330393236095587,0.880409167487817
2023-08-26T18:45:00Z,Serie A,AC Milan,Torino FC,4,1,4.946959031580625,2.136489392199061
2023-08-27T16:30:00Z,Serie A,ACF Fiorentina,US Lecce,2,2,2.0197288064570453,2.4150544345360374
2023-08-27T16:30:00Z,Serie A,Juventus FC,Bologna FC 1909,1,1,1.2514508925659262,0.8924880258971482
2023-08-27T18:45:00Z,Serie A,SS Lazio,Genoa CFC,0,1,0.46902357195528577,1.5474281695730359
2023-08-27T18:45:00Z,Serie A,SSC Napoli,US Sassuolo Calcio,2,0,2.00704335665375,0.5100330403919453
2023-08-28T16:30:00Z,Serie A,US Salernitana 1919,Udinese Calcio,1,1,1.4472436786703786,1.4754316861282522
2023-08-28T18:45:00Z,Serie A,Cagliari Calcio,FC Internazionale Milano,0,2,0.9984410497184054,2.797357333878
2023-09-01T16:30:00Z,Serie A,US Sassuolo Calcio,Hellas Verona FC,3,1,3.5062659464887886,1.7242334914281168
2023-09-01T18:45:00Z,Serie A,AS Roma,AC Milan,1,2,1.5692102717156051,2.5893628573071537
2023-09-02T16:30:00Z,Serie A,Bologna FC 1909,Cagliari Calcio,2,1,2.121950570448226,1.6350466901839944
2023-09-02T16:30:00Z,Serie A,Udinese Calcio,Frosinone Calcio,0,0,0.31509157758815676,0.46869246516857405
2023-09-02T18:45:00Z,Serie A,Atalanta BC,AC Monza,3,0,3.387441085902819,1.0326472547720145
2023-09-02T18:45:00Z,Serie A,SSC Napoli,SS Lazio,1,2,1.4046854709731298,2.05624119449267
2023-09-03T16:30:00Z,Serie A,FC Internazionale Milano,ACF Fiorentina,4,0,4.8844931385011305,0.541895502264769
2023-09-03T16:30:00Z,Serie A,Torino FC,Genoa CFC,1,0,1.6673073182175373,0.519507389356634
2023-09-03T18:45:00Z,Serie A,Empoli FC,Juventus FC,0,2,0.1665626129188904,2.743984121819378
2023-09-03T18:45:00Z,Serie A,US Lecce,US Salernitana 1919,2,0,2.5739514335296017,0.24684383677253025
2023-09-16T13:00:00Z,Serie A,Juventus FC,SS Lazio,3,1,3.6494665245490356,0.9768982192810391
2023-09-16T16:00:00Z,Serie A,FC Internazionale Milano,AC Milan,5,1,5.84204471155638,1.547046904829458
2023-09-16T18:45:00Z,Serie A,Genoa CFC,SSC Napoli,2,2,2.974162205970512,2.5843691476655812
2023-09-17T10:30:00Z,Serie A,Cagliari Calcio,Udinese Calcio,0,0,0.1954717424516394,0.9468798228342947
2023-09-17T13:00:00Z,Serie A,Frosinone Calcio,US Sassuolo Calcio,4,2,4.256742746636899,2.118891386102474
2023-09-17T13:00:00Z,Serie A,AC Monza,US Lecce,1,1,1.122726642325615,1.846408130015016
2023-09-17T16:00:00Z,Serie A,ACF Fiorentina,Atalanta BC,3,2,3.4297940422679054,3.2102243092081366
2023-09-17T18:45:00Z,Serie A,AS Roma,Empoli FC,7,0,7.639907512333901,0.3866705337432569
2023-09-18T16:30:00Z,Serie A,US Salernitana 1919,Torino FC,0,3,0.7962003549767305,3.1127173341520327
2023-09-18T18:45:00Z,Serie A,Hellas Verona FC,Bologna FC 1909,0,0,0.47721469290724317,0.37790769008798863
2023-09-22T16:30:00Z,Serie A,US Salernitana 1919,Frosinone Calcio,1,1,1.4040457430235467,1.5042014902114142
2023-09-22T18:45:00Z,Serie A,US Lecce,Genoa CFC,1,0,1.545527397674622,0.6691363625020744
2023-09-23T13:00:00Z,Serie A,AC Milan,Hellas Verona FC,1,0,1.249457129510993,0.3225815810485858
2023-09-23T16:00:00Z,Serie A,US Sassuolo Calcio,Juventus FC,4,2,5.126861616508432,2.9665595602442023
2023-09-23T18:45:00Z,Serie A,SS Lazio,AC Monza,1,1,1.0177016918645825,1.1656403054975815
2023-09-24T10:30:00Z,Serie A,Empoli FC,FC Internazionale Milano,0,1,0.5554221736687174,0.97823845434816
2023-09-24T13:00:00Z,Serie A,Atalanta BC,Cagliari Calcio,2,0,3.1070818657688917,0.8320131272861953
2023-09-24T13:00:00Z,Serie A,Udinese Calcio,ACF Fiorentina,0,2,0.5020399533679993,1.8176136906381402
2023-09-24T16:00:00Z,Serie A,Bologna FC 1909,SSC Napoli,0,0,0.44298828949955166,0.43876106933818515
2023-09-24T18:45:00Z,Serie A,Torino FC,AS Roma,1,1,1.3927663731568718,2.435304338762414
2023-09-26T18:45:00Z,Serie A,Juventus FC,US Lecce,1,0,1.4458824954712777,0.49638693411202056
2023-09-27T16:30:00Z,Serie A,Cagliari Calcio,AC Milan,1,3,1.911854542402959,3.1637697047911253
2023-09-27T16:30:00Z,Serie A,Empoli FC,US Salernitana 1919,1,0,0.836441426601148,0.4827807608639619
2023-09-27T16:30:00Z,Serie A,Hellas Verona FC,Atalanta BC,0,1,0.9600301103888976,1.4847597634141398
2023-09-27T18:45:00Z,Serie A,FC Internazionale Milano,US Sassuolo Calcio,1,2,1.0728128542649564,2.548194982105935
2023-09-27T18:45:00Z,Serie A,SS Lazio,Torino FC,2,0,2.4200043012296755,0.6986788946478859
2023-09-27T18:45:00Z,Serie A,SSC Napoli,Udinese Calcio,4,1,4.371226673910401,1.1882666494896783
2023-09-28T16:30:00Z,Serie A,Frosinone Calcio,ACF Fiorentina,1,1,1.676565980931216,2.006264416571038
2023-09-28T16:30:00Z,Serie A,AC Monza,Bologna FC 1909,0,0,0.02056269443487574,0.5735342853117853
2023-09-28T18:45:00Z,Serie A,Genoa CFC,AS Roma,4,1,4.638651799824583,1.7180382139205412
2023-09-30T13:00:00Z,Serie A,US Lecce,SSC Napoli,0,4,1.1072928869860559,4.311555180073308
2023-09-30T16:00:00Z,Serie A,AC Milan,SS Lazio,2,0,2.091047798622157,0.88591464109866
2023-09-30T18:45:00Z,Serie A,US Salernitana 1919,FC Internazionale Milano,0,4,0.5569118502831187,4.422884277356081
2023-10-01T10:30:00Z,Serie A,Bologna FC 1909,Empoli FC,3,0,3.301405346661017,0.5832657540480595
2023-10-01T13:00:00Z,Serie A,Udinese Calcio,Genoa CFC,2,2,2.6277661618579105,2.220068176843867
2023-10-01T16:00:00Z,Serie A,Atalanta BC,Juventus FC,0,0,0.5057443332247256,0.20092051207936196
2023-10-01T18:45:00Z,Serie A,AS Roma,Frosinone Calcio,2,0,2.3075539272867074,0.7064615919358648
2023-10-02T16:30:00Z,Serie A,US Sassuolo Calcio,AC Monza,0,1,0.6463616854613222,1.3669179509377842
2023-10-02T16:30:00Z,Serie A,Torino FC,Hellas Verona FC,0,0,1.0413044329360228,0.24385307374868687
2023-10-02T18:45:00Z,Serie A,ACF Fiorentina,Cagliari Calcio,3,0,3.44272886248181,0.30704499739189084
2023-10-06T16:30:00Z,Serie A,Empoli FC,Udinese Calcio,0,0,0.7159273826444545,0.7096859215152264
2023-10-06T18:45:00Z,Serie A,US Lecce,US Sassuolo Calcio,1,1,1.1120181126386508,1.3112886416389167
2023-10-07T13:00:00Z,Serie A,FC Internazionale Milano,Bologna FC 1909,2,2,2.2130690869545973,2.464703520519351
2023-10-07T16:00:00Z,Serie A,Juventus FC,Torino FC,2,0,2.641721883364113,0.5045083250861291
2023-10-07T18:45:00Z,Serie A,Genoa CFC,AC Milan,0,1,0.9452348085607895,0.9247953341969103
2023-10-08T10:30:00Z,Serie A,AC Monza,US Salernitana 1919,3,0,3.606684004635698,0.05866207838794463
2023-10-08T13:00:00Z,Serie A,Frosinone Calcio,Hellas Verona FC,2,1,2.4060825908430536,1.6008833667742688
2023-10-08T13:00:00Z,Serie A,SS Lazio,Atalanta BC,3,2,3.499787421627006,2.278891191654191
2023-10-08T16:00:00Z,Serie A,Cagliari Calcio,AS Roma,1,4,1.1248776798090847,4.817017473384126
2023-10-08T18:45:00Z,Serie A,SSC Napoli,ACF Fiorentina,1,3,1.68135459790661,3.7900421312751633
2023-10-21T13:00:00Z,Serie A,Hellas Verona FC,SSC Napoli,1,3,1.7646999186970227,3.715750599906631
2023-10-21T16:00:00Z,Serie A,Torino FC,FC Internazionale Milano,0,3,0.3643729001500759,4.045931536193779
2023-10-21T18:45:00Z,Serie A,US Sassuolo Calcio,SS Lazio,0,2,0.35898735567214957,2.475073201677045
2023-10-22T10:30:00Z,Serie A,AS Roma,AC Monza,1,0,1.5797634688956146,0.6946645777711518
2023-10-22T13:00:00Z,Serie A,Bologna FC 1909,Frosinone Calcio,2,1,2.3689840791878214,1.3246797070211906
2023-10-22T13:00:00Z,Serie A,US Salernitana 1919,Cagliari Calcio,2,2,2.480160215612253,3.235710973860617
2023-10-22T16:00:00Z,Serie A,Atalanta BC,Genoa CFC,2,0,3.1299165367499544,1.0950900957308058
2023-10-22T18:45:00Z,Serie A,AC Milan,Juventus FC,0,1,0.42589228977620097,1.5035641303553375
2023-10-23T16:30:00Z,Serie A,Udinese Calcio,US Lecce,1,1,1.3924979543936333,1.6159758689715575
2023-10-23T18:45:00Z,Serie A,ACF Fiorentina,Empoli FC,0,2,0.30573745830945226,2.9077892798094416
2023-10-27T18:45:00Z,Serie A,Genoa CFC,US Salernitana 1919,1,0,1.723257591449981,0.4558581485557679
2023-10-28T13:00:00Z,Serie A,US Sassuolo Calcio,Bologna FC 1909,1,1,1.4456327480345692,1.3030127787600887
2023-10-28T16:00:00Z,Serie A,US Lecce,Torino FC,0,1,0.3051880885035722,1.7621969253020646
2023-10-28T18:45:00Z,Serie A,Juventus FC,Hellas Verona FC,1,0,1.8963912096819036,0.5235317738251011
2023-10-29T11:30:00Z,Serie A,Cagliari Calcio,Frosinone Calcio,4,3,4.925880901354091,3.5548983348935783
2023-10-29T14:00:00Z,Serie A,AC Monza,Udinese Calcio,1,1,1.3198729302783885,1.2497185970796103
2023-10-29T17:00:00Z,Serie A,FC Internazionale Milano,AS Roma,1,0,0.9400380145918151,0.0
2023-10-29T19:45:00Z,Serie A,SSC Napoli,AC Milan,2,2,2.802254106951077,2.5708427229637305
2023-10-30T17:30:00Z,Serie A,Empoli FC,Atalanta BC,0,3,0.2946110522719988,3.77148861244826
2023-10-30T19:45:00Z,Serie A,SS Lazio,ACF Fiorentina,1,0,1.7371876797488306,0.43225797527718746
2023-11-03T19:45:00Z,Serie A,Bologna FC 1909,SS Lazio,1,0,0.9089688546864494,0.93092885586766
2023-11-04T14:00:00Z,Serie A,US Salernitana 1919,SSC Napoli,0,2,0.7677792014897927,2.2888251023753368
2023-11-04T17:00:00Z,Serie A,Atalanta BC,FC Internazionale Milano,1,2,1.1366484212157657,2.183588663510224
2023-11-04T19:45:00Z,Serie A,AC Milan,Udinese Calcio,0,1,0.7192292357199573,1.4798309078411607
2023-11-05T11:30:00Z,Serie A,Hellas Verona FC,AC Monza,1,3,1.5042819203509303,3.475222227394613
2023-11-05T14:00:00Z,Serie A,Cagliari Calcio,Genoa CFC,2,1,2.2138181741810063,1.7309906194005666
2023-11-05T17:00:00Z,Serie A,AS Roma,US Lecce,2,1,2.377889106121966,1.2675111527808047
2023-11-05T19:45:00Z,Serie A,ACF Fiorentina,Juventus FC,0,1,0.7058955370870102,1.9104282710444693
2023-11-06T17:30:00Z,Serie A,Frosinone Calcio,Empoli FC,2,1,2.5317683359345704,2.090075088752476
2023-11-06T19:45:00Z,Serie A,Torino FC,US Sassuolo Calcio,2,1,2.675323894141745,1.4882567919094973
2023-11-10T17:30:00Z,Serie A,US Sassuolo Calcio,US Salernitana 1919,2,2,3.0929321753546457,2.8749131260552954
2023-11-10T19:45:00Z,Serie A,Genoa CFC,Hellas Verona FC,1,0,1.0307275164866847,0.183050878812422
2023-11-11T14:00:00Z,Serie A,US Lecce,AC Milan,2,2,2.985163772490587,2.8225664623545748
2023-11-11T17:00:00Z,Serie A,Juventus FC,Cagliari Calcio,2,1,2.531306781256964,1.8141829225678388
2023-11-11T19:45:00Z,Serie A,AC Monza,Torino FC,1,1,1.2303647855030615,1.7590311840569637
2023-11-12T11:30:00Z,Serie A,SSC Napoli,Empoli FC,0,1,0.10090591227830309,1.4953310733389118
2023-11-12T14:00:00Z,Serie A,ACF Fiorentina,Bologna FC 1909,2,1,2.4432638827668898,0.6137253176273907
2023-11-12T14:00:00Z,Serie A,Udinese Calcio,Atalanta BC,1,1,1.7764950335773377,1.3074818569043611
2023-11-12T17:00:00Z,Serie A,SS Lazio,AS Roma,0,0,0.46173526388673974,0.3122251946946194
2023-11-12T19:45:00Z,Serie A,FC Internazionale Milano,Frosinone Calcio,2,0,2.953346479074204,0.2065235185818568
2023-11-25T14:00:00Z,Serie A,US Salernitana 1919,SS Lazio,2,1,2.0646472929845325,1.5366729013641198
2023-11-25T17:00:00Z,Serie A,Atalanta BC,SSC Napoli,1,2,1.4963733156461836,2.3743109663436295
2023-11-25T19:45:00Z,Serie A,AC Milan,ACF Fiorentina,1,0,1.1242819666760644,0.25261639707049344
2023-11-26T11:30:00Z,Serie A,Cagliari Calcio,AC Monza,1,1,1.6090895647874903,1.182359955525654
2023-11-26T14:00:00Z,Serie A,Empoli FC,US Sassuolo Calcio,3,4,3.76606621702919,4.285346104354431
2023-11-26T14:00:00Z,Serie A,Frosinone Calcio,Genoa CFC,2,1,2.373771461895684,1.8364497635549784
2023-11-26T17:00:00Z,Serie A,AS Roma,Udinese Calcio,3,1,2.71873584301186,1.3016924836117516
2023-11-26T19:45:00Z,Serie A,Juventus FC,FC Internazionale Milano,1,1,1.5596844440389483,1.3455183880700183
2023-11-27T17:30:00Z,Serie A,Hellas Verona FC,US Lecce,2,2,2.6310215655200526,2.362990715493026
2023-11-27T19:45:00Z,Serie A,Bologna FC 1909,Torino FC,2,0,2.6212884264885092,0.6016980541428258
2023-12-01T19:45:00Z,Serie A,AC Monza,Juventus FC,1,2,1.8707346575466461,2.63687484655856
2023-12-02T14:00:00Z,Serie A,Genoa CFC,Empoli FC,1,1,1.1786838961052855,0.5866030382270515
2023-12-02T17:00:00Z,Serie A,SS Lazio,Cagliari Calcio,1,0,1.7040648316351348,0.8064905641482825
2023-12-02T19:45:00Z,Serie A,AC Milan,Frosinone Calcio,3,1,3.8577522537433926,1.930910410273126
2023-12-03T11:30:00Z,Serie A,US Lecce,Bologna FC 1909,1,1,0.966423724798045,1.1849440387914991
2023-12-03T14:00:00Z,Serie A,ACF Fiorentina,US Salernitana 1919,3,0,3.5958955477756933,0.20831052657954957
2023-12-03T14:00:00Z,Serie A,Udinese Calcio,Hellas Verona FC,3,3,3.3487460506976987,3.3649239836665186
2023-12-03T17:00:00Z,Serie A,US Sassuolo Calcio,AS Roma,1,2,1.4755431980695062,2.2731987941630187
2023-12-03T19:45:00Z,Serie A,SSC Napoli,FC Internazionale Milano,0,3,0.604302945061501,3.5671780621839817
2023-12-04T19:45:00Z,Serie A,Torino FC,Atalanta BC,3,0,3.3538314307659345,0.0
2023-12-08T19:45:00Z,Serie A,Juventus FC,SSC Napoli,1,0,1.2972875762515166,0.1646217175889781
2023-12-09T14:00:00Z,Serie A,Hellas Verona FC,SS Lazio,1,1,1.5102457252464074,1.9617591600524722
2023-12-09T17:00:00Z,Serie A,Atalanta BC,AC Milan,3,2,3.1738262183411594,2.2215340097955947
2023-12-09T19:45:00Z,Serie A,FC Internazionale Milano,Udinese Calcio,4,0,4.1742524613344445,0.8730284834308775
2023-12-10T11:30:00Z,Serie A,Frosinone Calcio,Torino FC,0,0,0.703811984886951,0.6066014586770411
2023-12-10T14:00:00Z,Serie A,AC Monza,Genoa CFC,1,0,1.155361789452403,0.0
2023-12-10T17:00:00Z,Serie A,US Salernitana 1919,Bologna FC 1909,1,2,1.6998937502727636,2.690598758564862
2023-12-10T19:45:00Z,Serie A,AS Roma,ACF Fiorentina,1,1,1.6387773878561853,1.464699809342144
2023-12-11T17:30:00Z,Serie A,Empoli FC,US Lecce,1,1,0.982257981362821,1.363359883125078
2023-12-11T19:45:00Z,Serie A,Cagliari Calcio,US Sassuolo Calcio,2,1,2.2967306042993036,1.5734871279516012
2023-12-15T19:45:00Z,Serie A,Genoa CFC,Juventus FC,1,1,1.8582328209142118,1.6423900456700378
2023-12-16T14:00:00Z,Serie A,US Lecce,Frosinone Calcio,2,1,2.2056503406580954,1.7122775465923858
2023-12-16T17:30:00Z,Serie A,SSC Napoli,Cagliari Calcio,2,1,2.360678721307184,1.8534758542644008
2023-12-16T19:45:00Z,Serie A,Torino FC,Empoli FC,1,0,1.638618267975569,0.6224407738335069
2023-12-17T11:30:00Z,Serie A,AC Milan,AC Monza,3,0,3.7350171527847786,0.08730977336409146
2023-12-17T14:00:00Z,Serie A,ACF Fiorentina,Hellas Verona FC,1,0,1.4245383341866513,0.3579063627046427
2023-12-17T14:00:00Z,Serie A,Udinese Calcio,US Sassuolo Calcio,2,2,2.3207469415925077,3.3829145005805863
2023-12-17T17:00:00Z,Serie A,Bologna FC 1909,AS Roma,2,0,2.9267109585095525,0.7173473181145182
2023-12-17T19:45:00Z,Serie A,SS Lazio,FC Internazionale Milano,0,2,1.0216698991392736,3.210786190243449
2023-12-18T19:45:00Z,Serie A,Atalanta BC,US Salernitana 1919,4,1,4.793657415234539,1.9186302246597555
2023-12-22T17:30:00Z,Serie A,US Sassuolo Calcio,Genoa CFC,1,2,1.5255954427695073,2.5725406214667244
2023-12-22T17:30:00Z,Serie A,Empoli FC,SS Lazio,0,2,0.2575202835077221,2.590422120934335
2023-12-22T19:45:00Z,Serie A,AC Monza,ACF Fiorentina,0,1,0.2508666780330304,1.4890259880369463
2023-12-22T19:45:00Z,Serie A,US Salernitana 1919,AC Milan,2,2,2.6567542315797272,1.9786586152460501
2023-12-23T11:30:00Z,Serie A,Frosinone Calcio,Juventus FC,1,2,1.625519466266605,2.5054141757404675
2023-12-23T14:00:00Z,Serie A,Torino FC,Udinese Calcio,1,1,1.9204795778839288,1.863202365762659
2023-12-23T14:00:00Z,Serie A,Bologna FC 1909,Atalanta BC,1,0,1.6951350277608417,0.32010800155363894
2023-12-23T17:00:00Z,Serie A,Hellas Verona FC,Cagliari Calcio,2,0,2.0490759094720548,0.6235858997185428
2023-12-23T17:00:00Z,Serie A,FC Internazionale Milano,US Lecce,2,0,2.8155842853168753,0.7554773137679591
2023-12-23T19:45:00Z,Serie A,AS Roma,SSC Napoli,2,0,2.200581811805676,0.22709586820625738
2023-12-29T17:30:00Z,Serie A,ACF Fiorentina,Torino FC,1,0,1.3848086184142945,0.36460914069690065
2023-12-29T17:30:00Z,Serie A,SSC Napoli,AC Monza,0,0,0.5750600618755084,0.19462655285685226
2023-12-29T19:45:00Z,Serie A,Genoa CFC,FC Internazionale Milano,1,1,2.098700246935189,1.253350317993178
2023-12-29T19:45:00Z,Serie A,SS Lazio,Frosinone Calcio,3,1,4.432975566801608,1.1137184149040817
2023-12-30T11:30:00Z,Serie A,Atalanta BC,US Lecce,1,0,1.6820169177408548,0.229865461586592
2023-12-30T14:00:00Z,Serie A,Cagliari Calcio,Empoli FC,0,0,0.44504101438388366,0.9258367042393517
2023-12-30T14:00:00Z,Serie A,Udinese Calcio,Bologna FC 1909,3,0,3.660351694544165,0.22535689127291225
2023-12-30T17:00:00Z,Serie A,Hellas Verona FC,US Salernitana 1919,0,1,0.7662966277621508,1.537937765718207
2023-12-30T17:00:00Z,Serie A,AC Milan,US Sassuolo Calcio,1,0,1.4037997123328425,0.34913937389871325
2023-12-30T19:45:00Z,Serie A,Juventus FC,AS Roma,1,0,2.0385634067736964,0.8536597811110818
2024-01-05T19:45:00Z,Serie A,Bologna FC 1909,Genoa CFC,1,1,1.5690212277574207,1.8933486889810849
2024-01-06T11:30:00Z,Serie A,FC Internazionale Milano,Hellas Verona FC,2,1,2.649322926727418,1.7592209946416841
2024-01-06T14:00:00Z,Serie A,Frosinone Calcio,AC Monza,2,3,2.6997772756163383,3.5918403659308265
2024-01-06T17:00:00Z,Serie A,US Lecce,Cagliari Calcio,1,1,1.6264759831843367,1.4306821389477304
2024-01-06T19:45:00Z,Serie A,US Sassuolo Calcio,ACF Fiorentina,1,0,1.7516821501408837,0.14243758874262508
2024-01-07T11:30:00Z,Serie A,Empoli FC,AC Milan,0,3,0.314824044035923,4.083058664336659
2024-01-07T14:00:00Z,Serie A,Torino FC,SSC Napoli,3,0,3.3325094738161907,0.272098094674234
2024-01-07T14:00:00Z,Serie A,Udinese Calcio,SS Lazio,1,2,1.1699537301084915,2.6990939041098523
2024-01-07T17:00:00Z,Serie A,US Salernitana 1919,Juventus FC,1,2,1.631850369186068,2.817869671787019
2024-01-07T19:45:00Z,Serie A,AS Roma,Atalanta BC,1,1,1.7336809510536342,1.333415850928401
2024-01-13T14:00:00Z,Serie A,Genoa CFC,Torino FC,0,0,0.6373318598455657,0.8114037581947886
2024-01-13T14:00:00Z,Serie A,SSC Napoli,US Salernitana 1919,2,1,3.002347730004261,1.7292639610016565
2024-01-13T17:00:00Z,Serie A,Hellas Verona FC,Empoli FC,2,1,2.498321194351286,2.0183891506145297
2024-01-13T19:45:00Z,Serie A,AC Monza,FC Internazionale Milano,1,5,1.7006224966777537,5.359196060071986
2024-01-14T11:30:00Z,Serie A,SS Lazio,US Lecce,1,0,1.1724897371582057,0.11424079481608557
2024-01-14T14:00:00Z,Serie A,Cagliari Calcio,Bologna FC 1909,2,1,2.38387008925768,1.3483530733666467
2024-01-14T17:00:00Z,Serie A,ACF Fiorentina,Udinese Calcio,2,2,2.7086613272697333,2.5626560627602997
2024-01-14T19:45:00Z,Serie A,AC Milan,AS Roma,3,1,3.7547306332229433,1.517463818125517
2024-01-15T19:45:00Z,Serie A,Atalanta BC,Frosinone Calcio,5,0,5.411809915700745,0.3819686311176349
2024-01-16T19:45:00Z,Serie A,Juventus FC,US Sassuolo Calcio,3,0,3.47852022444258,0.0
2024-01-20T17:00:00Z,Serie A,AS Roma,Hellas Verona FC,2,1,2.044637875995757,1.641144898838732
2024-01-20T19:45:00Z,Serie A,Udinese Calcio,AC Milan,2,3,2.392891239758017,4.09170334372466
2024-01-21T11:30:00Z,Serie A,Frosinone Calcio,Cagliari Calcio,3,1,3.767114949055936,1.639275371436901
2024-01-21T14:00:00Z,Serie A,Empoli FC,AC Monza,3,0,3.67256150483197,0.682740655716054
2024-01-21T17:00:00Z,Serie A,US Salernitana 1919,Genoa CFC,1,2,1.650199716414363,2.6717335918465306
2024-01-21T19:45:00Z,Serie A,US Lecce,Juventus FC,0,3,0.514932106154288,3.61911400096472
2024-01-26T19:45:00Z,Serie A,Cagliari Calcio,Torino FC,1,2,1.5021189475884529,2.779499790060428
2024-01-27T14:00:00Z,Serie A,Atalanta BC,Udinese Calcio,2,0,2.3019036581579657,0.6186121043556998
2024-01-27T17:00:00Z,Serie A,Juventus FC,Empoli FC,1,1,1.7096485260607603,1.4061968491040173
2024-01-27T19:45:00Z,Serie A,AC Milan,Bologna FC 1909,2,2,2.626291883316817,2.2612033269973737
2024-01-28T11:30:00Z,Serie A,Genoa CFC,US Lecce,2,1,2.64760565439784,1.4253079034157974
2024-01-28T14:00:00Z,Serie A,Hellas Verona FC,Frosinone Calcio,1,1,1.3421895471997258,1.5942388489351997
2024-01-28T14:00:00Z,Serie A,AC Monza,US Sassuolo Calcio,1,0,0.8539971240386267,0.405175111663108
2024-01-28T17:00:00Z,Serie A,SS Lazio,SSC Napoli,0,0,0.8291458135261087,0.5943016049394292
2024-01-28T19:45:00Z,Serie A,ACF Fiorentina,FC Internazionale Milano,0,1,0.35634876319747877,1.6317450401101252
2024-01-29T19:45:00Z,Serie A,US Salernitana 1919,AS Roma,1,2,1.2411672707870638,2.7499538293810546
2024-02-02T19:45:00Z,Serie A,US Lecce,ACF Fiorentina,3,2,3.708043673574198,2.884838490651694
2024-02-03T14:00:00Z,Serie A,Empoli FC,Genoa CFC,0,0,0.3823962080242611,0.5234022255436572
2024-02-03T14:00:00Z,Serie A,Udinese Calcio,AC Monza,0,0,0.8179809152139865,0.1076670304557018
2024-02-03T17:00:00Z,Serie A,Frosinone Calcio,AC Milan,2,3,2.685101784873009,3.396468770954243
2024-02-03T19:45:00Z,Serie A,Bologna FC 1909,US Sassuolo Calcio,4,2,4.705070796960143,2.5132187702219797
2024-02-04T11:30:00Z,Serie A,Torino FC,US Salernitana 1919,0,0,0.09021328663983974,0.0
2024-02-04T14:00:00Z,Serie A,SSC Napoli,Hellas Verona FC,2,1,2.86358319561592,1.9165993560307446
2024-02-04T17:00:00Z,Serie A,Atalanta BC,SS Lazio,3,1,3.578375159370157,1.54271337375314
2024-02-04T19:45:00Z,Serie A,FC Internazionale Milano,Juventus FC,1,0,1.389216858226139,0.6144058503740855
2024-02-05T19:45:00Z,Serie A,AS Roma,Cagliari Calcio,4,0,4.543016540202675,0.9096579387578797
2024-02-09T19:45:00Z,Serie A,US Salernitana 1919,Empoli FC,1,3,0.967129430130504,3.3109571509572957
2024-02-10T14:00:00Z,Serie A,Cagliari Calcio,SS Lazio,1,3,1.6225958434442012,3.672212579265209
2024-02-10T17:00:00Z,Serie A,AS Roma,FC Internazionale Milano,2,4,2.1911885475453787,4.467040763069419
2024-02-10T19:45:00Z,Serie A,US Sassuolo Calcio,Torino FC,1,1,1.0941989142469397,1.4447739398952242
2024-02-11T11:30:00Z,Serie A,ACF Fiorentina,Frosinone Calcio,5,1,5.043292244134633,1.2683422836586862
2024-02-11T14:00:00Z,Serie A,Bologna FC 1909,US Lecce,4,0,4.833806512496977,0.9996809641059582
2024-02-11T14:00:00Z,Serie A,AC Monza,Hellas Verona FC,0,0,0.3112209818921634,0.3873499879773287
2024-02-11T17:00:00Z,Serie A,Genoa CFC,Atalanta BC,1,4,1.9601183129749498,4.7098392740687105
2024-02-11T19:45:00Z,Serie A,AC Milan,SSC Napoli,1,0,1.3392595610843108,0.0
2024-02-12T19:45:00Z,Serie A,Juventus FC,Udinese Calcio,0,1,0.0,1.8539965589069358
2024-02-14T18:00:00Z,Serie A,Bologna FC 1909,ACF Fiorentina,2,0,2.1650426680154022,0.8156633467871175
2024-02-16T18:00:00Z,Serie A,Torino FC,US Lecce,2,0,2.8707434860020813,0.5292302330891909
2024-02-16T20:00:00Z,Serie A,FC Internazionale Milano,US Salernitana 1919,4,0,4.453230546618999,0.4319172601586227
2024-02-17T14:00:00Z,Serie A,SSC Napoli,Genoa CFC,1,1,1.3355138110528197,1.6200000016840699
2024-02-17T17:00:00Z,Serie A,Hellas Verona FC,Juventus FC,2,2,2.5480054677558366,3.1866371982640866
2024-02-17T19:45:00Z,Serie A,Atalanta BC,US Sassuolo Calcio,3,0,3.6505348208502637,0.0
2024-02-18T11:30:00Z,Serie A,SS Lazio,Bologna FC 1909,1,2,1.8352196447707383,2.734608216272238
2024-02-18T14:00:00Z,Serie A,Empoli FC,ACF Fiorentina,1,1,1.934549768967878,1.2265148093538292
2024-02-18T14:00:00Z,Serie A,Udinese Calcio,Cagliari Calcio,1,1,1.3920694062632744,1.4940244811100807
2024-02-18T17:00:00Z,Serie A,Frosinone Calcio,AS Roma,0,3,0.10218569417538853,3.425635964276401
2024-02-18T19:45:00Z,Serie A,AC Monza,AC Milan,4,2,4.375960451663017,2.3715045226606732
2024-02-22T19:45:00Z,Serie A,Torino FC,SS Lazio,0,2,0.5780841519748658,2.4968604612841814
2024-02-23T19:45:00Z,Serie A,Bologna FC 1909,Hellas Verona FC,2,0,2.210872322136817,0.15974865641666286
2024-02-24T14:00:00Z,Serie A,US Sassuolo Calcio,Empoli FC,2,3,2.212854725531487,3.8087541308383903
2024-02-24T17:00:00Z,Serie A,US Salernitana 1919,AC Monza,0,2,0.6031363644649657,1.9617569466404199
2024-02-24T19:45:00Z,Serie A,Genoa CFC,Udinese Calcio,2,0,2.485404294528865,0.6619293538485026
2024-02-25T11:30:00Z,Serie A,Juventus FC,Frosinone Calcio,3,2,3.509839098623476,2.402039244239629
2024-02-25T14:00:00Z,Serie A,Cagliari Calcio,SSC Napoli,1,1,1.272451399589979,1.1487225318577639
2024-02-25T17:00:00Z,Serie A,US Lecce,FC Internazionale Milano,0,4,0.4308797857382698,4.560715011179608
2024-02-25T19:45:00Z,Serie A,AC Milan,Atalanta BC,1,1,1.2227300567195087,1.0329146739880566
2024-02-26T17:30:00Z,Serie A,AS Roma,Torino FC,3,2,3.767059523337436,2.5119141465158905
2024-02-26T19:45:00Z,Serie A,ACF Fiorentina,SS Lazio,2,1,2.810574800417126,1.0731369276565337
2024-02-28T17:00:00Z,Serie A,US Sassuolo Calcio,SSC Napoli,1,6,0.9461436413285719,6.63838162529535
2024-02-28T19:45:00Z,Serie A,FC Internazionale Milano,Atalanta BC,4,0,4.2211467419422775,0.22269279991088736
2024-03-01T19:45:00Z,Serie A,SS Lazio,AC Milan,0,1,0.051041223472976294,1.3647017948912072
2024-03-02T14:00:00Z,Serie A,Udinese Calcio,US Salernitana 1919,1,1,1.3049928196779306,1.5881848163829486
2024-03-02T17:00:00Z,Serie A,AC Monza,AS Roma,1,4,1.4749686090628917,4.268237366447329
2024-03-02T19:45:00Z,Serie A,Torino FC,ACF Fiorentina,0,0,0.06510643409044098,0.48261080009950924
2024-03-03T11:30:00Z,Serie A,Hellas Verona FC,US Sassuolo Calcio,1,0,1.2234420560624062,0.045850849626543955
2024-03-03T14:00:00Z,Serie A,Empoli FC,Cagliari Calcio,0,1,0.19881278837555044,1.6892626810788467
2024-03-03T14:00:00Z,Serie A,Frosinone Calcio,US Lecce,1,1,1.562180198819683,2.0294741416652315
2024-03-03T17:00:00Z,Serie A,Atalanta BC,Bologna FC 1909,1,2,1.5208033011108752,3.337662660372988
2024-03-03T19:45:00Z,Serie A,SSC Napoli,Juventus FC,2,1,2.283478733998824,1.5273504439999317
2024-03-04T19:45:00Z,Serie A,FC Internazionale Milano,Genoa CFC,2,1,2.5530462616418195,1.736461242239156
2024-03-08T19:45:00Z,Serie A,SSC Napoli,Torino FC,1,1,1.3359959746238204,0.9658122981277533
2024-03-09T14:00:00Z,Serie A,Cagliari Calcio,US Salernitana 1919,4,2,4.418503466902184,2.9508202978916764
2024-03-09T14:00:00Z,Serie A,US Sassuolo Calcio,Frosinone Calcio,1,0,2.002035627089561,0.7328685514172318
2024-03-09T17:00:00Z,Serie A,Bologna FC 1909,FC Internazionale Milano,0,1,0.9021383155371043,1.35481996651463
2024-03-09T19:45:00Z,Serie A,Genoa CFC,AC Monza,2,3,2.110125628921721,3.8711542400867027
2024-03-10T11:30:00Z,Serie A,US Lecce,Hellas Verona FC,0,1,0.7489197253637523,1.4236571770063975
2024-03-10T14:00:00Z,Serie A,AC Milan,Empoli FC,1,0,1.7434189663474777,0.36259244509563304
2024-03-10T17:00:00Z,Serie A,Juventus FC,Atalanta BC,2,2,2.1555210133742144,2.6426004776282475
2024-03-10T19:45:00Z,Serie A,ACF Fiorentina,AS Roma,2,2,2.745633293126458,2.1809936500509046
2024-03-11T19:45:00Z,Serie A,SS Lazio,Udinese Calcio,1,2,1.961379575523766,2.8064874293199846
2024-03-15T19:45:00Z,Serie A,Empoli FC,Bologna FC 1909,0,1,0.16323655812667587,1.183203056421947
2024-03-16T14:00:00Z,Serie A,AC Monza,Cagliari Calcio,1,0,1.224749153695721,0.18498356305304414
2024-03-16T14:00:00Z,Serie A,Udinese Calcio,Torino FC,0,2,0.8052984400530507,2.2270930634774997
2024-03-16T17:00:00Z,Serie A,US Salernitana 1919,US Lecce,0,1,0.5814485932476944,1.7278500112548367
2024-03-16T19:45:00Z,Serie A,Frosinone Calcio,SS Lazio,2,3,2.665442882571857,3.3149673915440876
2024-03-17T11:30:00Z,Serie A,Juventus FC,Genoa CFC,0,0,0.602176764920149,0.09560126468984936
2024-03-17T14:00:00Z,Serie A,Hellas Verona FC,AC Milan,1,3,1.6172087762784433,3.3182960000192607
2024-03-17T17:00:00Z,Serie A,AS Roma,US Sassuolo Calcio,1,0,1.1020583615066752,0.4903872887958539
2024-03-17T19:45:00Z,Serie A,FC Internazionale Milano,SSC Napoli,1,1,1.8141953119864345,1.1457082549006843
2024-03-30T11:30:00Z,Serie A,SSC Napoli,Atalanta BC,0,3,0.850876997728332,3.154495667289697
2024-03-30T14:00:00Z,Serie A,Genoa CFC,Frosinone Calcio,1,1,1.4311827767795917,2.133388900229875
2024-03-30T14:00:00Z,Serie A,Torino FC,AC Monza,1,0,1.4869569150558413,0.24183037885583392
2024-03-30T17:00:00Z,Serie A,SS Lazio,Juventus FC,1,0,1.0406677492332834,0.40308728936809796
2024-03-30T19:45:00Z,Serie A,ACF Fiorentina,AC Milan,1,2,1.6542764268053505,2.3898288997602144
2024-04-01T10:30:00Z,Serie A,Bologna FC 1909,US Salernitana 1919,3,0,3.6716172325142433,0.37359295766886746
2024-04-01T13:00:00Z,Serie A,Cagliari Calcio,Hellas Verona FC,1,1,1.4813426949002066,1.6864040219907306
2024-04-01T13:00:00Z,Serie A,US Sassuolo Calcio,Udinese Calcio,1,1,1.8373060079611507,1.784442885141615
2024-04-01T16:00:00Z,Serie A,US Lecce,AS Roma,0,0,0.3997768307060178,0.4082136705405224
2024-04-01T18:45:00Z,Serie A,FC Internazionale Milano,Empoli FC,2,0,2.66938177776808,0.12905651402229534
2024-04-05T18:45:00Z,Serie A,US Salernitana 1919,US Sassuolo Calcio,2,2,2.1941006983923654,2.882332068354671
2024-04-06T13:00:00Z,Serie A,AC Milan,US Lecce,3,0,3.4929343547377285,0.4713976726409952
2024-04-06T16:00:00Z,Serie A,AS Roma,SS Lazio,1,0,1.4476937226291493,1.0190965444571507
2024-04-06T18:45:00Z,Serie A,Empoli FC,Torino FC,3,2,3.5675923766122826,1.8263242307304512
2024-04-07T10:30:00Z,Serie A,Frosinone Calcio,Bologna FC 1909,0,0,0.3891419213499924,0.558620966384996
2024-04-07T13:00:00Z,Serie A,AC Monza,SSC Napoli,2,4,2.4605582212984998,5.075581900162862
2024-04-07T16:00:00Z,Serie A,Cagliari Calcio,Atalanta BC,2,1,2.747814151432452,1.3940207593685525
2024-04-07T16:00:00Z,Serie A,Hellas Verona FC,Genoa CFC,1,2,1.3689707288285349,2.432351972999609
2024-04-07T18:45:00Z,Serie A,Juventus FC,ACF Fiorentina,1,0,1.0180268697783963,0.5886535074771017
2024-04-08T18:45:00Z,Serie A,Udinese Calcio,FC Internazionale Milano,1,2,2.024875171261626,2.3323612543345127
2024-04-12T18:45:00Z,Serie A,SS Lazio,US Salernitana 1919,4,1,4.9144362236071455,1.40637842038418
2024-04-13T13:00:00Z,Serie A,US Lecce,Empoli FC,1,0,1.1123211914683144,0.3986554717425791
2024-04-13T16:00:00Z,Serie A,Torino FC,Juventus FC,0,0,0.7069123415735583,0.311773779672088
2024-04-13T18:45:00Z,Serie A,Bologna FC 1909,AC Monza,0,0,0.34910756883459704,0.8686569650601679
2024-04-14T10:30:00Z,Serie A,SSC Napoli,Frosinone Calcio,2,2,2.579046164599318,2.6383234096889305
2024-04-14T13:00:00Z,Serie A,US Sassuolo Calcio,AC Milan,3,3,3.588267238704048,3.575188469630991
2024-04-14T18:45:00Z,Serie A,FC Internazionale Milano,Cagliari Calcio,2,2,2.4296776599051033,2.7425713020670353
2024-04-15T16:30:00Z,Serie A,ACF Fiorentina,Genoa CFC,1,1,1.264870300324081,1.42069325003896
2024-04-15T18:45:00Z,Serie A,Atalanta BC,Hellas Verona FC,2,2,2.2928376843051224,2.2677388544941297
2024-04-19T16:30:00Z,Serie A,Genoa CFC,SS Lazio,0,1,0.22514242535562728,1.3192127086156327
2024-04-19T18:45:00Z,Serie A,Cagliari Calcio,Juventus FC,2,2,2.2504533375308666,2.500534912331383
2024-04-20T16:00:00Z,Serie A,Empoli FC,SSC Napoli,1,0,1.4798465129851934,0.18223648748812943
2024-04-20T18:45:00Z,Serie A,Hellas Verona FC,Udinese Calcio,1,0,1.2852720032667744,0.34992169502399734
2024-04-21T10:30:00Z,Serie A,US Sassuolo Calcio,US Lecce,0,3,0.704615619713786,3.3451650074385695
2024-04-21T13:00:00Z,Serie A,Torino FC,Frosinone Calcio,0,0,0.9461738466007782,1.1373668689487042
2024-04-21T16:00:00Z,Serie A,US Salernitana 1919,ACF Fiorentina,0,2,0.32598402758898715,1.6678555180198251
2024-04-21T18:45:00Z,Serie A,AC Monza,Atalanta BC,1,2,1.571821350160613,2.44611408357831
2024-04-22T16:30:00Z,Serie A,AS Roma,Bologna FC 1909,1,3,1.6499055330908803,4.017708137844432
2024-04-22T18:45:00Z,Serie A,AC Milan,FC Internazionale Milano,1,2,1.6416006812757824,2.5365533392397364
2024-04-25T18:00:00Z,Serie A,Udinese Calcio,AS Roma,1,2,1.5227865803748262,2.726025242026328
2024-04-26T18:45:00Z,Serie A,Frosinone Calcio,US Salernitana 1919,3,0,3.722804725507917,0.5299478945299304
2024-04-27T13:00:00Z,Serie A,US Lecce,AC Monza,1,1,1.6446746858041972,1.299799985635056
2024-04-27T16:00:00Z,Serie A,Juventus FC,AC Milan,0,0,0.12870127330181064,0.0
2024-04-27T18:45:00Z,Serie A,SS Lazio,Hellas Verona FC,1,0,1.760746819316782,0.5616367061108909
2024-04-28T10:30:00Z,Serie A,FC Internazionale Milano,Torino FC,2,0,2.7661872511800225,0.26731801861928267
2024-04-28T13:00:00Z,Serie A,Bologna FC 1909,Udinese Calcio,1,1,1.2710141687464256,1.2598993781504089
2024-04-28T16:00:00Z,Serie A,Atalanta BC,Empoli FC,2,0,2.511381350634281,0.3503038232062664
2024-04-28T16:00:00Z,Serie A,SSC Napoli,AS Roma,2,2,2.7049986978433207,3.023458421987048
2024-04-28T18:45:00Z,Serie A,ACF Fiorentina,US Sassuolo Calcio,5,1,5.437205854126192,2.221451262676192
2024-04-29T18:45:00Z,Serie A,Genoa CFC,Cagliari Calcio,3,0,3.8218934143298036,0.5651623812585203
2024-05-03T18:45:00Z,Serie A,Torino FC,Bologna FC 1909,0,0,1.2091617483858084,0.3605698328264817
2024-05-04T16:00:00Z,Serie A,AC Monza,SS Lazio,2,2,2.2642041902095054,2.146832074764637
2024-05-04T18:45:00Z,Serie A,US Sassuolo Calcio,FC Internazionale Milano,1,0,1.0856866190538677,0.6405620484638207
2024-05-05T10:30:00Z,Serie A,Cagliari Calcio,US Lecce,1,1,1.5911455786814628,2.034871680019543
2024-05-05T13:00:00Z,Serie A,Empoli FC,Frosinone Calcio,0,0,0.7164687515378431,0.425797883892453
2024-05-05T13:00:00Z,Serie A,Hellas Verona FC,ACF Fiorentina,2,1,2.4307400878465693,0.7863011877740328
2024-05-05T16:00:00Z,Serie A,AC Milan,Genoa CFC,3,3,3.9359781989963105,3.7010149015446574
2024-05-05T18:45:00Z,Serie A,AS Roma,Juventus FC,1,1,1.0984182600830255,1.7956199134350148
2024-05-06T16:00:00Z,Serie A,US Salernitana 1919,Atalanta BC,1,2,1.7078755869094833,2.024246307884246
2024-05-06T18:45:00Z,Serie A,Udinese Calcio,SSC Napoli,1,1,1.318241753772332,1.5529452550988858
2024-05-10T18:45:00Z,Serie A,Frosinone Calcio,FC Internazionale Milano,0,5,1.0158133718621891,5.63536780484083
2024-05-11T16:00:00Z,Serie A,SSC Napoli,Bologna FC 1909,0,2,1.0977546059504355,2.4780678093973183
2024-05-11T18:45:00Z,Serie A,AC Milan,Cagliari Calcio,5,1,5.270003023664995,1.262768724274394
2024-05-12T10:30:00Z,Serie A,SS Lazio,Empoli FC,2,0,2.335132859227426,0.8047811670690668
2024-05-12T13:00:00Z,Serie A,Genoa CFC,US Sassuolo Calcio,2,1,2.7578763660939405,1.3789860762093953
2024-05-12T13:00:00Z,Serie A,Hellas Verona FC,Torino FC,1,2,1.3838608050631456,2.05444415119002
2024-05-12T16:00:00Z,Serie A,Juventus FC,US Salernitana 1919,1,1,1.4863766346203287,0.8851576542990958
2024-05-12T18:45:00Z,Serie A,Atalanta BC,AS Roma,2,1,2.507616526162723,1.878254855999793
2024-05-13T16:30:00Z,Serie A,US Lecce,Udinese Calcio,0,2,0.0,2.6849991929413353
2024-05-13T18:45:00Z,Serie A,ACF Fiorentina,AC Monza,2,1,2.495848676171729,1.5263920641387507
2024-05-17T18:45:00Z,Serie A,ACF Fiorentina,SSC Napoli,2,2,2.293081667780748,2.367917608944759
2024-05-18T16:00:00Z,Serie A,US Lecce,Atalanta BC,0,2,0.35206315328006843,2.341300475739062
2024-05-18T18:45:00Z,Serie A,Torino FC,AC Milan,3,1,3.933089601040644,1.1772790054675166
2024-05-19T10:30:00Z,Serie A,US Sassuolo Calcio,Cagliari Calcio,0,2,0.12304793171622314,2.3705633066320346
2024-05-19T13:00:00Z,Serie A,AC Monza,Frosinone Calcio,0,1,0.7439615560243932,0.8639738354639477
2024-05-19T13:00:00Z,Serie A,Udinese Calcio,Empoli FC,1,1,1.4163111209004575,1.2791809039594457
2024-05-19T16:00:00Z,Serie A,FC Internazionale Milano,SS Lazio,1,1,1.4160719494512497,1.4067187450946719
2024-05-19T18:45:00Z,Serie A,AS Roma,Genoa CFC,1,0,1.7371115688155134,0.6829640141571256
2024-05-20T16:30:00Z,Serie A,US Salernitana 1919,Hellas Verona FC,1,2,1.6020153883706671,2.488022060987991
2024-05-20T18:45:00Z,Serie A,Bologna FC 1909,Juventus FC,3,3,3.671183899165859,3.7384769341626676
2024-05-23T18:45:00Z,Serie A,Cagliari Calcio,ACF Fiorentina,2,3,2.7904553981598585,3.9047405315340287
2024-05-24T18:45:00Z,Serie A,Genoa CFC,Bologna FC 1909,2,0,2.400607485045003,0.8174510281472305
2024-05-25T16:00:00Z,Serie A,Juventus FC,AC Monza,2,0,2.316328979647675,0.641152954213567
2024-05-25T18:45:00Z,Serie A,AC Milan,US Salernitana 1919,3,3,3.1744548420326604,3.503558803754235
2024-05-26T16:00:00Z,Serie A,Atalanta BC,Torino FC,3,0,3.2523768410063134,0.20576359747593226
2024-05-26T16:00:00Z,Serie A,SSC Napoli,US Lecce,0,0,1.3847283275926174,0.7219832154137948
2024-05-26T18:45:00Z,Serie A,Empoli FC,AS Roma,2,1,2.8734038742210357,2.003924214666459
2024-05-26T18:45:00Z,Serie A,Frosinone Calcio,Udinese Calcio,0,1,0.09467769013759358,1.6026318118951255
2024-05-26T18:45:00Z,Serie A,Hellas Verona FC,FC Internazionale Milano,2,2,2.1032626129769287,3.0751777445278368
2024-05-26T18:45:00Z,Serie A,SS Lazio,US Sassuolo Calcio,1,1,1.6445598185155474,1.042328487581675
2024-06-02T16:00:00Z,Serie A,Atalanta BC,ACF Fiorentina,2,3,2.66417943921339,3.1537509845661376
2024-08-17T16:30:00Z,Serie A,Genoa CFC,FC Internazionale Milano,2,2,2.6646651505952095,2.7565604523244787
2024-08-17T16:30:00Z,Serie A,Parma Calcio 1913,ACF Fiorentina,1,1,1.4235132619338906,1.5792870630459754
2024-08-17T18:45:00Z,Serie A,Empoli FC,AC Monza,0,0,0.46236372199912995,0.8941346529715423
2024-08-17T18:45:00Z,Serie A,AC Milan,Torino FC,2,2,2.598363857247807,2.495358507781978
2024-08-18T16:30:00Z,Serie A,Bologna FC 1909,Udinese Calcio,1,1,1.525767901887999,1.2396073732415005
2024-08-18T16:30:00Z,Serie A,Hellas Verona FC,SSC Napoli,3,0,2.8342098881757396,0.4359220273384873
2024-08-18T18:45:00Z,Serie A,Cagliari Calcio,AS Roma,0,0,0.4310601108274419,0.04019480872287978
2024-08-18T18:45:00Z,Serie A,SS Lazio,Venezia FC,3,1,3.2445780697219058,1.1614227980708898
2024-08-19T16:30:00Z,Serie A,US Lecce,Atalanta BC,0,4,0.5525634256725536,4.791733199375403
2024-08-19T18:45:00Z,Serie A,Juventus FC,Como 1907,3,0,4.395577700781023,0.7618362243408829
2024-08-24T16:30:00Z,Serie A,Parma Calcio 1913,AC Milan,2,1,2.6102444996422913,1.608901285441823
2024-08-24T16:30:00Z,Serie A,Udinese Calcio,SS Lazio,2,1,2.4059410941482806,0.9836767437118592
2024-08-24T18:45:00Z,Serie A,FC Internazionale Milano,US Lecce,2,0,2.776540450593176,0.39247892734613343
2024-08-24T18:45:00Z,Serie A,AC Monza,Genoa CFC,0,1,0.6448063661627638,1.1325000334019848
2024-08-25T16:30:00Z,Serie A,ACF Fiorentina,Venezia FC,0,0,0.6260283471355523,0.8529599761363296
2024-08-25T16:30:00Z,Serie A,Torino FC,Atalanta BC,2,1,2.6820551779647013,1.3248833599312198
2024-08-25T18:45:00Z,Serie A,SSC Napoli,Bologna FC 1909,3,0,4.116963069448863,0.17427568676553518
2024-08-25T18:45:00Z,Serie A,AS Roma,Empoli FC,1,2,1.1607334694022253,2.5089388495364275
2024-08-26T16:30:00Z,Serie A,Cagliari Calcio,Como 1907,1,1,1.6420896230434363,1.3079536629496165
2024-08-26T18:45:00Z,Serie A,Hellas Verona FC,Juventus FC,0,3,0.2220856610055385,3.945123173061112
2024-08-30T16:30:00Z,Serie A,Venezia FC,Torino FC,0,1,0.6666537939026744,1.2795567307397429
2024-08-30T18:45:00Z,Serie A,FC Internazionale Milano,Atalanta BC,4,0,4.224394046554171,0.08023152223261065
2024-08-31T16:30:00Z,Serie A,Bologna FC 1909,Empoli FC,1,1,1.3747899559184746,0.8541259452727453
2024-08-31T16:30:00Z,Serie A,US Lecce,Cagliari Calcio,1,0,1.411473025728628,0.49076404927597544
2024-08-31T18:45:00Z,Serie A,SS Lazio,AC Milan,2,2,2.792745015803413,2.331420965842622
2024-08-31T18:45:00Z,Serie A,SSC Napoli,Parma Calcio 1913,2,1,2.775536333182724,1.071328618046482
2024-09-01T16:30:00Z,Serie A,ACF Fiorentina,AC Monza,2,2,2.126284787066085,2.8567679383767355
2024-09-01T16:30:00Z,Serie A,Genoa CFC,Hellas Verona FC,0,2,0.5164802332999546,2.7001735442287726
2024-09-01T18:45:00Z,Serie A,Juventus FC,AS Roma,0,0,0.2871260435752482,0.49153463631883104
2024-09-01T18:45:00Z,Serie A,Udinese Calcio,Como 1907,1,0,1.1224485267973996,0.90929787325126
2024-09-14T13:00:00Z,Serie A,Como 1907,Bologna FC 1909,2,2,2.434894884872689,2.698760810019584
2024-09-14T16:00:00Z,Serie A,Empoli FC,Juventus FC,0,0,0.40745516346325406,0.2531432295444703
2024-09-14T18:45:00Z,Serie A,AC Milan,Venezia FC,4,0,5.228014945903657,0.18823395080277017
2024-09-15T10:30:00Z,Serie A,Genoa CFC,AS Roma,1,1,1.6298879476082089,1.7453944633361584
2024-09-15T13:00:00Z,Serie A,Atalanta BC,ACF Fiorentina,3,2,3.086714749773729,2.6189100869402053
2024-09-15T13:00:00Z,Serie A,Torino FC,US Lecce,0,0,0.33056779874871733,0.5509243303911985
2024-09-15T16:00:00Z,Serie A,Cagliari Calcio,SSC Napoli,0,4,0.8064149886288194,4.246050659139327
2024-09-15T18:45:00Z,Serie A,AC Monza,FC Internazionale Milano,1,1,2.1265328318609775,1.6823842701017262
2024-09-16T16:30:00Z,Serie A,Parma Calcio 1913,Udinese Calcio,2,3,2.0242050063286126,3.273350335059815
2024-09-16T18:45:00Z,Serie A,SS Lazio,Hellas Verona FC,2,1,1.9360226844582864,1.4694040036218965
2024-09-20T16:30:00Z,Serie A,Cagliari Calcio,Empoli FC,0,2,1.0612895526115347,2.9340832439160938
2024-09-20T18:45:00Z,Serie A,Hellas Verona FC,Torino FC,2,3,2.6168842532112713,3.301749729256956
2024-09-21T13:00:00Z,Serie A,Venezia FC,Genoa CFC,2,0,2.23951218043709,0.02810322287814171
2024-09-21T16:00:00Z,Serie A,Juventus FC,SSC Napoli,0,0,0.6603887258367306,0.1842358424389669
2024-09-21T18:45:00Z,Serie A,US Lecce,Parma Calcio 1913,2,2,1.7092756782949365,2.798289648006287
2024-09-22T10:30:00Z,Serie A,ACF Fiorentina,SS Lazio,2,1,2.5010126519791482,1.5764193412140628
2024-09-22T13:00:00Z,Serie A,AC Monza,Bologna FC 1909,1,2,1.5983463518529257,2.4613367863933737
2024-09-22T16:00:00Z,Serie A,AS Roma,Udinese Calcio,3,0,3.777281041861349,0.3472718584065292
2024-09-22T18:45:00Z,Serie A,FC Internazionale Milano,AC Milan,1,2,1.1958312143122387,2.645607972265957
2024-09-24T18:45:00Z,Serie A,Atalanta BC,Como 1907,2,3,2.5257061484210075,3.245268544702933
2024-09-27T18:45:00Z,Serie A,AC Milan,US Lecce,3,0,3.2223726121821237,0.5916996705927787
2024-09-28T13:00:00Z,Serie A,Udinese Calcio,FC Internazionale Milano,2,3,2.576615126702295,3.280623629356113
2024-09-28T16:00:00Z,Serie A,Genoa CFC,Juventus FC,0,3,0.23139610329109278,3.230702184417484
2024-09-28T18:45:00Z,Serie A,Bologna FC 1909,Atalanta BC,1,1,1.3775697482519338,1.3087537695524964
2024-09-29T10:30:00Z,Serie A,Torino FC,SS Lazio,2,3,2.201255381562931,3.3873777660548114
2024-09-29T13:00:00Z,Serie A,Como 1907,Hellas Verona FC,3,2,3.695340872547097,2.485351049219889
2024-09-29T13:00:00Z,Serie A,AS Roma,Venezia FC,2,1,2.7575353349969998,1.5706367385333344
2024-09-29T16:00:00Z,Serie A,Empoli FC,ACF Fiorentina,0,0,0.4296138290127759,0.0
2024-09-29T18:45:00Z,Serie A,SSC Napoli,AC Monza,2,0,2.5114713984880086,0.25770483267597055
2024-09-30T18:45:00Z,Serie A,Parma Calcio 1913,Cagliari Calcio,2,3,2.065422575609937,3.382529006793188
2024-10-04T16:30:00Z,Serie A,SSC Napoli,Como 1907,3,1,3.410097005597964,1.951518611582499
2024-10-04T18:45:00Z,Serie A,Hellas Verona FC,Venezia FC,2,1,2.4849386148874766,1.1759992174853604
2024-10-05T13:00:00Z,Serie A,Udinese Calcio,US Lecce,1,0,2.2862379273089926,0.5488389854299738
2024-10-05T16:00:00Z,Serie A,Atalanta BC,Genoa CFC,5,1,5.166409892267751,1.9485090929207511
2024-10-05T18:45:00Z,Serie A,FC Internazionale Milano,Torino FC,3,2,3.9392531716257313,2.106109441015818
2024-10-06T10:30:00Z,Serie A,Juventus FC,Cagliari Calcio,1,1,1.7990576320397424,1.6181925677593207
2024-10-06T13:00:00Z,Serie A,Bologna FC 1909,Parma Calcio 1913,0,0,0.5841909213470409,0.2593184498196439
2024-10-06T13:00:00Z,Serie A,SS Lazio,Empoli FC,2,1,3.0275861452585398,1.3486098773132298
2024-10-06T16:00:00Z,Serie A,AC Monza,AS Roma,1,1,1.6116316417820589,1.2590667498140058
2024-10-06T18:45:00Z,Serie A,ACF Fiorentina,AC Milan,2,1,2.6167477587003787,1.280442807475234
2024-10-19T13:00:00Z,Serie A,Como 1907,Parma Calcio 1913,1,1,1.4840638040947365,2.316573644371948
2024-10-19T13:00:00Z,Serie A,Genoa CFC,Bologna FC 1909,2,2,2.8670706647255884,2.7533367616214997
2024-10-19T16:00:00Z,Serie A,AC Milan,Udinese Calcio,1,0,1.8289407701432652,0.8305213585358626
2024-10-19T18:45:00Z,Serie A,Juventus FC,SS Lazio,1,0,1.3122968137511362,0.6475980460509488
2024-10-20T10:30:00Z,Serie A,Empoli FC,SSC Napoli,0,1,0.1042258416203698,1.0181229634794127
2024-10-20T13:00:00Z,Serie A,US Lecce,ACF Fiorentina,0,6,0.4391058087813029,6.618487391096992
2024-10-20T13:00:00Z,Serie A,Venezia FC,Atalanta BC,0,2,0.2599884306807061,2.821878884352204
2024-10-20T16:00:00Z,Serie A,Cagliari Calcio,Torino FC,3,2,3.4809426276153936,2.2439801577882665
2024-10-20T18:45:00Z,Serie A,AS Roma,FC Internazionale Milano,0,1,0.8712314404052417,1.789598000148338
2024-10-21T18:45:00Z,Serie A,Hellas Verona FC,AC Monza,0,3,0.362809503473963,3.7113008629562234
2024-10-25T16:30:00Z,Serie A,Udinese Calcio,Cagliari Calcio,2,0,2.4871529856065275,1.055612013444101
2024-10-25T18:45:00Z,Serie A,Torino FC,Como 1907,1,0,1.5174068204425186,0.3746650962459144
2024-10-26T13:00:00Z,Serie A,SSC Napoli,US Lecce,1,0,1.7545292646615853,0.170716705317282
2024-10-26T18:45:00Z,Serie A,Atalanta BC,Hellas Verona FC,6,1,5.825933199804618,1.3915115671882363
2024-10-27T11:30:00Z,Serie A,Parma Calcio 1913,Empoli FC,1,1,1.317989911570411,1.930671297949087
2024-10-27T14:00:00Z,Serie A,SS Lazio,Genoa CFC,3,0,3.5633851076838416,0.0
2024-10-27T14:00:00Z,Serie A,AC Monza,Venezia FC,2,2,2.8600236869280584,1.8794872853706903
2024-10-27T17:00:00Z,Serie A,FC Internazionale Milano,Juventus FC,4,4,4.352429265748139,4.526818583679484
2024-10-27T19:45:00Z,Serie A,ACF Fiorentina,AS Roma,5,1,4.937034188187438,1.3672232121677532
2024-10-29T17:30:00Z,Serie A,Cagliari Calcio,Bologna FC 1909,0,2,0.6859134337898409,2.5023183679527055
2024-10-29T17:30:00Z,Serie A,US Lecce,Hellas Verona FC,1,0,1.3093912833523111,0.7835935313707596
2024-10-29T19:45:00Z,Serie A,AC Milan,SSC Napoli,0,2,0.1431000022728916,2.3342291961643444
2024-10-30T17:30:00Z,Serie A,Empoli FC,FC Internazionale Milano,0,3,0.31269638308603276,2.938098250720814
2024-10-30T17:30:00Z,Serie A,Venezia FC,Udinese Calcio,3,2,3.444642392703245,3.1133444671599833
2024-10-30T19:45:00Z,Serie A,Atalanta BC,AC Monza,2,0,2.3185766006385364,0.20083151376836716
2024-10-30T19:45:00Z,Serie A,Juventus FC,Parma Calcio 1913,2,2,1.8383301828702794,2.1822888633963706
2024-10-31T17:30:00Z,Serie A,Genoa CFC,ACF Fiorentina,0,1,0.7691198590661397,1.8311160041167789
2024-10-31T19:45:00Z,Serie A,Como 1907,SS Lazio,1,5,1.8824625123836167,5.384653263687545
2024-10-31T19:45:00Z,Serie A,AS Roma,Torino FC,1,0,1.6954565974018516,0.48098304438955675
2024-11-02T14:00:00Z,Serie A,Bologna FC 1909,US Lecce,1,0,1.158694298872555,0.6448370372180954
2024-11-02T17:00:00Z,Serie A,Udinese Calcio,Juventus FC,0,2,0.4395525398157446,2.8250749309329986
2024-11-02T19:45:00Z,Serie A,AC Monza,AC Milan,0,1,0.4980436054311626,1.3999617920454686
2024-11-03T11:30:00Z,Serie A,SSC Napoli,Atalanta BC,0,3,0.6796383168685731,3.95598560177429
2024-11-03T14:00:00Z,Serie A,Torino FC,ACF Fiorentina,0,1,0.7005021466154242,0.8592600453795584
2024-11-03T17:00:00Z,Serie A,Hellas Verona FC,AS Roma,3,2,3.2797478603664514,2.727936171085923
2024-11-03T19:45:00Z,Serie A,FC Internazionale Milano,Venezia FC,1,0,1.524598666924068,0.2481417325947028
2024-11-04T17:30:00Z,Serie A,Empoli FC,Como 1907,1,0,1.6371841213845724,0.9116813949823974
2024-11-04T17:30:00Z,Serie A,Parma Calcio 1913,Genoa CFC,0,1,0.9367466966440299,1.5426133436491636
2024-11-04T19:45:00Z,Serie A,SS Lazio,Cagliari Calcio,2,1,2.711351961947417,1.2981284003971796
2024-11-07T19:45:00Z,Serie A,Genoa CFC,Como 1907,1,1,1.7367170062126558,1.6988523279064898
2024-11-08T19:45:00Z,Serie A,US Lecce,Empoli FC,1,1,1.5251479883788082,1.7679565041621754
2024-11-09T14:00:00Z,Serie A,Venezia FC,Parma Calcio 1913,1,2,1.923137743561051,2.6925682368575914
2024-11-09T17:00:00Z,Serie A,Cagliari Calcio,AC Milan,3,3,3.6229288387878493,3.1910911281100818
2024-11-09T19:45:00Z,Serie A,Juventus FC,Torino FC,2,0,2.2416736269479287,0.3547948629133746
2024-11-10T11:30:00Z,Serie A,Atalanta BC,Udinese Calcio,2,1,2.9210109910375572,1.4987781488635694
2024-11-10T14:00:00Z,Serie A,ACF Fiorentina,Hellas Verona FC,3,1,3.709370981761708,1.487622104204982
2024-11-10T14:00:00Z,Serie A,AS Roma,Bologna FC 1909,2,3,2.3670867936614552,3.7249236426315044
2024-11-10T17:00:00Z,Serie A,AC Monza,SS Lazio,0,1,0.356152109780227,0.8955296302480176
2024-11-10T19:45:00Z,Serie A,FC Internazionale Milano,SSC Napoli,1,1,1.5889726635422285,1.600298116366051
2024-11-23T14:00:00Z,Serie A,Hellas Verona FC,FC Internazionale Milano,0,5,0.6389554385802754,5.413005593669008
2024-11-23T17:00:00Z,Serie A,AC Milan,Juventus FC,0,0,0.5591876796893619,0.24844981508481434
2024-11-23T19:45:00Z,Serie A,Parma Calcio 1913,Atalanta BC,1,3,1.5933926020328655,3.2772539666691203
2024-11-24T11:30:00Z,Serie A,Genoa CFC,Cagliari Calcio,2,2,3.009987212372914,2.4356387006446107
2024-11-24T14:00:00Z,Serie A,Como 1907,ACF Fiorentina,0,2,0.8214629456704656,1.4196744686621448
2024-11-24T14:00:00Z,Serie A,Torino FC,AC Monza,1,1,1.5571906773795074,1.289613128762535
2024-11-24T17:00:00Z,Serie A,SSC Napoli,AS Roma,1,0,1.782393174230245,0.23725555260611203
2024-11-24T19:45:00Z,Serie A,SS Lazio,Bologna FC 1909,3,0,3.190242828941738,0.6598349627967872
2024-11-25T17:30:00Z,Serie A,Empoli FC,Udinese Calcio,1,1,1.6193781149840427,1.2583419952468438
2024-11-25T19:45:00Z,Serie A,Venezia FC,US Lecce,0,1,1.042791904919933,1.435465859948853
2024-11-29T19:45:00Z,Serie A,Cagliari Calcio,Hellas Verona FC,1,0,1.434586231382288,0.9626829882983906
2024-11-30T14:00:00Z,Serie A,Como 1907,AC Monza,1,1,1.2457098214142746,1.798305455944627
2024-11-30T17:00:00Z,Serie A,AC Milan,Empoli FC,3,0,3.304373333422082,0.7706814199830359
2024-11-30T19:45:00Z,Serie A,Bologna FC 1909,Venezia FC,3,0,3.1731100887972836,0.35003827087674444
2024-12-01T11:30:00Z,Serie A,Udinese Calcio,Genoa CFC,0,2,0.264571427561689,2.6629096837868955
2024-12-01T14:00:00Z,Serie A,Parma Calcio 1913,SS Lazio,3,1,3.3888475704229912,1.4298306598639219
2024-12-01T14:00:00Z,Serie A,Torino FC,SSC Napoli,0,1,0.0783298942464074,1.4411720367969187
2024-12-01T19:45:00Z,Serie A,US Lecce,Juventus FC,1,1,1.504685500184881,1.6229056031239648
2024-12-02T19:45:00Z,Serie A,AS Roma,Atalanta BC,0,2,0.7706831521359941,2.3209019234737203
2024-12-06T17:30:00Z,Serie A,FC Internazionale Milano,Parma Calcio 1913,3,1,3.227673145955924,1.9479009313329612
2024-12-06T19:45:00Z,Serie A,Atalanta BC,AC Milan,2,1,2.9557851770925305,1.451960958120619
2024-12-07T14:00:00Z,Serie A,Genoa CFC,Torino FC,0,0,0.6532376265582784,0.6855081698778995
2024-12-07T17:00:00Z,Serie A,Juventus FC,Bologna FC 1909,2,2,2.8091741756872173,2.9366801437771892
2024-12-07T19:45:00Z,Serie A,AS Roma,US Lecce,4,1,4.302649633844359,1.8094961323725525
2024-12-08T11:30:00Z,Serie A,ACF Fiorentina,Cagliari Calcio,1,0,1.7563575681199848,0.07732426919284258
2024-12-08T14:00:00Z,Serie A,Hellas Verona FC,Empoli FC,1,4,1.1724198298814061,4.633468768502965
2024-12-08T17:00:00Z,Serie A,Venezia FC,Como 1907,2,2,2.7670742502509524,2.7552158183381943
2024-12-08T19:45:00Z,Serie A,SSC Napoli,SS Lazio,0,1,0.5515518019380594,1.7675589066482247
2024-12-09T19:45:00Z,Serie A,AC Monza,Udinese Calcio,1,2,1.665975365995435,2.1660115497656105
2024-12-13T19:45:00Z,Serie A,Empoli FC,Torino FC,0,1,0.14732161831254453,1.3028894288948027
2024-12-14T14:00:00Z,Serie A,Cagliari Calcio,Atalanta BC,0,1,0.23147904731701863,1.7983674707224866
2024-12-14T17:00:00Z,Serie A,Udinese Calcio,SSC Napoli,1,3,1.6791684654760153,3.2714718887952063
2024-12-14T19:45:00Z,Serie A,Juventus FC,Venezia FC,2,2,2.2154955987327396,2.4100911830007057
2024-12-15T11:30:00Z,Serie A,US Lecce,AC Monza,2,1,2.638961887629737,1.9727627428505907
2024-12-15T14:00:00Z,Serie A,Bologna FC 1909,ACF Fiorentina,1,0,1.0898586580619263,0.48566022488456306
2024-12-15T14:00:00Z,Serie A,Parma Calcio 1913,Hellas Verona FC,2,3,2.7544522638,3.2819677586498472
2024-12-15T17:00:00Z,Serie A,Como 1907,AS Roma,2,0,2.1302430055694472,0.23671479294112846
2024-12-15T19:45:00Z,Serie A,AC Milan,Genoa CFC,0,0,0.6656899813038569,0.5998157988755564
2024-12-16T19:45:00Z,Serie A,SS Lazio,FC Internazionale Milano,0,6,0.6876892800938003,6.100055597456837
2024-12-20T19:45:00Z,Serie A,Hellas Verona FC,AC Milan,0,1,0.2909684544711275,1.4257992108310744
2024-12-21T14:00:00Z,Serie A,Torino FC,Bologna FC 1909,0,2,0.6746079701254181,2.5999691604970065
2024-12-21T17:00:00Z,Serie A,Genoa CFC,SSC Napoli,1,2,1.578132679000067,2.8897449461643
2024-12-21T19:45:00Z,Serie A,US Lecce,SS Lazio,1,2,1.3383474431421785,2.7002644241109985
2024-12-22T11:30:00Z,Serie A,AS Roma,Parma Calcio 1913,5,0,5.197433594777138,0.28578046460534634
2024-12-22T14:00:00Z,Serie A,Venezia FC,Cagliari Calcio,2,1,1.9112122924982264,1.853525795269116
2024-12-22T17:00:00Z,Serie A,Atalanta BC,Empoli FC,3,2,3.604895014189908,2.4101454887357567
2024-12-22T19:45:00Z,Serie A,AC Monza,Juventus FC,1,2,1.0305591685913835,2.1292890933851774
2024-12-23T17:30:00Z,Serie A,ACF Fiorentina,Udinese Calcio,1,2,1.5286032598323924,2.4483875922203584
2024-12-23T19:45:00Z,Serie A,FC Internazionale Milano,Como 1907,2,0,2.420965535175325,0.9314507603437105
2024-12-28T14:00:00Z,Serie A,Empoli FC,Genoa CFC,1,2,1.7037428326314585,2.5495720150194776
2024-12-28T14:00:00Z,Serie A,Parma Calcio 1913,AC Monza,2,1,2.409386350153041,1.503756559298936
2024-12-28T17:00:00Z,Serie A,Cagliari Calcio,FC Internazionale Milano,0,3,0.4011656640958726,3.991163493410856
2024-12-28T19:45:00Z,Serie A,SS Lazio,Atalanta BC,1,1,1.7195612112864886,1.070593545883672
2024-12-29T11:30:00Z,Serie A,Udinese Calcio,Torino FC,2,2,2.6005174087252354,2.114320265784168
2024-12-29T14:00:00Z,Serie A,SSC Napoli,Venezia FC,1,0,1.5948467871548335,0.015246058709950383
2024-12-29T17:00:00Z,Serie A,Juventus FC,ACF Fiorentina,2,2,2.640780276942558,2.6117944559440165
2024-12-29T19:45:00Z,Serie A,AC Milan,AS Roma,1,1,1.0393283630378682,1.5499479381345374
2024-12-30T17:30:00Z,Serie A,Como 1907,US Lecce,2,0,2.7270366039960945,0.9628209101839328
2024-12-30T19:45:00Z,Serie A,Bologna FC 1909,Hellas Verona FC,2,3,2.683740638204081,3.573042523141031
2025-01-04T14:00:00Z,Serie A,Venezia FC,Empoli FC,1,1,1.1949950614270508,1.3787528521562091
2025-01-04T17:00:00Z,Serie A,ACF Fiorentina,SSC Napoli,0,3,0.42677585789773964,3.500538461863432
2025-01-04T19:45:00Z,Serie A,Hellas Verona FC,Udinese Calcio,0,0,0.4882078137117106,0.5353122255382874
2025-01-05T11:30:00Z,Serie A,AC Monza,Cagliari Calcio,1,2,1.4596509646794802,1.9984716180015498
2025-01-05T14:00:00Z,Serie A,US Lecce,Genoa CFC,0,0,0.6001579899705604,1.3130994933004678
2025-01-05T17:00:00Z,Serie A,Torino FC,Parma Calcio 1913,0,0,0.929410034549355,0.6559613054305734
2025-01-05T19:45:00Z,Serie A,AS Roma,SS Lazio,2,0,2.8245300183018487,0.5630024924067767
2025-01-10T19:45:00Z,Serie A,SS Lazio,Como 1907,1,1,1.1063342419705782,1.684549195283574
2025-01-11T14:00:00Z,Serie A,Empoli FC,US Lecce,1,3,1.6866209970918145,3.7128232941759816
2025-01-11T14:00:00Z,Serie A,Udinese Calcio,Atalanta BC,0,0,0.8986799958606229,0.4578339543492705
2025-01-11T17:00:00Z,Serie A,Torino FC,Juventus FC,1,1,1.6160425562067608,1.31062765912779
2025-01-11T19:45:00Z,Serie A,AC Milan,Cagliari Calcio,1,1,1.8272941275557901,1.6798352058965111
2025-01-12T11:30:00Z,Serie A,Genoa CFC,Parma Calcio 1913,1,0,2.1036811337102295,0.6157132521594357
2025-01-12T14:00:00Z,Serie A,Venezia FC,FC Internazionale Milano,0,1,0.8071128638320944,1.2570329702731775
2025-01-12T17:00:00Z,Serie A,Bologna FC 1909,AS Roma,2,2,2.5747925786925188,2.925710683410179
2025-01-12T19:45:00Z,Serie A,SSC Napoli,Hellas Verona FC,2,0,2.813526542225426,0.588005610896895
2025-01-13T19:45:00Z,Serie A,AC Monza,ACF Fiorentina,2,1,2.5434663499290675,1.7189458086802891
2025-01-14T17:30:00Z,Serie A,Como 1907,AC Milan,1,2,1.5071709129854867,2.9175762663039757
2025-01-14T19:45:00Z,Serie A,Atalanta BC,Juventus FC,1,1,1.3945757292858803,1.5065666463494505
2025-01-15T19:45:00Z,Serie A,FC Internazionale Milano,Bologna FC 1909,2,2,2.969024007649632,2.5950856020952346
2025-01-17T19:45:00Z,Serie A,AS Roma,Genoa CFC,3,1,3.2544714002174,1.743008171551835
2025-01-18T14:00:00Z,Serie A,Bologna FC 1909,AC Monza,3,1,3.9597103174034345,1.2825416748599845
2025-01-18T17:00:00Z,Serie A,Juventus FC,AC Milan,2,0,2.6499592371221112,0.5162154988538002
2025-01-18T19:45:00Z,Serie A,Atalanta BC,SSC Napoli,2,3,2.0802081475594174,3.5376645759953442
2025-01-19T11:30:00Z,Serie A,ACF Fiorentina,Torino FC,1,1,1.6102947878974265,1.2131824344949815
2025-01-19T14:00:00Z,Serie A,Cagliari Calcio,US Lecce,4,1,3.8699920477045127,2.1952910366021636
2025-01-19T14:00:00Z,Serie A,Parma Calcio 1913,Venezia FC,1,1,1.6876524050493107,1.0778119669522792
2025-01-19T17:00:00Z,Serie A,Hellas Verona FC,SS Lazio,0,3,0.7655694448966973,3.110568828893853
2025-01-19T19:45:00Z,Serie A,FC Internazionale Milano,Empoli FC,3,1,3.322293213304384,1.8942679727110736
2025-01-20T19:45:00Z,Serie A,Como 1907,Udinese Calcio,4,1,4.537064308786674,1.7139798752389628
2025-01-24T19:45:00Z,Serie A,Torino FC,Cagliari Calcio,2,0,3.086247230125086,0.19221055475576665
2025-01-25T14:00:00Z,Serie A,Como 1907,Atalanta BC,1,2,1.348275988721419,2.682186704530508
2025-01-25T17:00:00Z,Serie A,SSC Napoli,Juventus FC,2,1,2.18232772388302,1.9403551334991929
2025-01-25T19:45:00Z,Serie A,Empoli FC,Bologna FC 1909,1,1,1.9444990207387796,1.4909210827209043
2025-01-26T11:30:00Z,Serie A,AC Milan,Parma Calcio 1913,3,2,4.088776157159238,3.2796468700223746
2025-01-26T14:00:00Z,Serie A,Udinese Calcio,AS Roma,1,2,1.501108701554354,1.9827814567395894
2025-01-26T17:00:00Z,Serie A,US Lecce,FC Internazionale Milano,0,4,0.8034389106225068,4.7081470361577304
2025-01-26T19:45:00Z,Serie A,SS Lazio,ACF Fiorentina,1,2,1.9024427746592643,2.849958500866301
2025-01-27T17:30:00Z,Serie A,Venezia FC,Hellas Verona FC,1,1,1.277254730238485,1.767403170481574
2025-01-27T19:45:00Z,Serie A,Genoa CFC,AC Monza,2,0,2.3544082493896394,0.43869328200630553
2025-01-31T19:45:00Z,Serie A,Parma Calcio 1913,US Lecce,1,3,1.8692623539464206,3.412867555396655
2025-02-01T14:00:00Z,Serie A,AC Monza,Hellas Verona FC,0,1,1.0055042836125527,1.6332435513261772
2025-02-01T14:00:00Z,Serie A,Udinese Calcio,Venezia FC,3,2,3.6688642580523063,2.7447263459956206
2025-02-01T17:00:00Z,Serie A,Atalanta BC,Torino FC,1,1,1.2360556939493836,1.680742030884709
2025-02-01T19:45:00Z,Serie A,Bologna FC 1909,Como 1907,2,0,3.0961183335098323,0.8120173672380168
2025-02-02T11:30:00Z,Serie A,Juventus FC,Empoli FC,4,1,4.34070873065641,1.1943390128799796
2025-02-02T14:00:00Z,Serie A,ACF Fiorentina,Genoa CFC,2,1,2.3994586656485644,1.4316687062629097
2025-02-02T17:00:00Z,Serie A,AC Milan,FC Internazionale Milano,1,1,1.6027013503468863,1.2179952203628739
2025-02-02T19:45:00Z,Serie A,AS Roma,SSC Napoli,1,1,1.9662481262144322,1.3841661671741576
2025-02-03T19:45:00Z,Serie A,Cagliari Calcio,SS Lazio,1,2,1.756192792965667,2.8045662675442915
2025-02-06T19:45:00Z,Serie A,ACF Fiorentina,FC Internazionale Milano,3,0,3.624459650108573,0.5323951762175686
2025-02-07T19:45:00Z,Serie A,Como 1907,Juventus FC,1,2,1.6389865590354318,3.282057748944931
2025-02-08T14:00:00Z,Serie A,Hellas Verona FC,Atalanta BC,0,5,0.5130544005930399,5.558021910156915
2025-02-08T17:00:00Z,Serie A,Empoli FC,AC Milan,0,2,0.6674418543555519,2.517907564173921
2025-02-08T19:45:00Z,Serie A,Torino FC,Genoa CFC,1,1,0.7411319766917092,1.531854875832065
2025-02-09T11:30:00Z,Serie A,Venezia FC,AS Roma,0,1,0.4110177622790605,1.3086573921420193
2025-02-09T14:00:00Z,Serie A,Cagliari Calcio,Parma Calcio 1913,2,1,2.572396580475034,1.4826490162867219
2025-02-09T14:00:00Z,Serie A,SS Lazio,AC Monza,5,1,5.154695774914148,1.8383364081334936
2025-02-09T17:00:00Z,Serie A,US Lecce,Bologna FC 1909,0,0,0.615896995343468,0.5341912004383317
2025-02-09T19:45:00Z,Serie A,SSC Napoli,Udinese Calcio,1,1,1.4386586337041636,1.2619620810349585
2025-02-10T19:45:00Z,Serie A,FC Internazionale Milano,ACF Fiorentina,2,1,3.026642709494647,1.2224746138564095
2025-02-14T19:45:00Z,Serie A,Bologna FC 1909,Torino FC,3,2,3.971905917564457,2.364939432500247
2025-02-15T14:00:00Z,Serie A,Atalanta BC,Cagliari Calcio,0,0,0.36025832926455115,0.5221590303232642
2025-02-15T17:00:00Z,Serie A,SS Lazio,SSC Napoli,2,2,2.4547486865299915,2.8580759606428785
2025-02-15T19:45:00Z,Serie A,AC Milan,Hellas Verona FC,1,0,1.4778157303174821,0.097853407590069
2025-02-16T11:30:00Z,Serie A,ACF Fiorentina,Como 1907,0,2,0.3645021571521132,2.4040521166333733
2025-02-16T14:00:00Z,Serie A,AC Monza,US Lecce,0,0,0.558507495208438,0.5432930058305236
2025-02-16T14:00:00Z,Serie A,Udinese Calcio,Empoli FC,3,0,3.272515379333723,0.0
2025-02-16T17:00:00Z,Serie A,Parma Calcio 1913,AS Roma,0,1,0.16081539951874213,1.249920515110078
2025-02-16T19:45:00Z,Serie A,Juventus FC,FC Internazionale Milano,1,0,1.6868133671700805,0.29603343807914406
2025-02-17T19:45:00Z,Serie A,Genoa CFC,Venezia FC,2,0,2.6888588752665434,0.2612088878448505
2025-02-21T19:45:00Z,Serie A,US Lecce,Udinese Calcio,0,1,0.25870527210200234,1.5575668635064943
2025-02-22T14:00:00Z,Serie A,Parma Calcio 1913,Bologna FC 1909,2,0,2.76860662922878,0.4518321171494608
2025-02-22T14:00:00Z,Serie A,Venezia FC,SS Lazio,0,0,0.3105266812504006,0.33341416921968914
2025-02-22T17:00:00Z,Serie A,Torino FC,AC Milan,2,1,2.5759495714113942,1.6283887879657906
2025-02-22T19:45:00Z,Serie A,FC Internazionale Milano,Genoa CFC,1,0,1.7461032037837367,1.016922415293875
2025-02-23T11:30:00Z,Serie A,Como 1907,SSC Napoli,2,1,2.4899162305888862,1.9917769550225257
2025-02-23T14:00:00Z,Serie A,Hellas Verona FC,ACF Fiorentina,1,0,1.6364222736423404,0.0
2025-02-23T17:00:00Z,Serie A,Empoli FC,Atalanta BC,0,5,0.3450711068337285,5.673121655150542
2025-02-23T19:45:00Z,Serie A,Cagliari Calcio,Juventus FC,0,1,0.4410600249715709,1.4465930129808484
2025-02-24T19:45:00Z,Serie A,AS Roma,AC Monza,4,0,4.438242170735898,0.5465466028596069
2025-02-27T19:45:00Z,Serie A,Bologna FC 1909,AC Milan,2,1,2.2760264960379284,1.3805150899372354
2025-02-28T19:45:00Z,Serie A,ACF Fiorentina,US Lecce,1,0,1.4469677510652654,0.5352765889661607
2025-03-01T14:00:00Z,Serie A,Atalanta BC,Venezia FC,0,0,0.035414510340876004,0.5454222188216056
2025-03-01T17:00:00Z,Serie A,SSC Napoli,FC Internazionale Milano,1,1,1.3526538758573685,1.326314472795323
2025-03-01T19:45:00Z,Serie A,Udinese Calcio,Parma Calcio 1913,1,0,1.4145373519890987,0.23108973565244578
2025-03-02T11:30:00Z,Serie A,AC Monza,Torino FC,0,2,0.42314607425138595,2.3653912952141547
2025-03-02T14:00:00Z,Serie A,Bologna FC 1909,Cagliari Calcio,2,1,2.4275507662387663,1.5702777793370297
2025-03-02T14:00:00Z,Serie A,Genoa CFC,Empoli FC,1,1,1.4814707400419613,1.679698902505279
2025-03-02T17:00:00Z,Serie A,AS Roma,Como 1907,2,1,2.643832455425819,1.7560046932020439
2025-03-02T19:45:00Z,Serie A,AC Milan,SS Lazio,1,2,1.7623551222397569,2.351742993079926
2025-03-03T19:45:00Z,Serie A,Juventus FC,Hellas Verona FC,2,0,2.30507043194552,0.585153370190821
2025-03-07T19:45:00Z,Serie A,Cagliari Calcio,Genoa CFC,1,1,1.1390397433832566,1.7887507775859897
2025-03-08T14:00:00Z,Serie A,Como 1907,Venezia FC,1,1,1.187386676327069,1.8496784685432384
2025-03-08T14:00:00Z,Serie A,Parma Calcio 1913,Torino FC,2,2,2.3538391236415217,2.4823501437605433
2025-03-08T17:00:00Z,Serie A,US Lecce,AC Milan,2,3,2.394423604655047,3.4337204825181162
2025-03-08T19:45:00Z,Serie A,FC Internazionale Milano,AC Monza,3,2,3.269001180140763,2.5573372701509176
2025-03-09T11:30:00Z,Serie A,Hellas Verona FC,Bologna FC 1909,1,2,1.1111650007250318,2.155087758130778
2025-03-09T14:00:00Z,Serie A,SSC Napoli,ACF Fiorentina,2,1,2.3631637517577433,1.4419171466893475
2025-03-09T17:00:00Z,Serie A,Empoli FC,AS Roma,0,1,0.5544279860341914,1.723375919541939
2025-03-09T19:45:00Z,Serie A,Juventus FC,Atalanta BC,0,4,0.6785088397506694,4.69258413883311
2025-03-10T19:45:00Z,Serie A,SS Lazio,Udinese Calcio,1,1,1.3327730840675036,1.4189197186908333
2025-03-14T19:45:00Z,Serie A,Genoa CFC,US Lecce,2,1,2.37610065335697,1.56531546032615
2025-03-15T14:00:00Z,Serie A,AC Monza,Parma Calcio 1913,1,1,1.2219905073458068,1.2526048979127937
2025-03-15T14:00:00Z,Serie A,Udinese Calcio,Hellas Verona FC,0,1,0.49056824888756706,1.7110476444675076
2025-03-15T17:00:00Z,Serie A,AC Milan,Como 1907,2,1,2.2454714097427555,1.476653569159058
2025-03-15T19:45:00Z,Serie A,Torino FC,Empoli FC,1,0,1.67193834397236,0.41721456449115857
2025-03-16T11:30:00Z,Serie A,Venezia FC,SSC Napoli,0,0,0.0,0.391482849171984
2025-03-16T14:00:00Z,Serie A,Bologna FC 1909,SS Lazio,5,0,5.3921110982642615,0.48113183993004255
2025-03-16T15:00:00Z,Serie A,AS Roma,Cagliari Calcio,1,0,1.5903322017575228,0.36563670652041247
2025-03-16T17:00:00Z,Serie A,ACF Fiorentina,Juventus FC,3,0,3.5551503548967514,0.6974429108007689
2025-03-16T19:45:00Z,Serie A,Atalanta BC,FC Internazionale Milano,0,2,1.307910099194149,2.3814149355951457
2025-03-29T14:00:00Z,Serie A,Como 1907,Empoli FC,1,1,1.6049400073703723,1.9778892288082144
2025-03-29T14:00:00Z,Serie A,Venezia FC,Bologna FC 1909,0,1,0.19878362094739693,1.9395631510444142
2025-03-29T17:00:00Z,Serie A,Juventus FC,Genoa CFC,1,0,1.4713607258732782,0.23253695304364858
2025-03-29T19:45:00Z,Serie A,US Lecce,AS Roma,0,1,0.0,1.5209112808287841
2025-03-30T10:30:00Z,Serie A,Cagliari Calcio,AC Monza,3,0,3.475820075210972,0.3048030135991415
2025-03-30T13:00:00Z,Serie A,ACF Fiorentina,Atalanta BC,1,0,1.2500831828997723,0.4020057310434165
2025-03-30T16:00:00Z,Serie A,FC Internazionale Milano,Udinese Calcio,2,1,2.7746170826680485,2.100728240293439
2025-03-30T18:45:00Z,Serie A,SSC Napoli,AC Milan,2,1,2.3351379176213394,1.4077285748652604
2025-03-31T16:30:00Z,Serie A,Hellas Verona FC,Parma Calcio 1913,0,0,0.464970225261426,0.6080678111232286
2025-03-31T18:45:00Z,Serie A,SS Lazio,Torino FC,1,1,1.309332647578679,1.6623963882024835
2025-04-04T18:45:00Z,Serie A,Genoa CFC,Udinese Calcio,1,0,2.0216554055559994,0.1998111882550278
2025-04-05T13:00:00Z,Serie A,AC Monza,Como 1907,1,3,1.4036271701646266,3.2434713576772385
2025-04-05T16:00:00Z,Serie A,Parma Calcio 1913,FC Internazionale Milano,2,2,3.0497671130437602,2.1381932885775643
2025-04-05T18:45:00Z,Serie A,AC Milan,ACF Fiorentina,2,2,2.74424552863548,2.234208779830667
2025-04-06T10:30:00Z,Serie A,US Lecce,Venezia FC,1,1,1.6446200182006159,0.6449909672048454
2025-04-06T13:00:00Z,Serie A,Empoli FC,Cagliari Calcio,0,0,0.6106199441952559,0.6633747202380884
2025-04-06T13:00:00Z,Serie A,Torino FC,Hellas Verona FC,1,1,1.6181391894648756,2.1162581523768207
2025-04-06T16:00:00Z,Serie A,Atalanta BC,SS Lazio,0,1,0.0,1.544346221710958
2025-04-06T18:45:00Z,Serie A,AS Roma,Juventus FC,1,1,1.416334981754773,1.0751193421978178
2025-04-07T18:45:00Z,Serie A,Bologna FC 1909,SSC Napoli,1,1,1.7535473913552964,1.3071670851300157
2025-04-11T18:45:00Z,Serie A,Udinese Calcio,AC Milan,0,4,0.48533084495776835,4.362336946492501
2025-04-12T13:00:00Z,Serie A,Venezia FC,AC Monza,1,0,1.0784430459589274,0.19472456683598732
2025-04-12T16:00:00Z,Serie A,FC Internazionale Milano,Cagliari Calcio,3,1,3.484278664826759,1.758054791518547
2025-04-12T18:45:00Z,Serie A,Juventus FC,US Lecce,2,1,3.0112316548766476,1.7430780133126
2025-04-13T10:30:00Z,Serie A,Atalanta BC,Bologna FC 1909,2,0,2.8740675146604158,0.15336446185470215
2025-04-13T13:00:00Z,Serie A,ACF Fiorentina,Parma Calcio 1913,0,0,0.48139879719019046,0.7175243133342524
2025-04-13T13:00:00Z,Serie A,Hellas Verona FC,Genoa CFC,0,0,0.785434783117426,0.9580437990731796
2025-04-13T16:00:00Z,Serie A,Como 1907,Torino FC,1,0,1.3900478938895844,1.070767461568868
2025-04-13T18:45:00Z,Serie A,SS Lazio,AS Roma,1,1,0.9888385239519843,2.359563606925789
2025-04-14T18:45:00Z,Serie A,SSC Napoli,Empoli FC,3,0,3.2226602035611336,0.2294022051670408
2025-04-19T13:00:00Z,Serie A,US Lecce,Como 1907,0,3,0.9688666305524594,4.3472661279185605
2025-04-19T16:00:00Z,Serie A,AC Monza,SSC Napoli,0,1,0.41780207545120873,1.3937380834473636
2025-04-19T18:45:00Z,Serie A,AS Roma,Hellas Verona FC,1,0,1.4269848061874946,0.32226036338584574
2025-04-20T13:00:00Z,Serie A,Empoli FC,Venezia FC,2,2,2.410048541117536,2.5981217124633535
2025-04-20T16:00:00Z,Serie A,Bologna FC 1909,FC Internazionale Milano,1,0,2.071240976871902,0.32538159977209624
2025-04-20T18:45:00Z,Serie A,AC Milan,Atalanta BC,0,1,0.9877876746086189,1.6197132421939577
2025-04-23T16:30:00Z,Serie A,Cagliari Calcio,ACF Fiorentina,1,2,2.1656340700344403,2.1039768436788093
2025-04-23T16:30:00Z,Serie A,Genoa CFC,SS Lazio,0,2,0.4522864368799846,2.4283742193809696
2025-04-23T16:30:00Z,Serie A,Parma Calcio 1913,Juventus FC,1,0,1.5886873466241285,0.8856746703085039
2025-04-23T16:30:00Z,Serie A,Torino FC,Udinese Calcio,2,0,2.0450072351737627,0.4828816125706532
2025-04-27T10:30:00Z,Serie A,Como 1907,Genoa CFC,1,0,1.9430803278354822,0.5424787360219648
2025-04-27T10:30:00Z,Serie A,Venezia FC,AC Milan,0,2,0.14966613461961953,2.6425775814151935
2025-04-27T13:00:00Z,Serie A,ACF Fiorentina,Empoli FC,2,1,2.565032669128789,1.8511984887952981
2025-04-27T13:00:00Z,Serie A,FC Internazionale Milano,AS Roma,0,1,0.17080924171014678,1.0034325863431701
2025-04-27T16:00:00Z,Serie A,Juventus FC,AC Monza,2,0,2.323339951978391,0.6753572155512304
2025-04-27T18:45:00Z,Serie A,Atalanta BC,US Lecce,1,1,1.2488212706850899,1.419558258227471
2025-04-27T18:45:00Z,Serie A,SSC Napoli,Torino FC,2,0,2.3176374217972544,0.5499913685935516
2025-04-28T16:30:00Z,Serie A,Udinese Calcio,Bologna FC 1909,0,0,0.3382631890553064,0.8179850509287129
2025-04-28T18:45:00Z,Serie A,Hellas Verona FC,Cagliari Calcio,0,2,0.33551936152247686,2.141744004576447
2025-04-28T18:45:00Z,Serie A,SS Lazio,Parma Calcio 1913,2,2,2.750000173534092,2.1962066675670733
2025-05-02T18:45:00Z,Serie A,Torino FC,Venezia FC,1,1,1.168541162081244,0.9193710120858581
2025-05-03T13:00:00Z,Serie A,Cagliari Calcio,Udinese Calcio,1,2,1.56616242810416,2.335252317470867
2025-05-03T13:00:00Z,Serie A,Parma Calcio 1913,Como 1907,0,1,0.8653877456916674,1.899129703313645
2025-05-03T16:00:00Z,Serie A,US Lecce,SSC Napoli,0,1,0.3460410906459812,1.4638238434579591
2025-05-03T18:45:00Z,Serie A,FC Internazionale Milano,Hellas Verona FC,1,0,1.2846243327757194,0.0979625313035643
2025-05-04T10:30:00Z,Serie A,Empoli FC,SS Lazio,0,1,0.43084261244592476,1.3542963766274858
2025-05-04T13:00:00Z,Serie A,AC Monza,Atalanta BC,0,4,0.853917562508213,4.053641488952813
2025-05-04T16:00:00Z,Serie A,AS Roma,ACF Fiorentina,1,0,1.5582322892860074,0.1624441694806515
2025-05-04T18:45:00Z,Serie A,Bologna FC 1909,Juventus FC,1,1,1.3406357116177205,1.6166456730791139
2025-05-05T18:45:00Z,Serie A,Genoa CFC,AC Milan,1,2,1.645162995356412,2.1478380021081915
2025-05-09T18:45:00Z,Serie A,AC Milan,Bologna FC 1909,3,1,3.169312355049073,1.8337902915609905
2025-05-10T13:00:00Z,Serie A,Como 1907,Cagliari Calcio,3,1,3.704407853132884,1.4786639127508991
2025-05-10T16:00:00Z,Serie A,SS Lazio,Juventus FC,1,1,1.6225821923105301,1.5256784111833577
2025-05-10T18:45:00Z,Serie A,Empoli FC,Parma Calcio 1913,2,1,2.407657458658335,1.4164881097176318
2025-05-11T10:30:00Z,Serie A,Udinese Calcio,AC Monza,1,2,1.2484242604658307,2.731854351563117
2025-05-11T13:00:00Z,Serie A,Hellas Verona FC,US Lecce,1,1,1.2339957233149628,1.7349479663331033
2025-05-11T16:00:00Z,Serie A,Torino FC,FC Internazionale Milano,0,2,0.6604452009037731,2.6005163055736515
2025-05-11T18:45:00Z,Serie A,SSC Napoli,Genoa CFC,2,2,2.8686941507467187,2.6694367317722945
2025-05-12T16:30:00Z,Serie A,Venezia FC,ACF Fiorentina,2,1,2.3088076758913614,1.4363730990238723
2025-05-12T18:45:00Z,Serie A,Atalanta BC,AS Roma,2,1,2.637516011065445,1.6626609020727146
2025-05-17T18:45:00Z,Serie A,Genoa CFC,Atalanta BC,2,3,1.8738918944193794,3.398636667357858
2025-05-18T18:45:00Z,Serie A,Cagliari Calcio,Venezia FC,3,0,3.3246146808028403,0.5006694866487206
2025-05-18T18:45:00Z,Serie A,ACF Fiorentina,Bologna FC 1909,3,2,3.4906823201387294,2.4176068751901107
2025-05-18T18:45:00Z,Serie A,Hellas Verona FC,Como 1907,1,1,1.2270949749054498,1.3628344382042412
2025-05-18T18:45:00Z,Serie A,FC Internazionale Milano,SS Lazio,2,2,2.219048087563121,2.293266460683463
2025-05-18T18:45:00Z,Serie A,Juventus FC,Udinese Calcio,2,0,2.299666133059334,0.6403070311576656
2025-05-18T18:45:00Z,Serie A,US Lecce,Torino FC,1,0,1.587657818497912,0.893181773844039
2025-05-18T18:45:00Z,Serie A,AC Monza,Empoli FC,1,3,1.4438012944780876,3.8513305915008678
2025-05-18T18:45:00Z,Serie A,Parma Calcio 1913,SSC Napoli,0,0,0.0,0.12303039921636938
2025-05-18T18:45:00Z,Serie A,AS Roma,AC Milan,3,1,2.86378995420948,1.886760915422062
2025-05-23T18:45:00Z,Serie A,Como 1907,FC Internazionale Milano,0,2,0.3179404466428474,2.4045524495146213
2025-05-23T18:45:00Z,Serie A,SSC Napoli,Cagliari Calcio,2,0,2.6373059758160657,0.6802199045436774
2025-05-24T16:00:00Z,Serie A,Bologna FC 1909,Genoa CFC,1,3,0.6757485471824296,3.2281354003858365
2025-05-24T18:45:00Z,Serie A,AC Milan,AC Monza,2,0,2.350080947154511,0.5425939741622016
2025-05-25T18:45:00Z,Serie A,Atalanta BC,Parma Calcio 1913,2,3,2.3421256430447737,3.5941169548690723
2025-05-25T18:45:00Z,Serie A,Empoli FC,Hellas Verona FC,1,2,1.9165013334625343,2.0546185624241042
2025-05-25T18:45:00Z,Serie A,SS Lazio,US Lecce,0,1,0.3844934564861409,1.682480149903257
2025-05-25T18:45:00Z,Serie A,Torino FC,AS Roma,0,2,0.6148966954222785,2.9037805023514944
2025-05-25T18:45:00Z,Serie A,Udinese Calcio,ACF Fiorentina,2,3,2.542377142026239,3.4476056162955118
2025-05-25T18:45:00Z,Serie A,Venezia FC,Juventus FC,2,3,1.8608300560578397,3.908050439248404
2023-08-11T19:00:00Z,Ligue 1,OGC Nice,Lille OSC,1,1,1.7304621649895213,1.4430919519642778
2023-08-12T15:00:00Z,Ligue 1,Olympique de Marseille,Stade de Reims,2,1,2.5646189516368865,1.7548753593139852
2023-08-12T19:00:00Z,Ligue 1,Paris Saint-Germain FC,FC Lorient,0,0,0.6524805919023768,0.0
2023-08-13T11:00:00Z,Ligue 1,Stade Brestois 29,Racing Club de Lens,3,2,4.677871311930898,3.225633333794039
2023-08-13T13:00:00Z,Ligue 1,Clermont Foot 63,AS Monaco FC,2,4,1.8747661181504234,4.948637473572887
2023-08-13T13:00:00Z,Ligue 1,FC Nantes,Toulouse FC,1,2,2.0174089949283323,2.4146123487238964
2023-08-13T13:00:00Z,Ligue 1,Montpellier HSC,Le Havre AC,2,2,2.4137657441798934,1.9083732920068546
2023-08-13T15:05:00Z,Ligue 1,Stade Rennais FC 1901,FC Metz,5,1,5.586198671320902,1.5864085104916468
2023-08-13T18:45:00Z,Ligue 1,RC Strasbourg Alsace,Olympique Lyonnais,2,1,2.4863463264096275,1.066822335877873
2023-08-18T19:00:00Z,Ligue 1,FC Metz,Olympique de Marseille,2,2,2.372729099980587,2.633456061267246
2023-08-19T17:00:00Z,Ligue 1,Olympique Lyonnais,Montpellier HSC,1,4,1.3290501215283723,4.623469715749285
2023-08-19T19:00:00Z,Ligue 1,Toulouse FC,Paris Saint-Germain FC,1,1,1.5988526206719027,1.2175790492993925
2023-08-20T11:00:00Z,Ligue 1,Lille OSC,FC Nantes,2,0,2.044847890998496,0.8362901070843133
2023-08-20T13:00:00Z,Ligue 1,Le Havre AC,Stade Brestois 29,1,2,1.7251737502565296,2.741672410841852
2023-08-20T13:00:00Z,Ligue 1,FC Lorient,OGC Nice,1,1,1.375141678534424,1.792747001186569
2023-08-20T13:00:00Z,Ligue 1,Stade de Reims,Clermont Foot 63,2,0,2.1609791982878925,0.5026573111006686
2023-08-20T17:00:00Z,Ligue 1,AS Monaco FC,RC Strasbourg Alsace,3,0,3.364996142601256,0.07534277992588806
2023-08-20T18:45:00Z,Ligue 1,Racing Club de Lens,Stade Rennais FC 1901,1,1,1.8771447650587718,1.7933616816633413
2023-08-25T19:00:00Z,Ligue 1,FC Nantes,AS Monaco FC,3,3,3.339399473895133,3.418888580259263
2023-08-26T17:00:00Z,Ligue 1,Olympique de Marseille,Stade Brestois 29,2,0,2.607536085462886,0.08306595704219927
2023-08-26T19:00:00Z,Ligue 1,Paris Saint-Germain FC,Racing Club de Lens,3,1,3.280713117285358,1.9056118097922978
2023-08-27T11:00:00Z,Ligue 1,Stade Rennais FC 1901,Le Havre AC,2,2,2.727376554977086,3.129822256150753
2023-08-27T13:00:00Z,Ligue 1,Clermont Foot 63,FC Metz,0,1,0.7056523216370613,1.487625561306239
2023-08-27T13:00:00Z,Ligue 1,Montpellier HSC,Stade de Reims,1,3,2.0545826499889235,4.147736346380988
2023-08-27T13:00:00Z,Ligue 1,RC Strasbourg Alsace,Toulouse FC,2,0,2.4473308163502354,0.5273944185834049
2023-08-27T15:05:00Z,Ligue 1,FC Lorient,Lille OSC,4,1,4.700596441427372,1.3858632287500947
2023-08-27T18:45:00Z,Ligue 1,OGC Nice,Olympique Lyonnais,0,0,0.5294202618616833,0.3108624637443568
2023-09-01T19:00:00Z,Ligue 1,FC Nantes,Olympique de Marseille,1,1,1.8887615345589044,1.9911247223978226
2023-09-02T15:00:00Z,Ligue 1,Stade Brestois 29,Stade Rennais FC 1901,0,0,0.2843502837173809,0.26595683558366845
2023-09-02T19:00:00Z,Ligue 1,AS Monaco FC,Racing Club de Lens,3,0,3.723501593863184,0.7205807929924962
2023-09-03T11:00:00Z,Ligue 1,Toulouse FC,Clermont Foot 63,2,2,2.4415908111649953,2.3322508494822376
2023-09-03T13:00:00Z,Ligue 1,Le Havre AC,FC Lorient,3,0,3.480743546867451,0.3619079712276911
2023-09-03T13:00:00Z,Ligue 1,FC Metz,Stade de Reims,2,2,2.527525745334512,2.80907490819087
2023-09-03T13:00:00Z,Ligue 1,Lille OSC,Montpellier HSC,1,0,1.5756721189280032,0.3859889461131939
2023-09-03T15:05:00Z,Ligue 1,OGC Nice,RC Strasbourg Alsace,2,0,2.4651312870634126,0.37856138617391205
2023-09-03T18:45:00Z,Ligue 1,Olympique Lyonnais,Paris Saint-Germain FC,1,4,1.5644139549511578,4.839841409152442
2023-09-15T19:00:00Z,Ligue 1,Paris Saint-Germain FC,OGC Nice,2,3,2.9734354172686555,3.979219187966487
2023-09-16T15:00:00Z,Ligue 1,Stade Rennais FC 1901,Lille OSC,2,2,2.7956349056845653,2.69340694098527
2023-09-16T19:00:00Z,Ligue 1,Racing Club de Lens,FC Metz,0,1,0.760746377749069,1.3035690673128153
2023-09-17T11:00:00Z,Ligue 1,FC Lorient,AS Monaco FC,2,2,2.3633381421928386,2.346817450210726
2023-09-17T13:00:00Z,Ligue 1,Clermont Foot 63,FC Nantes,0,1,0.2332277515315027,1.5239745791220112
2023-09-17T13:00:00Z,Ligue 1,RC Strasbourg Alsace,Montpellier HSC,2,2,2.786590167471326,2.596279018577697
2023-09-17T13:00:00Z,Ligue 1,Stade de Reims,Stade Brestois 29,1,2,1.7628140377589383,2.2036402269580684
2023-09-17T15:05:00Z,Ligue 1,Olympique de Marseille,Toulouse FC,0,0,0.9418012027252947,0.7169113818739592
2023-09-17T18:45:00Z,Ligue 1,Olympique Lyonnais,Le Havre AC,0,0,0.31880581220923115,0.5256539988918797
2023-09-22T19:00:00Z,Ligue 1,AS Monaco FC,OGC Nice,0,1,0.4311354033918959,0.9852875044085612
2023-09-23T15:00:00Z,Ligue 1,FC Nantes,FC Lorient,5,3,5.00815475124237,3.2213220552617807
2023-09-23T19:00:00Z,Ligue 1,Stade Brestois 29,Olympique Lyonnais,1,0,1.3822586681817381,0.3487613979045009
2023-09-24T11:00:00Z,Ligue 1,FC Metz,RC Strasbourg Alsace,0,1,0.7989711531738342,1.4781426933476836
2023-09-24T13:00:00Z,Ligue 1,Le Havre AC,Clermont Foot 63,2,1,2.3600513862315404,2.0667836386511986
2023-09-24T13:00:00Z,Ligue 1,Racing Club de Lens,Toulouse FC,2,1,2.692143938560247,1.5714513918418884
2023-09-24T15:05:00Z,Ligue 1,Montpellier HSC,Stade Rennais FC 1901,0,0,0.4428490682006566,0.24776843303041252
2023-09-24T18:45:00Z,Ligue 1,Paris Saint-Germain FC,Olympique de Marseille,4,0,4.597217108466468,0.566189241292149
2023-09-26T19:00:00Z,Ligue 1,Lille OSC,Stade de Reims,1,2,1.1556925830552998,2.394373675763836
2023-09-29T19:00:00Z,Ligue 1,RC Strasbourg Alsace,Racing Club de Lens,0,1,0.5255628348901703,1.5974274718600625
2023-09-30T15:00:00Z,Ligue 1,Clermont Foot 63,Paris Saint-Germain FC,0,0,0.0,0.6741703061106844
2023-09-30T19:00:00Z,Ligue 1,AS Monaco FC,Olympique de Marseille,3,2,3.4439311525514045,2.862769194167181
2023-10-01T11:00:00Z,Ligue 1,Stade de Reims,Olympique Lyonnais,2,0,2.010858026885458,0.49271405129899226
2023-10-01T13:00:00Z,Ligue 1,Le Havre AC,Lille OSC,0,2,0.8617983549640448,2.99168815827995
2023-10-01T13:00:00Z,Ligue 1,Toulouse FC,FC Metz,3,0,3.733222205829353,0.7724067987608574
2023-10-01T13:00:00Z,Ligue 1,OGC Nice,Stade Brestois 29,0,0,0.6400012945898244,0.28776813655634365
2023-10-01T15:05:00Z,Ligue 1,FC Lorient,Montpellier HSC,0,3,0.9563018681478139,4.162956699724539
2023-10-01T18:45:00Z,Ligue 1,Stade Rennais FC 1901,FC Nantes,3,1,3.2153250437525487,1.5980983539810292
2023-10-06T19:00:00Z,Ligue 1,RC Strasbourg Alsace,FC Nantes,1,2,2.0242089593746675,2.2494626488083296
2023-10-07T15:00:00Z,Ligue 1,FC Metz,OGC Nice,0,1,0.7796574692781154,1.9958739153691265
2023-10-07T19:00:00Z,Ligue 1,Stade de Reims,AS Monaco FC,1,3,1.4290334138343161,4.123333275559533
2023-10-08T11:00:00Z,Ligue 1,Olympique de Marseille,Le Havre AC,3,0,3.840686044154883,0.49009242088413185
2023-10-08T13:00:00Z,Ligue 1,Olympique Lyonnais,FC Lorient,3,3,3.1681119462765097,3.3489049218873213
2023-10-08T13:00:00Z,Ligue 1,Stade Brestois 29,Toulouse FC,1,1,1.252645751541698,1.4482875127639014
2023-10-08T15:05:00Z,Ligue 1,Racing Club de Lens,Lille OSC,1,1,1.31742308302809,1.71441951825531
2023-10-08T19:00:00Z,Ligue 1,Stade Rennais FC 1901,Paris Saint-Germain FC,1,3,1.3413066875807953,3.8833569965091543
2023-10-20T19:00:00Z,Ligue 1,Le Havre AC,Racing Club de Lens,0,0,0.18303270717192416,0.671146199259072
2023-10-21T15:00:00Z,Ligue 1,Paris Saint-Germain FC,RC Strasbourg Alsace,3,0,3.8669249201285973,0.5305169625415309
2023-10-21T19:00:00Z,Ligue 1,OGC Nice,Olympique de Marseille,1,0,1.4223436798890505,0.9494035310913282
2023-10-22T11:00:00Z,Ligue 1,FC Lorient,Stade Rennais FC 1901,2,1,2.605751490507064,1.4061490580845435
2023-10-22T13:00:00Z,Ligue 1,FC Nantes,Montpellier HSC,2,0,2.3288945900758957,0.8092758015100721
2023-10-22T13:00:00Z,Ligue 1,Toulouse FC,Stade de Reims,1,1,0.9538190098354449,1.4135811604946165
2023-10-22T13:00:00Z,Ligue 1,Lille OSC,Stade Brestois 29,1,0,1.5810172075174265,0.6293068874032679
2023-10-22T15:05:00Z,Ligue 1,AS Monaco FC,FC Metz,2,1,1.926323507374067,1.4659312305628647
2023-10-22T18:45:00Z,Ligue 1,Olympique Lyonnais,Clermont Foot 63,1,2,1.4794097861743594,2.483244345204157
2023-10-27T19:00:00Z,Ligue 1,Clermont Foot 63,OGC Nice,0,1,0.08950548835015687,1.386784044761337
2023-10-28T15:00:00Z,Ligue 1,Stade de Reims,FC Lorient,1,0,2.0961827997692426,0.9034562093542083
2023-10-28T19:00:00Z,Ligue 1,Racing Club de Lens,FC Nantes,4,0,4.773408816652417,0.2801221885674395
2023-10-29T12:00:00Z,Ligue 1,Stade Brestois 29,Paris Saint-Germain FC,2,3,2.531726137381444,3.2779303242353874
2023-10-29T14:00:00Z,Ligue 1,FC Metz,Le Havre AC,0,0,0.8791120032964006,1.1362980697535328
2023-10-29T14:00:00Z,Ligue 1,Montpellier HSC,Toulouse FC,3,0,3.246105206760279,0.7933542693962994
2023-10-29T14:00:00Z,Ligue 1,Lille OSC,AS Monaco FC,2,0,2.663043813601028,0.0
2023-10-29T16:05:00Z,Ligue 1,Stade Rennais FC 1901,RC Strasbourg Alsace,1,1,1.559943130115614,1.330422378236879
2023-11-03T20:00:00Z,Ligue 1,Paris Saint-Germain FC,Montpellier HSC,3,0,3.5792060244001007,0.0
2023-11-04T16:00:00Z,Ligue 1,FC Lorient,Racing Club de Lens,0,0,0.8817060500320304,0.21479279197542345
2023-11-04T20:00:00Z,Ligue 1,Olympique de Marseille,Lille OSC,0,0,0.7197476308339407,0.0
2023-11-05T12:00:00Z,Ligue 1,Olympique Lyonnais,FC Metz,1,1,1.586617098847507,1.4589031266918173
2023-11-05T14:00:00Z,Ligue 1,FC Nantes,Stade de Reims,0,1,0.0035337691315111552,1.1574174542516065
2023-11-05T14:00:00Z,Ligue 1,Toulouse FC,Le Havre AC,1,2,1.211986111416161,2.5179715770389315
2023-11-05T14:00:00Z,Ligue 1,RC Strasbourg Alsace,Clermont Foot 63,0,0,0.46318731992128276,0.012463622335242563
2023-11-05T16:05:00Z,Ligue 1,AS Monaco FC,Stade Brestois 29,2,0,2.5280117122829955,0.524873555951612
2023-11-05T19:45:00Z,Ligue 1,OGC Nice,Stade Rennais FC 1901,2,0,2.160938882597823,0.3755251165639018
2023-11-10T20:00:00Z,Ligue 1,Montpellier HSC,OGC Nice,0,0,1.2235030026735263,0.9505858895565786
2023-11-11T16:00:00Z,Ligue 1,Stade de Reims,Paris Saint-Germain FC,0,3,0.9549182165760719,3.9234070585236873
2023-11-11T20:00:00Z,Ligue 1,Le Havre AC,AS Monaco FC,0,0,0.680635496117745,0.7356036809030849
2023-11-12T14:00:00Z,Ligue 1,Clermont Foot 63,FC Lorient,1,0,1.5216110583851234,0.40201586580163623
2023-11-12T14:00:00Z,Ligue 1,FC Metz,FC Nantes,3,1,3.4363373090296543,2.095614118578088
2023-11-12T14:00:00Z,Ligue 1,Lille OSC,Toulouse FC,1,1,1.2144244619933293,1.0340894166480539
2023-11-12T16:05:00Z,Ligue 1,Stade Rennais FC 1901,Olympique Lyonnais,0,1,0.5232441555556587,1.0789324111309013
2023-11-12T19:45:00Z,Ligue 1,Racing Club de Lens,Olympique de Marseille,1,0,1.5773257620428252,0.4748650700332806
2023-11-24T20:00:00Z,Ligue 1,Paris Saint-Germain FC,AS Monaco FC,5,2,5.127471827355513,3.176211432676336
2023-11-25T16:00:00Z,Ligue 1,Clermont Foot 63,Racing Club de Lens,0,3,0.6002529251734692,3.4392983279389737
2023-11-25T20:00:00Z,Ligue 1,RC Strasbourg Alsace,Olympique de Marseille,1,1,1.4534222853525753,1.4450264270372153
2023-11-26T12:00:00Z,Ligue 1,OGC Nice,Toulouse FC,1,0,0.9276577326367828,0.06742689316645728
2023-11-26T14:00:00Z,Ligue 1,FC Lorient,FC Metz,2,3,2.2418844967661493,3.7837788755811133
2023-11-26T14:00:00Z,Ligue 1,FC Nantes,Le Havre AC,0,0,0.37591833997350677,0.7859528762988062
2023-11-26T14:00:00Z,Ligue 1,Montpellier HSC,Stade Brestois 29,1,3,2.066306297202057,3.736722560419973
2023-11-26T16:05:00Z,Ligue 1,Stade Rennais FC 1901,Stade de Reims,3,1,3.6669659373601275,1.3112337981457913
2023-11-26T19:45:00Z,Ligue 1,Olympique Lyonnais,Lille OSC,0,2,0.0993555292700326,2.2879879694880985
2023-11-29T18:00:00Z,Ligue 1,Montpellier HSC,Clermont Foot 63,1,1,1.645810886825291,1.112063324878509
2023-12-01T20:00:00Z,Ligue 1,Stade de Reims,RC Strasbourg Alsace,2,1,2.0358088033184902,1.5251617505282802
2023-12-02T16:00:00Z,Ligue 1,Racing Club de Lens,Olympique Lyonnais,3,2,3.824807316166122,2.1758778012164495
2023-12-02T20:00:00Z,Ligue 1,FC Nantes,OGC Nice,1,0,1.3586626044546364,0.14677504842521344
2023-12-03T12:00:00Z,Ligue 1,Le Havre AC,Paris Saint-Germain FC,0,2,0.47190914337824874,2.372892784926797
2023-12-03T14:00:00Z,Ligue 1,AS Monaco FC,Montpellier HSC,2,0,2.897738994262657,0.3532531474447351
2023-12-03T14:00:00Z,Ligue 1,Toulouse FC,FC Lorient,1,1,1.113850929424725,1.3386064413534133
2023-12-03T14:00:00Z,Ligue 1,Stade Brestois 29,Clermont Foot 63,3,0,3.0808645444661025,0.6399333790520784
2023-12-03T16:05:00Z,Ligue 1,Lille OSC,FC Metz,2,0,2.3249202020961985,0.5237143406450837
2023-12-03T19:45:00Z,Ligue 1,Olympique de Marseille,Stade Rennais FC 1901,2,0,2.811513655305795,0.4135531908466647
2023-12-06T20:00:00Z,Ligue 1,Olympique de Marseille,Olympique Lyonnais,3,0,3.0441961773569473,0.5549038784934446
2023-12-07T19:30:00Z,Ligue 1,Stade Brestois 29,RC Strasbourg Alsace,1,1,0.6503533205668294,1.2025418876686103
2023-12-08T20:00:00Z,Ligue 1,Montpellier HSC,Racing Club de Lens,0,0,0.3646523424773004,0.5315835871729033
2023-12-09T16:00:00Z,Ligue 1,Stade Rennais FC 1901,AS Monaco FC,1,2,1.665522239973276,2.54518074785339
2023-12-09T20:00:00Z,Ligue 1,Paris Saint-Germain FC,FC Nantes,2,1,2.860078524921649,1.0490859421927559
2023-12-10T12:00:00Z,Ligue 1,OGC Nice,Stade de Reims,2,1,2.3610515913743804,1.7987081263111087
2023-12-10T14:00:00Z,Ligue 1,Clermont Foot 63,Lille OSC,0,0,0.3765720178651993,0.23556988843190135
2023-12-10T14:00:00Z,Ligue 1,FC Metz,Stade Brestois 29,0,1,0.8461702202767242,1.5270929397619306
2023-12-10T14:00:00Z,Ligue 1,RC Strasbourg Alsace,Le Havre AC,2,1,1.9390774900913739,1.849323522160581
2023-12-10T16:05:00Z,Ligue 1,Olympique Lyonnais,Toulouse FC,3,0,3.3834437674450974,0.7777030273141607
2023-12-10T19:45:00Z,Ligue 1,FC Lorient,Olympique de Marseille,2,4,2.5571271669775175,4.510300016570651
2023-12-15T20:00:00Z,Ligue 1,AS Monaco FC,Olympique Lyonnais,0,1,0.6347656163855102,1.3912502991353795
2023-12-16T16:00:00Z,Ligue 1,Le Havre AC,OGC Nice,3,1,3.3470579920427355,1.7842535725726703
2023-12-16T20:00:00Z,Ligue 1,Racing Club de Lens,Stade de Reims,2,0,2.5103323035117526,0.7024084933425859
2023-12-17T12:00:00Z,Ligue 1,FC Nantes,Stade Brestois 29,0,2,0.0,2.314490493986761
2023-12-17T14:00:00Z,Ligue 1,FC Lorient,RC Strasbourg Alsace,1,2,1.3025254762998455,2.261531905899493
2023-12-17T14:00:00Z,Ligue 1,FC Metz,Montpellier HSC,0,1,0.6360526137663403,0.8782934454912006
2023-12-17T14:00:00Z,Ligue 1,Toulouse FC,Stade Rennais FC 1901,0,0,0.20531178972359615,0.5462095525050762
2023-12-17T16:05:00Z,Ligue 1,Olympique de Marseille,Clermont Foot 63,2,1,2.5176952664768795,1.4751906764944804
2023-12-17T19:45:00Z,Ligue 1,Lille OSC,Paris Saint-Germain FC,1,1,1.6340617502408095,1.8408574123927628
2023-12-20T20:00:00Z,Ligue 1,Clermont Foot 63,Stade Rennais FC 1901,1,3,1.3972352397426704,3.60771652804411
2023-12-20T20:00:00Z,Ligue 1,Toulouse FC,AS Monaco FC,1,2,1.5511391312989713,2.900268758251807
2023-12-20T20:00:00Z,Ligue 1,Montpellier HSC,Olympique de Marseille,1,1,1.2111802304146164,1.2907907316251488
2023-12-20T20:00:00Z,Ligue 1,OGC Nice,Racing Club de Lens,2,0,2.4380166160911863,0.8414450992902855
2023-12-20T20:00:00Z,Ligue 1,Olympique Lyonnais,FC Nantes,1,0,1.6830648508767667,0.3413250862686035
2023-12-20T20:00:00Z,Ligue 1,Paris Saint-Germain FC,FC Metz,3,1,3.54709188829053,1.7332788185376815
2023-12-20T20:00:00Z,Ligue 1,RC Strasbourg Alsace,Lille OSC,2,1,2.3240406191308196,1.062372482240792
2023-12-20T20:00:00Z,Ligue 1,Stade Brestois 29,FC Lorient,4,0,4.567264921287238,0.5705405898098566
2023-12-20T20:00:00Z,Ligue 1,Stade de Reims,Le Havre AC,1,0,1.7143829371909853,0.0
2024-01-12T20:00:00Z,Ligue 1,Olympique de Marseille,RC Strasbourg Alsace,1,1,0.8850176164267566,1.4198587542174737
2024-01-13T16:00:00Z,Ligue 1,AS Monaco FC,Stade de Reims,1,3,1.8477222194867693,3.632106198163374
2024-01-13T20:00:00Z,Ligue 1,Stade Rennais FC 1901,OGC Nice,2,0,2.3991235783956784,0.3437094346306713
2024-01-14T12:00:00Z,Ligue 1,Lille OSC,FC Lorient,3,0,3.627646979972069,0.18486871137320982
2024-01-14T14:00:00Z,Ligue 1,FC Metz,Toulouse FC,0,1,0.8591740770935683,1.75383554078878
2024-01-14T14:00:00Z,Ligue 1,FC Nantes,Clermont Foot 63,1,2,1.0884978908308602,2.4689611630459227
2024-01-14T14:00:00Z,Ligue 1,Stade Brestois 29,Montpellier HSC,2,0,2.287167699271736,0.35312880589079854
2024-01-14T16:05:00Z,Ligue 1,Le Havre AC,Olympique Lyonnais,3,1,3.4134353912372886,1.512568776346283
2024-01-14T19:45:00Z,Ligue 1,Racing Club de Lens,Paris Saint-Germain FC,0,2,0.26487394366267153,3.2910007425836767
2024-01-26T20:00:00Z,Ligue 1,Olympique Lyonnais,Stade Rennais FC 1901,2,3,3.0204809727510424,3.846050854934463
2024-01-27T16:00:00Z,Ligue 1,OGC Nice,FC Metz,1,0,1.2429683718519622,0.848772100456352
2024-01-27T20:00:00Z,Ligue 1,Olympique de Marseille,AS Monaco FC,2,2,2.33333596615394,2.630663895697709
2024-01-28T12:00:00Z,Ligue 1,Montpellier HSC,Lille OSC,0,0,0.5613167094808931,0.5499455817731441
2024-01-28T14:00:00Z,Ligue 1,Clermont Foot 63,RC Strasbourg Alsace,1,1,1.1393551421771733,0.7811753135008751
2024-01-28T14:00:00Z,Ligue 1,FC Lorient,Le Havre AC,3,3,3.381295786473121,3.2963058960610603
2024-01-28T14:00:00Z,Ligue 1,Stade de Reims,FC Nantes,0,0,0.5952359783750525,0.3558276760392577
2024-01-28T16:05:00Z,Ligue 1,Toulouse FC,Racing Club de Lens,0,2,0.40014187868524664,1.93753238078574
2024-01-28T19:45:00Z,Ligue 1,Paris Saint-Germain FC,Stade Brestois 29,2,2,2.4719839423300156,2.15277526293537
2024-02-02T20:00:00Z,Ligue 1,RC Strasbourg Alsace,Paris Saint-Germain FC,1,2,1.3412003662654888,1.9057490587232098
2024-02-03T16:00:00Z,Ligue 1,Stade Rennais FC 1901,Montpellier HSC,2,1,2.04565890724577,1.4885028492907884
2024-02-03T20:00:00Z,Ligue 1,FC Nantes,Racing Club de Lens,0,1,0.5964779634017716,1.7456297912546448
2024-02-04T12:00:00Z,Ligue 1,AS Monaco FC,Le Havre AC,1,1,2.0264799214941727,1.8320323555872986
2024-02-04T14:00:00Z,Ligue 1,Lille OSC,Clermont Foot 63,4,0,4.505520489235032,0.6244353386237723
2024-02-04T14:00:00Z,Ligue 1,Stade de Reims,Toulouse FC,2,3,2.567579235174265,3.2109810976404294
2024-02-04T14:00:00Z,Ligue 1,FC Metz,FC Lorient,1,2,1.707816826535058,1.9203804524440122
2024-02-04T16:05:00Z,Ligue 1,Stade Brestois 29,OGC Nice,0,0,0.11920085103599026,0.0
2024-02-04T19:45:00Z,Ligue 1,Olympique Lyonnais,Olympique de Marseille,1,0,2.0107543974388817,0.11930522682365047
2024-02-09T20:00:00Z,Ligue 1,Olympique de Marseille,FC Metz,1,1,1.5606986389268407,1.2333420905892976
2024-02-10T16:00:00Z,Ligue 1,Racing Club de Lens,RC Strasbourg Alsace,3,1,3.9895570697267324,1.452075450602524
2024-02-10T20:00:00Z,Ligue 1,Paris Saint-Germain FC,Lille OSC,3,1,3.280090101342803,1.1957507345619094
2024-02-11T12:00:00Z,Ligue 1,Le Havre AC,Stade Rennais FC 1901,0,1,1.0454185767673474,1.6016927681004784
2024-02-11T14:00:00Z,Ligue 1,Clermont Foot 63,Stade Brestois 29,1,1,1.7325466482104348,1.430317949160158
2024-02-11T14:00:00Z,Ligue 1,FC Lorient,Stade de Reims,2,0,2.6659120257557074,0.5031637135223077
2024-02-11T14:00:00Z,Ligue 1,Toulouse FC,FC Nantes,1,2,1.5702073363059443,2.8420751658013614
2024-02-11T16:05:00Z,Ligue 1,Montpellier HSC,Olympique Lyonnais,1,2,1.4254414145776653,2.145930479739889
2024-02-11T19:45:00Z,Ligue 1,OGC Nice,AS Monaco FC,2,3,2.8601594975421616,3.6256113734877102
2024-02-16T20:00:00Z,Ligue 1,Olympique Lyonnais,OGC Nice,1,0,1.542107960954414,0.495808031457178
2024-02-17T16:00:00Z,Ligue 1,Lille OSC,Le Havre AC,3,0,2.909879088923854,0.39995411570909145
2024-02-17T20:00:00Z,Ligue 1,FC Nantes,Paris Saint-Germain FC,0,2,0.16484406148789926,2.765576896259788
2024-02-18T12:00:00Z,Ligue 1,RC Strasbourg Alsace,FC Lorient,1,3,1.4442462743421758,3.7637042463671024
2024-02-18T14:00:00Z,Ligue 1,AS Monaco FC,Toulouse FC,1,2,1.5929996949496665,2.2160527612034717
2024-02-18T14:00:00Z,Ligue 1,Montpellier HSC,FC Metz,3,0,3.4830234533300315,0.44535182484262276
2024-02-18T14:00:00Z,Ligue 1,Stade Rennais FC 1901,Clermont Foot 63,3,1,3.865691236938099,1.5843635047752196
2024-02-18T16:05:00Z,Ligue 1,Stade de Reims,Racing Club de Lens,1,1,0.9146694407884126,1.4180979755932246
2024-02-18T19:45:00Z,Ligue 1,Stade Brestois 29,Olympique de Marseille,1,0,1.5430763809515482,0.6755063996863395
2024-02-23T20:00:00Z,Ligue 1,FC Metz,Olympique Lyonnais,1,2,0.9546062323838536,2.5843576053730826
2024-02-24T16:00:00Z,Ligue 1,FC Lorient,FC Nantes,0,1,0.7279136886452505,2.049768372106804
2024-02-24T20:00:00Z,Ligue 1,RC Strasbourg Alsace,Stade Brestois 29,0,3,0.47166238566739915,3.040916259221064
2024-02-25T12:00:00Z,Ligue 1,Racing Club de Lens,AS Monaco FC,2,3,2.6258829916072353,3.4632692030757806
2024-02-25T14:00:00Z,Ligue 1,Le Havre AC,Stade de Reims,1,2,1.24083511182307,2.2274492465463425
2024-02-25T14:00:00Z,Ligue 1,Toulouse FC,Lille OSC,3,1,3.8838394794973254,1.6812322366317132
2024-02-25T14:00:00Z,Ligue 1,OGC Nice,Clermont Foot 63,0,0,0.8125173992176553,0.014848432986336646
2024-02-25T16:05:00Z,Ligue 1,Paris Saint-Germain FC,Stade Rennais FC 1901,1,1,1.6750632909035663,1.603893813067466
2024-02-25T19:45:00Z,Ligue 1,Olympique de Marseille,Montpellier HSC,4,1,4.461144825940968,1.3109854705954977
2024-03-01T20:00:00Z,Ligue 1,AS Monaco FC,Paris Saint-Germain FC,0,0,0.6739571855885397,0.2797514401636958
2024-03-02T16:00:00Z,Ligue 1,Stade de Reims,Lille OSC,0,1,0.28793222960379533,1.066050538937794
2024-03-02T20:00:00Z,Ligue 1,Clermont Foot 63,Olympique de Marseille,1,5,1.7566666977062135,5.3604772161396985
2024-03-03T12:00:00Z,Ligue 1,Toulouse FC,OGC Nice,2,1,2.994844268297176,1.8253501590872776
2024-03-03T14:00:00Z,Ligue 1,FC Nantes,FC Metz,0,2,0.8211831679937558,2.492443394941156
2024-03-03T14:00:00Z,Ligue 1,Montpellier HSC,RC Strasbourg Alsace,2,2,2.2811192590577773,2.6883041253623423
2024-03-03T14:00:00Z,Ligue 1,Stade Brestois 29,Le Havre AC,1,0,1.6084251951819308,0.9993925465898825
2024-03-03T16:05:00Z,Ligue 1,Stade Rennais FC 1901,FC Lorient,1,2,1.1120575368724057,2.5791266754467728
2024-03-03T19:45:00Z,Ligue 1,Olympique Lyonnais,Racing Club de Lens,0,3,0.6717170933527027,3.332360128381298
2024-03-08T20:00:00Z,Ligue 1,OGC Nice,Montpellier HSC,1,2,1.6351810238587616,2.640175664554837
2024-03-09T16:00:00Z,Ligue 1,FC Lorient,Olympique Lyonnais,0,2,0.0,2.3367111561057126
2024-03-09T20:00:00Z,Ligue 1,Racing Club de Lens,Stade Brestois 29,1,0,1.151464846826291,0.34867319501084915
2024-03-10T12:00:00Z,Ligue 1,Paris Saint-Germain FC,Stade de Reims,2,2,2.41505833097687,2.0440321601143046
2024-03-10T14:00:00Z,Ligue 1,Le Havre AC,Toulouse FC,1,0,1.4097420758577521,0.7778772473253177
2024-03-10T14:00:00Z,Ligue 1,FC Metz,Clermont Foot 63,1,0,1.1371569193743585,0.3841992273051682
2024-03-10T14:00:00Z,Ligue 1,RC Strasbourg Alsace,AS Monaco FC,0,1,0.6166936188056551,1.5546294737447586
2024-03-10T16:00:00Z,Ligue 1,Lille OSC,Stade Rennais FC 1901,2,2,2.5754420826821534,2.1892114214180083
2024-03-10T19:45:00Z,Ligue 1,Olympique de Marseille,FC Nantes,2,0,2.4417192604064444,0.6307842889146417
2024-03-15T20:00:00Z,Ligue 1,Toulouse FC,Olympique Lyonnais,2,3,2.273262549952491,3.2714176285594747
2024-03-16T16:00:00Z,Ligue 1,FC Nantes,RC Strasbourg Alsace,1,3,1.8146121379249691,3.4574873834894526
2024-03-16T20:00:00Z,Ligue 1,Racing Club de Lens,OGC Nice,1,3,1.9966221339264885,3.7633478093717376
2024-03-17T12:00:00Z,Ligue 1,Stade Brestois 29,Lille OSC,1,1,1.354931554846039,1.7372277936697587
2024-03-17T14:00:00Z,Ligue 1,AS Monaco FC,FC Lorient,2,2,2.316349924853554,2.4933909782449177
2024-03-17T14:00:00Z,Ligue 1,Clermont Foot 63,Le Havre AC,2,1,2.647362299623599,0.9695606901879845
2024-03-17T14:00:00Z,Ligue 1,Stade de Reims,FC Metz,2,1,2.3925911860759044,2.3978431710181924
2024-03-17T16:05:00Z,Ligue 1,Stade Rennais FC 1901,Olympique de Marseille,2,0,2.4581808398010296,1.0237576910819408
2024-03-17T19:45:00Z,Ligue 1,Montpellier HSC,Paris Saint-Germain FC,2,6,2.721895945517401,6.71680244746649
2024-03-29T20:00:00Z,Ligue 1,Lille OSC,Racing Club de Lens,2,1,1.927193173747812,1.2740388655227088
2024-03-30T16:00:00Z,Ligue 1,FC Metz,AS Monaco FC,2,5,2.895490697455801,5.465922351489411
2024-03-30T20:00:00Z,Ligue 1,Olympique Lyonnais,Stade de Reims,1,1,1.5218041572988024,1.336973871067045
2024-03-31T11:00:00Z,Ligue 1,FC Lorient,Stade Brestois 29,0,1,0.37655205663134594,1.8791567817289165
2024-03-31T13:00:00Z,Ligue 1,Le Havre AC,Montpellier HSC,0,2,0.47322975373356535,2.5787508672555504
2024-03-31T13:00:00Z,Ligue 1,Clermont Foot 63,Toulouse FC,0,3,0.48872880650615563,3.26475084249205
2024-03-31T13:00:00Z,Ligue 1,OGC Nice,FC Nantes,1,2,0.9806396089665224,2.3587734702625656
2024-03-31T15:05:00Z,Ligue 1,RC Strasbourg Alsace,Stade Rennais FC 1901,2,0,2.948481468235971,0.8363564427709713
2024-03-31T18:45:00Z,Ligue 1,Olympique de Marseille,Paris Saint-Germain FC,0,2,0.5123976896811855,2.9800293540461436
2024-04-05T19:00:00Z,Ligue 1,Lille OSC,Olympique de Marseille,3,1,3.6329006391342125,1.9584994690458737
2024-04-06T15:00:00Z,Ligue 1,Racing Club de Lens,Le Havre AC,1,1,1.7854649311722128,1.7271096195161932
2024-04-06T19:00:00Z,Ligue 1,Paris Saint-Germain FC,Clermont Foot 63,1,1,1.19365126273191,1.424212539359209
2024-04-07T11:00:00Z,Ligue 1,Stade Brestois 29,FC Metz,4,3,4.642041569710568,2.527545852401264
2024-04-07T13:00:00Z,Ligue 1,Toulouse FC,RC Strasbourg Alsace,0,0,0.4197076727303619,0.5891480071424665
2024-04-07T13:00:00Z,Ligue 1,Montpellier HSC,FC Lorient,2,0,2.754031232564948,0.4994513723467699
2024-04-07T13:00:00Z,Ligue 1,Stade de Reims,OGC Nice,0,0,0.0,0.5419946288964061
2024-04-07T15:05:00Z,Ligue 1,AS Monaco FC,Stade Rennais FC 1901,1,0,1.4702717099276192,0.5161692041099619
2024-04-07T18:45:00Z,Ligue 1,FC Nantes,Olympique Lyonnais,1,3,1.3191538032648116,3.102121351415253
2024-04-12T19:00:00Z,Ligue 1,FC Metz,Racing Club de Lens,2,1,2.6296788851902466,1.6672225670553558
2024-04-13T15:00:00Z,Ligue 1,RC Strasbourg Alsace,Stade de Reims,3,1,3.641013256210461,1.6896648942095551
2024-04-13T19:00:00Z,Ligue 1,Stade Rennais FC 1901,Toulouse FC,1,2,1.2877122315533922,2.704701634617898
2024-04-14T11:00:00Z,Ligue 1,Le Havre AC,FC Nantes,0,1,0.28634784074718694,1.783973101072016
2024-04-14T13:00:00Z,Ligue 1,Clermont Foot 63,Montpellier HSC,1,1,1.4668003894328012,1.681215493476487
2024-04-14T18:45:00Z,Ligue 1,Olympique Lyonnais,Stade Brestois 29,4,3,4.231007331805437,3.376991176538327
2024-04-19T19:00:00Z,Ligue 1,OGC Nice,FC Lorient,3,0,3.752595108635638,0.47874894562517295
2024-04-20T15:00:00Z,Ligue 1,FC Nantes,Stade Rennais FC 1901,0,3,0.38923783986576616,3.527337460176013
2024-04-20T19:00:00Z,Ligue 1,Racing Club de Lens,Clermont Foot 63,1,0,0.6279035342035076,0.5323098347319856
2024-04-21T13:00:00Z,Ligue 1,Le Havre AC,FC Metz,0,1,0.38755338301345815,1.799465296791519
2024-04-21T13:00:00Z,Ligue 1,Lille OSC,RC Strasbourg Alsace,1,0,1.1884368537468082,0.6931006259067473
2024-04-21T13:00:00Z,Ligue 1,Stade de Reims,Montpellier HSC,1,2,1.0106172553617163,3.123203031870986
2024-04-21T15:05:00Z,Ligue 1,Stade Brestois 29,AS Monaco FC,0,2,0.1287720085332283,3.1619406939654016
2024-04-21T17:15:00Z,Ligue 1,Toulouse FC,Olympique de Marseille,2,2,2.532822541549891,2.5238948747841774
2024-04-21T19:00:00Z,Ligue 1,Paris Saint-Germain FC,Olympique Lyonnais,4,1,4.898592248474469,0.3490033354621893
2024-04-24T17:00:00Z,Ligue 1,FC Lorient,Paris Saint-Germain FC,1,4,1.5939553421594939,4.87104973983818
2024-04-24T19:00:00Z,Ligue 1,AS Monaco FC,Lille OSC,1,0,1.3180489835352782,0.3378870983038837
2024-04-24T19:00:00Z,Ligue 1,Olympique de Marseille,OGC Nice,2,2,2.636771258551211,2.259554823450698
2024-04-26T19:00:00Z,Ligue 1,Montpellier HSC,FC Nantes,1,1,1.3622729069343025,1.38046641750319
2024-04-27T19:00:00Z,Ligue 1,Paris Saint-Germain FC,Le Havre AC,3,3,3.2916198892510566,3.366007085955618
2024-04-28T11:00:00Z,Ligue 1,FC Metz,Lille OSC,1,2,1.1536911995301047,2.683680943031618
2024-04-28T13:00:00Z,Ligue 1,Clermont Foot 63,Stade de Reims,4,1,3.974451357974484,1.0321692662621325
2024-04-28T13:00:00Z,Ligue 1,FC Lorient,Toulouse FC,1,2,1.3830228880321664,2.1766837762625197
2024-04-28T13:00:00Z,Ligue 1,RC Strasbourg Alsace,OGC Nice,1,3,1.5474160469760396,3.6029475662592247
2024-04-28T15:05:00Z,Ligue 1,Stade Rennais FC 1901,Stade Brestois 29,4,5,4.471012898995533,5.686883209123993
2024-04-28T17:00:00Z,Ligue 1,Olympique Lyonnais,AS Monaco FC,3,2,3.3752099216157925,2.6924624934808037
2024-04-28T19:00:00Z,Ligue 1,Olympique de Marseille,Racing Club de Lens,2,1,2.2162761817909655,1.2638891163200103
2024-05-03T17:00:00Z,Ligue 1,Toulouse FC,Montpellier HSC,1,2,1.6824738575054905,2.206520305220128
2024-05-03T19:00:00Z,Ligue 1,Racing Club de Lens,FC Lorient,2,0,2.1048604240160245,0.3480095498636242
2024-05-04T13:00:00Z,Ligue 1,Le Havre AC,RC Strasbourg Alsace,3,1,3.7328083741530427,1.5719618256854175
2024-05-04T15:00:00Z,Ligue 1,AS Monaco FC,Clermont Foot 63,4,1,4.199334894321982,1.945643210781765
2024-05-04T17:00:00Z,Ligue 1,FC Metz,Stade Rennais FC 1901,2,3,2.2742694287940894,2.885768844268775
2024-05-04T19:00:00Z,Ligue 1,Stade Brestois 29,FC Nantes,0,0,0.05996444281529689,0.43378137291249
2024-05-06T19:00:00Z,Ligue 1,Lille OSC,Olympique Lyonnais,3,4,3.349579355934309,4.100196467692439
2024-05-10T19:00:00Z,Ligue 1,OGC Nice,Le Havre AC,1,0,1.7925937375433936,0.004327196793953103
2024-05-10T19:00:00Z,Ligue 1,Stade Brestois 29,Stade de Reims,1,1,1.654688426533187,1.790086993603445
2024-05-12T19:00:00Z,Ligue 1,Clermont Foot 63,Olympique Lyonnais,0,1,0.7935266336084106,1.6633873723498016
2024-05-12T19:00:00Z,Ligue 1,FC Nantes,Lille OSC,1,2,1.6566427637801806,2.6348300547841785
2024-05-12T19:00:00Z,Ligue 1,Montpellier HSC,AS Monaco FC,0,2,0.16889905144088924,2.776307751919298
2024-05-12T19:00:00Z,Ligue 1,Olympique de Marseille,FC Lorient,3,1,3.400763232701733,1.3560843309701591
2024-05-12T19:00:00Z,Ligue 1,Paris Saint-Germain FC,Toulouse FC,1,3,1.2659402612647612,3.3702087450999416
2024-05-12T19:00:00Z,Ligue 1,RC Strasbourg Alsace,FC Metz,2,1,2.899172471211712,2.155719185016772
2024-05-12T19:00:00Z,Ligue 1,Stade Rennais FC 1901,Racing Club de Lens,1,1,1.1409634060721066,1.4260286837221277
2024-05-15T19:00:00Z,Ligue 1,OGC Nice,Paris Saint-Germain FC,1,2,1.7681093068167333,2.7205396339162276
2024-05-15T19:00:00Z,Ligue 1,Stade de Reims,Olympique de Marseille,1,0,1.7678861610326306,0.5019144622889945
2024-05-19T19:00:00Z,Ligue 1,Le Havre AC,Olympique de Marseille,1,2,2.048886060514826,1.9455224409764755
2024-05-19T19:00:00Z,Ligue 1,AS Monaco FC,FC Nantes,4,0,4.377094022211151,0.0
2024-05-19T19:00:00Z,Ligue 1,FC Lorient,Clermont Foot 63,5,0,5.713696647874048,0.32630473401802856
2024-05-19T19:00:00Z,Ligue 1,FC Metz,Paris Saint-Germain FC,0,2,1.1844955509616528,2.816830375500997
2024-05-19T19:00:00Z,Ligue 1,Toulouse FC,Stade Brestois 29,0,3,0.31470749691989097,3.736487496990801
2024-05-19T19:00:00Z,Ligue 1,Olympique Lyonnais,RC Strasbourg Alsace,2,1,2.0394879257402923,1.77422314926721
2024-05-19T19:00:00Z,Ligue 1,Lille OSC,OGC Nice,2,2,1.9359969898276708,2.2038861463191055
2024-05-19T19:00:00Z,Ligue 1,Racing Club de Lens,Montpellier HSC,2,2,2.7138136086583993,2.984761747036694
2024-05-19T19:00:00Z,Ligue 1,Stade de Reims,Stade Rennais FC 1901,2,1,1.9350549375824249,1.2105320099440848
2024-08-16T18:45:00Z,Ligue 1,Le Havre AC,Paris Saint-Germain FC,1,4,1.388304284118623,4.563847319600991
2024-08-17T15:00:00Z,Ligue 1,Stade Brestois 29,Olympique de Marseille,1,5,1.6311939561116882,5.496894313027679
2024-08-17T17:00:00Z,Ligue 1,Stade de Reims,Lille OSC,0,2,0.5555526610489743,2.4478378539056243
2024-08-17T19:00:00Z,Ligue 1,AS Monaco FC,AS Saint-Étienne,1,0,1.6276334592552517,0.901577641488682
2024-08-18T13:00:00Z,Ligue 1,AJ Auxerre,OGC Nice,2,1,2.566686956740256,1.2884668439502118
2024-08-18T15:00:00Z,Ligue 1,Montpellier HSC,RC Strasbourg Alsace,1,1,1.883659743994018,1.0951184232864217
2024-08-18T15:00:00Z,Ligue 1,Toulouse FC,FC Nantes,0,0,0.21430508577836094,0.5059986458619258
2024-08-18T15:00:00Z,Ligue 1,Angers SCO,Racing Club de Lens,0,1,0.29690145846244065,1.380051979714042
2024-08-18T18:45:00Z,Ligue 1,Stade Rennais FC 1901,Olympique Lyonnais,3,0,3.268202166418753,1.5132148757247936
2024-08-23T18:45:00Z,Ligue 1,Paris Saint-Germain FC,Montpellier HSC,6,0,6.749057543558783,0.7029522429319925
2024-08-24T15:00:00Z,Ligue 1,Olympique Lyonnais,AS Monaco FC,0,2,0.7701195765185191,2.3771978274344128
2024-08-24T17:00:00Z,Ligue 1,Lille OSC,Angers SCO,2,0,2.6353675957955525,0.18316652924387405
2024-08-24T19:00:00Z,Ligue 1,AS Saint-Étienne,Le Havre AC,0,2,0.8550481000669783,1.9359134768293647
2024-08-25T13:00:00Z,Ligue 1,Racing Club de Lens,Stade Brestois 29,2,0,2.1465877397870856,0.19243427427877008
2024-08-25T15:00:00Z,Ligue 1,RC Strasbourg Alsace,Stade Rennais FC 1901,3,1,4.000167233465341,1.5344825315277395
2024-08-25T15:00:00Z,Ligue 1,FC Nantes,AJ Auxerre,2,0,2.9569715865136774,0.9281985954784309
2024-08-25T15:00:00Z,Ligue 1,OGC Nice,Toulouse FC,1,1,1.7206865991737241,1.8365067427163757
2024-08-25T18:45:00Z,Ligue 1,Olympique de Marseille,Stade de Reims,2,2,3.034539672631318,2.5687284494939138
2024-08-30T18:45:00Z,Ligue 1,Olympique Lyonnais,RC Strasbourg Alsace,4,3,4.003013037696668,3.4030497002892544
2024-08-31T15:00:00Z,Ligue 1,Stade Brestois 29,AS Saint-Étienne,4,0,4.342665559121205,0.5806437069236463
2024-08-31T17:00:00Z,Ligue 1,Montpellier HSC,FC Nantes,1,3,1.2794089617954143,3.344408600754627
2024-08-31T19:00:00Z,Ligue 1,Toulouse FC,Olympique de Marseille,1,3,1.7164437971272029,4.015509198729163
2024-09-01T13:00:00Z,Ligue 1,AS Monaco FC,Racing Club de Lens,1,1,1.1849577781193563,1.443242945617476
2024-09-01T15:00:00Z,Ligue 1,Angers SCO,OGC Nice,1,4,1.7272485448012458,4.474098642525982
2024-09-01T15:00:00Z,Ligue 1,Le Havre AC,AJ Auxerre,3,1,3.911160843199014,0.8352532724937995
2024-09-01T15:00:00Z,Ligue 1,Stade de Reims,Stade Rennais FC 1901,2,1,2.7085608700251997,1.4413695460431708
2024-09-01T18:45:00Z,Ligue 1,Lille OSC,Paris Saint-Germain FC,1,3,1.5851253070984503,3.7509452413894824
2024-09-13T18:45:00Z,Ligue 1,AS Saint-Étienne,Lille OSC,1,0,1.2036379977297753,0.17968322688843646
2024-09-14T15:00:00Z,Ligue 1,Olympique de Marseille,OGC Nice,2,0,2.245944710162391,0.27478389965215616
2024-09-14T17:00:00Z,Ligue 1,AJ Auxerre,AS Monaco FC,0,3,0.874885671589,3.7378133053200995
2024-09-14T19:00:00Z,Ligue 1,Paris Saint-Germain FC,Stade Brestois 29,3,1,3.7338047011715996,1.057002832944584
2024-09-15T13:00:00Z,Ligue 1,Stade Rennais FC 1901,Montpellier HSC,3,0,3.488294144186737,0.8173403022625756
2024-09-15T15:00:00Z,Ligue 1,FC Nantes,Stade de Reims,1,2,1.3746271362702327,2.3403568329480695
2024-09-15T15:00:00Z,Ligue 1,Toulouse FC,Le Havre AC,2,0,1.892257638066587,0.3834295338526391
2024-09-15T15:00:00Z,Ligue 1,RC Strasbourg Alsace,Angers SCO,1,1,1.1787442743946683,1.1628364784623217
2024-09-15T18:45:00Z,Ligue 1,Racing Club de Lens,Olympique Lyonnais,0,0,1.0734257261419171,0.6134138781283649
2024-09-20T18:45:00Z,Ligue 1,OGC Nice,AS Saint-Étienne,8,0,8.11586332869926,1.2379615955088141
2024-09-21T15:00:00Z,Ligue 1,Lille OSC,RC Strasbourg Alsace,3,3,3.556843946366324,3.7344491718381896
2024-09-21T17:00:00Z,Ligue 1,Stade Rennais FC 1901,Racing Club de Lens,1,1,1.8022331919585595,1.2407144214178394
2024-09-21T19:00:00Z,Ligue 1,Stade de Reims,Paris Saint-Germain FC,1,1,1.1235231995993122,1.8406861756474429
2024-09-22T13:00:00Z,Ligue 1,AS Monaco FC,Le Havre AC,3,1,3.555413142434325,1.4049961362197252
2024-09-22T15:00:00Z,Ligue 1,Stade Brestois 29,Toulouse FC,2,0,2.7813746612531967,0.9123454944282678
2024-09-22T15:00:00Z,Ligue 1,Angers SCO,FC Nantes,1,1,1.5037497965721751,1.7420029206493088
2024-09-22T15:00:00Z,Ligue 1,Montpellier HSC,AJ Auxerre,3,2,4.360520916700031,1.6170575303584802
2024-09-22T18:45:00Z,Ligue 1,Olympique Lyonnais,Olympique de Marseille,2,3,1.9994202223365414,3.1987761101134917
2024-09-27T17:00:00Z,Ligue 1,AJ Auxerre,Stade Brestois 29,3,0,3.8176185589651634,0.7833155668506169
2024-09-27T19:00:00Z,Ligue 1,Paris Saint-Germain FC,Stade Rennais FC 1901,3,1,3.4481594787810605,1.5454971816435052
2024-09-28T15:00:00Z,Ligue 1,Racing Club de Lens,OGC Nice,0,0,0.7315760464510025,0.19287321568764482
2024-09-28T17:00:00Z,Ligue 1,Le Havre AC,Lille OSC,0,3,0.6323921455097737,3.3099231453518563
2024-09-28T19:00:00Z,Ligue 1,AS Monaco FC,Montpellier HSC,2,1,2.2800531408670013,0.9281290139731858
2024-09-29T13:00:00Z,Ligue 1,Toulouse FC,Olympique Lyonnais,1,2,1.5686989177378021,2.4734880137420814
2024-09-29T15:00:00Z,Ligue 1,FC Nantes,AS Saint-Étienne,2,2,1.9426295645805138,3.1632069178047293
2024-09-29T15:00:00Z,Ligue 1,Angers SCO,Stade de Reims,1,3,1.6809742501714182,3.741480017219698
2024-09-29T18:45:00Z,Ligue 1,RC Strasbourg Alsace,Olympique de Marseille,1,0,1.5894475397971577,1.1571251003565268
2024-10-04T18:45:00Z,Ligue 1,Olympique de Marseille,Angers SCO,1,1,1.6915980505929307,1.7647191269369942
2024-10-05T15:00:00Z,Ligue 1,AS Saint-Étienne,AJ Auxerre,3,1,3.8174354975261453,1.8082438030058074
2024-10-05T17:00:00Z,Ligue 1,Lille OSC,Toulouse FC,2,1,2.610285952062913,2.092223606323507
2024-10-05T19:00:00Z,Ligue 1,Stade Rennais FC 1901,AS Monaco FC,1,2,1.5444268259394829,2.6131789778026677
2024-10-06T13:00:00Z,Ligue 1,Olympique Lyonnais,FC Nantes,2,0,2.2356794990016122,0.44383180354793594
2024-10-06T15:00:00Z,Ligue 1,Stade Brestois 29,Le Havre AC,2,0,2.286333770905285,0.8097972549866037
2024-10-06T15:00:00Z,Ligue 1,RC Strasbourg Alsace,Racing Club de Lens,2,2,2.856020386053199,2.9361520711365654
2024-10-06T15:00:00Z,Ligue 1,Stade de Reims,Montpellier HSC,4,2,4.930900621711793,2.356010607186337
2024-10-06T18:45:00Z,Ligue 1,OGC Nice,Paris Saint-Germain FC,1,1,1.4285668691063838,1.2835292752979912
2024-10-18T18:45:00Z,Ligue 1,AS Monaco FC,Lille OSC,0,0,0.5138008241759823,0.541656809729264
2024-10-19T15:00:00Z,Ligue 1,Stade Brestois 29,Stade Rennais FC 1901,1,1,1.2286156875018701,1.7494496600794986
2024-10-19T17:00:00Z,Ligue 1,AS Saint-Étienne,Racing Club de Lens,0,2,0.8518270535802335,2.739427314598468
2024-10-19T19:00:00Z,Ligue 1,Paris Saint-Germain FC,RC Strasbourg Alsace,4,2,4.699625047107533,2.07274971994372
2024-10-20T13:00:00Z,Ligue 1,Le Havre AC,Olympique Lyonnais,0,4,1.0823652309391247,5.073481820118996
2024-10-20T15:00:00Z,Ligue 1,AJ Auxerre,Stade de Reims,2,1,2.2365030768460783,1.3076505211809448
2024-10-20T15:00:00Z,Ligue 1,Toulouse FC,Angers SCO,1,1,1.3865976302945349,1.4204805009334263
2024-10-20T15:00:00Z,Ligue 1,FC Nantes,OGC Nice,1,1,1.5694337767576716,1.229203692003654
2024-10-20T18:45:00Z,Ligue 1,Montpellier HSC,Olympique de Marseille,0,5,0.6939468613177312,6.309498650781126
2024-10-25T18:45:00Z,Ligue 1,Stade Rennais FC 1901,Le Havre AC,1,0,1.4352997087357102,0.5726212010863903
2024-10-26T15:00:00Z,Ligue 1,Angers SCO,AS Saint-Étienne,4,2,4.23811167286389,2.2447074757955305
2024-10-26T17:00:00Z,Ligue 1,Stade de Reims,Stade Brestois 29,1,2,1.7644222586770713,2.7591770649887337
2024-10-26T19:00:00Z,Ligue 1,Racing Club de Lens,Lille OSC,0,2,0.7163406087636744,2.73074073379301
2024-10-27T14:00:00Z,Ligue 1,Olympique Lyonnais,AJ Auxerre,2,2,2.2251177698308826,2.4436818929260347
2024-10-27T16:00:00Z,Ligue 1,OGC Nice,AS Monaco FC,2,1,2.906632840331649,1.7521820138350148
2024-10-27T16:00:00Z,Ligue 1,Montpellier HSC,Toulouse FC,0,3,0.8510596127589811,3.2524124117507407
2024-10-27T16:00:00Z,Ligue 1,RC Strasbourg Alsace,FC Nantes,3,1,3.5402889491743377,1.3521245175152243
2024-10-27T19:45:00Z,Ligue 1,Olympique de Marseille,Paris Saint-Germain FC,0,3,0.5238793587128109,2.896935003630181
2024-11-01T18:00:00Z,Ligue 1,AS Monaco FC,Angers SCO,0,1,0.6662173313347721,1.1028146747341312
2024-11-01T20:00:00Z,Ligue 1,Lille OSC,Olympique Lyonnais,1,1,1.2414890789231225,2.042289241701206
2024-11-02T16:00:00Z,Ligue 1,Paris Saint-Germain FC,Racing Club de Lens,1,0,1.5090094437492247,0.9924285883166943
2024-11-02T18:00:00Z,Ligue 1,Stade Brestois 29,OGC Nice,0,1,0.0,1.5197365945946888
2024-11-02T20:00:00Z,Ligue 1,AS Saint-Étienne,RC Strasbourg Alsace,2,0,2.7629366936508806,0.9988794341569512
2024-11-03T14:00:00Z,Ligue 1,Toulouse FC,Stade de Reims,1,0,1.0315520332674422,0.45197765401750856
2024-11-03T16:00:00Z,Ligue 1,AJ Auxerre,Stade Rennais FC 1901,4,0,4.9510259485287,0.4269769092296276
2024-11-03T16:00:00Z,Ligue 1,Le Havre AC,Montpellier HSC,1,0,1.4009639718100648,0.5169531945396669
2024-11-03T19:45:00Z,Ligue 1,FC Nantes,Olympique de Marseille,1,2,1.4364999054206469,2.4625235214029306
2024-11-08T19:45:00Z,Ligue 1,Olympique de Marseille,AJ Auxerre,1,3,1.3116798281746482,3.435441102931946
2024-11-09T16:00:00Z,Ligue 1,RC Strasbourg Alsace,AS Monaco FC,1,3,1.4135883378233771,3.8430194321448656
2024-11-09T18:00:00Z,Ligue 1,Racing Club de Lens,FC Nantes,3,2,3.925559403544411,2.545040696186861
2024-11-09T20:00:00Z,Ligue 1,Angers SCO,Paris Saint-Germain FC,2,4,1.753657403039476,4.713744529330142
2024-11-10T14:00:00Z,Ligue 1,OGC Nice,Lille OSC,2,2,2.8830896158264565,2.8094141575831992
2024-11-10T16:00:00Z,Ligue 1,Montpellier HSC,Stade Brestois 29,3,1,3.6014070443305126,1.61645573869642
2024-11-10T16:00:00Z,Ligue 1,Le Havre AC,Stade de Reims,0,3,0.13789350564283537,3.2089186022275284
2024-11-10T16:00:00Z,Ligue 1,Stade Rennais FC 1901,Toulouse FC,0,2,0.17740628208522863,2.0941402333107884
2024-11-10T19:45:00Z,Ligue 1,Olympique Lyonnais,AS Saint-Étienne,1,0,2.002917908162461,0.5446341904421915
2024-11-22T18:00:00Z,Ligue 1,AS Monaco FC,Stade Brestois 29,3,2,3.2163479360171805,2.4486231085525194
2024-11-22T20:00:00Z,Ligue 1,Paris Saint-Germain FC,Toulouse FC,3,0,3.1539948468212122,0.5262174286760365
2024-11-23T16:00:00Z,Ligue 1,Racing Club de Lens,Olympique de Marseille,1,3,1.8411943627094187,3.495183788225424
2024-11-23T18:00:00Z,Ligue 1,AS Saint-Étienne,Montpellier HSC,1,0,1.6015658628857743,1.2750720980499701
2024-11-23T20:00:00Z,Ligue 1,Stade de Reims,Olympique Lyonnais,1,1,1.2186223270390804,1.1009321233075986
2024-11-24T14:00:00Z,Ligue 1,Lille OSC,Stade Rennais FC 1901,1,0,1.5649874926213858,0.0
2024-11-24T16:00:00Z,Ligue 1,FC Nantes,Le Havre AC,0,2,0.1922741949079168,2.599713050055883
2024-11-24T16:00:00Z,Ligue 1,AJ Auxerre,Angers SCO,1,0,1.8302464195267816,0.3870732336235414
2024-11-24T19:45:00Z,Ligue 1,OGC Nice,RC Strasbourg Alsace,2,1,2.81841128946194,1.5948203609189853
2024-11-29T19:45:00Z,Ligue 1,Stade de Reims,Racing Club de Lens,0,2,0.6596018596465829,2.6751649066852004
2024-11-30T16:00:00Z,Ligue 1,Stade Rennais FC 1901,AS Saint-Étienne,5,0,5.608498318374105,0.8852314085536692
2024-11-30T18:00:00Z,Ligue 1,Stade Brestois 29,RC Strasbourg Alsace,3,1,4.0283564374602125,1.0478322538848186
2024-11-30T20:00:00Z,Ligue 1,Paris Saint-Germain FC,FC Nantes,1,1,1.4999058982164675,1.332984630642851
2024-12-01T14:00:00Z,Ligue 1,Montpellier HSC,Lille OSC,2,2,2.1454377623737595,2.628628377664229
2024-12-01T16:00:00Z,Ligue 1,Le Havre AC,Angers SCO,0,1,0.6348421738496921,1.731139078706168
2024-12-01T16:00:00Z,Ligue 1,Toulouse FC,AJ Auxerre,2,0,3.125814114861134,1.1580348650865155
2024-12-01T16:00:00Z,Ligue 1,Olympique Lyonnais,OGC Nice,4,1,4.195572152044244,1.78671119133416
2024-12-01T19:45:00Z,Ligue 1,Olympique de Marseille,AS Monaco FC,2,1,2.3915611699918045,1.4829634212341167
2024-12-06T18:00:00Z,Ligue 1,Lille OSC,Stade Brestois 29,3,1,3.6249338114304357,1.2328692741172016
2024-12-06T20:00:00Z,Ligue 1,AJ Auxerre,Paris Saint-Germain FC,0,0,0.48382854529827823,0.33071304418429426
2024-12-07T16:00:00Z,Ligue 1,AS Monaco FC,Toulouse FC,2,0,2.2053089258868055,0.32218915311286805
2024-12-07T18:00:00Z,Ligue 1,OGC Nice,Le Havre AC,2,1,2.8365573568691413,1.6965700885541282
2024-12-07T20:00:00Z,Ligue 1,Angers SCO,Olympique Lyonnais,0,3,1.1960122166051779,3.577099233675749
2024-12-08T14:00:00Z,Ligue 1,Racing Club de Lens,Montpellier HSC,2,0,2.558839437707172,0.10290512874734631
2024-12-08T16:00:00Z,Ligue 1,RC Strasbourg Alsace,Stade de Reims,0,0,0.22877951307919991,0.3692295592728701
2024-12-08T16:00:00Z,Ligue 1,FC Nantes,Stade Rennais FC 1901,1,0,1.0353118424839576,0.7632642660354262
2024-12-08T19:45:00Z,Ligue 1,AS Saint-Étienne,Olympique de Marseille,0,2,0.5773927943663543,2.6054987064922175
2024-12-13T19:45:00Z,Ligue 1,Toulouse FC,AS Saint-Étienne,2,1,2.831163202994877,1.6705933848038312
2024-12-14T16:00:00Z,Ligue 1,Olympique de Marseille,Lille OSC,1,1,1.6425503239486146,1.614876513017179
2024-12-14T18:00:00Z,Ligue 1,AJ Auxerre,Racing Club de Lens,2,2,2.499278847724344,2.9879292203826577
2024-12-14T20:00:00Z,Ligue 1,Stade de Reims,AS Monaco FC,0,0,0.32321850446320816,0.570812919147311
2024-12-15T14:00:00Z,Ligue 1,Montpellier HSC,OGC Nice,2,2,2.1723509101845733,2.3841931606387905
2024-12-15T16:00:00Z,Ligue 1,Stade Rennais FC 1901,Angers SCO,2,0,2.7504253978974647,0.22527348765993183
2024-12-15T16:00:00Z,Ligue 1,Le Havre AC,RC Strasbourg Alsace,0,3,0.7741314864156756,3.574882837462914
2024-12-15T16:00:00Z,Ligue 1,Stade Brestois 29,FC Nantes,4,1,4.03628106399278,0.7677887955674748
2024-12-15T19:45:00Z,Ligue 1,Paris Saint-Germain FC,Olympique Lyonnais,3,1,3.976951693454205,1.4447132994501866
2024-12-18T20:00:00Z,Ligue 1,AS Monaco FC,Paris Saint-Germain FC,2,4,2.6722213662682,4.438248042023597
2025-01-03T20:00:00Z,Ligue 1,OGC Nice,Stade Rennais FC 1901,3,2,3.919878393543738,2.090658743914816
2025-01-04T16:00:00Z,Ligue 1,AS Saint-Étienne,Stade de Reims,3,1,3.0973616754544655,1.2215202484032013
2025-01-04T18:00:00Z,Ligue 1,Lille OSC,FC Nantes,1,1,1.0902527533753683,1.7428972590444722
2025-01-04T20:00:00Z,Ligue 1,Olympique Lyonnais,Montpellier HSC,1,0,1.4553092070698108,0.5692135247224888
2025-01-05T14:00:00Z,Ligue 1,Racing Club de Lens,Toulouse FC,0,1,0.6508353280685583,1.5305365001121982
2025-01-05T14:00:00Z,Ligue 1,Angers SCO,Stade Brestois 29,2,0,3.038908246878089,0.5919042601796067
2025-01-05T14:00:00Z,Ligue 1,RC Strasbourg Alsace,AJ Auxerre,3,1,3.711823674144539,1.527788276384677
2025-01-05T19:45:00Z,Ligue 1,Olympique de Marseille,Le Havre AC,5,1,5.42719561695639,1.8728587688574945
2025-01-10T18:00:00Z,Ligue 1,FC Nantes,AS Monaco FC,2,2,2.1920892377002326,2.5370287545110948
2025-01-10T20:05:00Z,Ligue 1,AJ Auxerre,Lille OSC,0,0,0.869000171815745,0.06253606585437488
2025-01-11T16:00:00Z,Ligue 1,Stade Brestois 29,Olympique Lyonnais,2,1,2.2105883722747857,1.989038989462323
2025-01-11T18:00:00Z,Ligue 1,Stade de Reims,OGC Nice,2,4,2.9885405664316966,4.611102080198654
2025-01-11T20:05:00Z,Ligue 1,Stade Rennais FC 1901,Olympique de Marseille,1,2,1.4146846051180473,2.32322388076148
2025-01-12T14:00:00Z,Ligue 1,Le Havre AC,Racing Club de Lens,1,2,1.977174621785355,2.1239794845114943
2025-01-12T16:15:00Z,Ligue 1,Toulouse FC,RC Strasbourg Alsace,1,2,1.7036793870177835,2.6187742662874136
2025-01-12T16:15:00Z,Ligue 1,Montpellier HSC,Angers SCO,1,3,1.4589013531672625,3.464848398507687
2025-01-12T19:45:00Z,Ligue 1,Paris Saint-Germain FC,AS Saint-Étienne,2,1,2.344181088452162,1.9722440358097226
2025-01-17T18:00:00Z,Ligue 1,Montpellier HSC,AS Monaco FC,2,1,2.397727636796176,1.3962278157999517
2025-01-17T20:05:00Z,Ligue 1,Lille OSC,OGC Nice,2,1,2.628495007712571,1.24878576309526
2025-01-18T16:00:00Z,Ligue 1,Racing Club de Lens,Paris Saint-Germain FC,1,2,1.5231469488653149,2.7687388654707785
2025-01-18T18:00:00Z,Ligue 1,Stade Rennais FC 1901,Stade Brestois 29,1,2,1.3218565775793885,2.7775845678150493
2025-01-18T20:05:00Z,Ligue 1,Olympique Lyonnais,Toulouse FC,0,0,0.4503105769047103,0.5505954102830587
2025-01-19T14:00:00Z,Ligue 1,AS Saint-Étienne,FC Nantes,1,1,1.523573108915745,1.7029071143024725
2025-01-19T16:15:00Z,Ligue 1,Stade de Reims,Le Havre AC,1,1,0.8613797716755563,1.4886938637773286
2025-01-19T16:15:00Z,Ligue 1,Angers SCO,AJ Auxerre,2,0,2.6374504344366096,0.5701595303027741
2025-01-19T19:45:00Z,Ligue 1,Olympique de Marseille,RC Strasbourg Alsace,1,1,1.206083632584958,1.849497264769177
2025-01-24T19:45:00Z,Ligue 1,AJ Auxerre,AS Saint-Étienne,1,1,1.1540002790382764,1.6875955002064509
2025-01-25T16:00:00Z,Ligue 1,AS Monaco FC,Stade Rennais FC 1901,3,2,2.993796695866787,2.4492176685002125
2025-01-25T18:00:00Z,Ligue 1,RC Strasbourg Alsace,Lille OSC,2,1,1.9618322506396328,1.9057087637778451
2025-01-25T20:05:00Z,Ligue 1,Paris Saint-Germain FC,Stade de Reims,1,1,1.0933657490663133,0.7905433881625463
2025-01-26T14:00:00Z,Ligue 1,Le Havre AC,Stade Brestois 29,0,1,0.2872937127108529,2.1156219934265805
2025-01-26T16:15:00Z,Ligue 1,FC Nantes,Olympique Lyonnais,1,1,2.0859777412579703,0.9882122715327795
2025-01-26T16:15:00Z,Ligue 1,Toulouse FC,Montpellier HSC,1,2,1.3422360972314389,2.311872152568311
2025-01-26T16:15:00Z,Ligue 1,Racing Club de Lens,Angers SCO,1,0,1.5533250318804095,0.4877247394414793
2025-01-26T19:45:00Z,Ligue 1,OGC Nice,Olympique de Marseille,2,0,2.6201444159518985,0.4560557987815516
2025-01-31T19:45:00Z,Ligue 1,Montpellier HSC,Racing Club de Lens,0,2,0.5393195558647547,2.8019233120079665
2025-02-01T16:00:00Z,Ligue 1,Stade Brestois 29,Paris Saint-Germain FC,2,5,2.476766961782202,5.1826490144169295
2025-02-01T18:00:00Z,Ligue 1,AS Monaco FC,AJ Auxerre,4,2,4.141411870920226,2.578230045244919
2025-02-01T20:05:00Z,Ligue 1,Lille OSC,AS Saint-Étienne,4,1,4.935278264483763,1.3265363705340738
2025-02-02T14:00:00Z,Ligue 1,Toulouse FC,OGC Nice,1,1,2.0421589930913653,1.588542293801225
2025-02-02T16:15:00Z,Ligue 1,Stade de Reims,FC Nantes,1,2,0.9952023917631942,2.480568322060637
2025-02-02T16:15:00Z,Ligue 1,Angers SCO,Le Havre AC,1,1,1.1927914227340861,1.5278806958048934
2025-02-02T16:15:00Z,Ligue 1,Stade Rennais FC 1901,RC Strasbourg Alsace,1,0,1.4160568972868983,0.3350225502606963
2025-02-02T19:45:00Z,Ligue 1,Olympique de Marseille,Olympique Lyonnais,3,2,3.2106386615269424,2.3469808149711753
2025-02-07T18:00:00Z,Ligue 1,FC Nantes,Stade Brestois 29,0,2,0.6517896660367596,2.586181754208228
2025-02-07T20:05:00Z,Ligue 1,Paris Saint-Germain FC,AS Monaco FC,4,1,4.281518339278016,1.7831146517268133
2025-02-08T16:00:00Z,Ligue 1,OGC Nice,Racing Club de Lens,2,0,3.1495168203419808,0.3205161997406457
2025-02-08T18:00:00Z,Ligue 1,Lille OSC,Le Havre AC,1,2,1.8571645783030788,2.2393697366281273
2025-02-08T20:05:00Z,Ligue 1,AS Saint-Étienne,Stade Rennais FC 1901,0,2,0.5637722091896644,2.684038049701551
2025-02-09T14:00:00Z,Ligue 1,Olympique Lyonnais,Stade de Reims,4,0,4.808095878995919,0.49024883208269315
2025-02-09T16:15:00Z,Ligue 1,AJ Auxerre,Toulouse FC,2,2,2.831770127307193,2.7491494401957857
2025-02-09T16:15:00Z,Ligue 1,RC Strasbourg Alsace,Montpellier HSC,2,0,2.330815753582527,0.2282608359886557
2025-02-09T19:45:00Z,Ligue 1,Angers SCO,Olympique de Marseille,0,2,0.2551348266374106,1.9661683223729707
2025-02-14T19:45:00Z,Ligue 1,Stade Brestois 29,AJ Auxerre,2,2,2.5234429188908942,2.3400987754520997
2025-02-15T16:00:00Z,Ligue 1,Olympique de Marseille,AS Saint-Étienne,5,1,5.758490837349383,1.2700942172204952
2025-02-15T18:00:00Z,Ligue 1,AS Monaco FC,FC Nantes,7,1,7.541718119596025,1.47636347997591
2025-02-15T20:05:00Z,Ligue 1,Toulouse FC,Paris Saint-Germain FC,0,1,0.026901055342700875,1.3089464357188831
2025-02-16T14:00:00Z,Ligue 1,Montpellier HSC,Olympique Lyonnais,1,4,1.2591526668147472,4.722305085400935
2025-02-16T16:15:00Z,Ligue 1,Racing Club de Lens,RC Strasbourg Alsace,0,2,0.4778081409216866,2.4135549212732452
2025-02-16T16:15:00Z,Ligue 1,Stade de Reims,Angers SCO,0,1,0.4773003187022509,1.5451423496321703
2025-02-16T16:15:00Z,Ligue 1,Le Havre AC,OGC Nice,1,3,2.0917626530369424,3.547290367532283
2025-02-16T19:45:00Z,Ligue 1,Stade Rennais FC 1901,Lille OSC,0,2,0.08420361728030062,2.558486527723656
2025-02-21T19:45:00Z,Ligue 1,Stade Rennais FC 1901,Stade de Reims,1,0,1.6516767725507624,0.49276126686350796
2025-02-22T16:00:00Z,Ligue 1,Lille OSC,AS Monaco FC,2,1,2.946733932498487,1.653180207123094
2025-02-22T18:00:00Z,Ligue 1,AS Saint-Étienne,Angers SCO,3,3,4.181434923626838,3.261303459852258
2025-02-22T20:05:00Z,Ligue 1,AJ Auxerre,Olympique de Marseille,3,0,3.3786807730448114,0.9198253779961649
2025-02-23T14:00:00Z,Ligue 1,FC Nantes,Racing Club de Lens,3,1,3.64742883581606,1.4290387849894395
2025-02-23T16:15:00Z,Ligue 1,Le Havre AC,Toulouse FC,1,4,1.670928107159594,4.106535258630395
2025-02-23T16:15:00Z,Ligue 1,RC Strasbourg Alsace,Stade Brestois 29,0,0,0.5586445194659873,0.5564220070975319
2025-02-23T16:15:00Z,Ligue 1,OGC Nice,Montpellier HSC,2,0,2.470346439628208,0.2446458552657545
2025-02-23T19:45:00Z,Ligue 1,Olympique Lyonnais,Paris Saint-Germain FC,2,3,2.6307926168500138,3.6996003603526626
2025-02-28T19:45:00Z,Ligue 1,AS Monaco FC,Stade de Reims,3,0,2.7403261744340943,1.1628816728127132
2025-03-01T16:00:00Z,Ligue 1,AS Saint-Étienne,OGC Nice,1,3,1.7046208470187894,3.264028372532645
2025-03-01T18:00:00Z,Ligue 1,Racing Club de Lens,Le Havre AC,3,4,3.53785337109859,4.599711699967195
2025-03-01T20:05:00Z,Ligue 1,Paris Saint-Germain FC,Lille OSC,4,1,4.433257530966521,0.9733483233886118
2025-03-02T14:00:00Z,Ligue 1,Olympique Lyonnais,Stade Brestois 29,2,1,3.114058658715867,1.636171568832404
2025-03-02T16:15:00Z,Ligue 1,Montpellier HSC,Stade Rennais FC 1901,0,4,0.2975197943628343,4.234285860060093
2025-03-02T16:15:00Z,Ligue 1,AJ Auxerre,RC Strasbourg Alsace,0,1,0.37907720328049077,1.3125496144696553
2025-03-02T16:15:00Z,Ligue 1,Angers SCO,Toulouse FC,0,4,1.0974659906614201,4.169614053048051
2025-03-02T19:45:00Z,Ligue 1,Olympique de Marseille,FC Nantes,2,0,2.2503816085450428,0.7196453678164206
2025-03-07T19:45:00Z,Ligue 1,Toulouse FC,AS Monaco FC,1,1,1.3349654151190382,1.8021913072419786
2025-03-08T16:00:00Z,Ligue 1,Stade Rennais FC 1901,Paris Saint-Germain FC,1,4,1.455892372970745,4.507015564397552
2025-03-08T18:00:00Z,Ligue 1,Lille OSC,Montpellier HSC,1,0,1.752220344638865,0.2406719883992841
2025-03-08T20:05:00Z,Ligue 1,Olympique de Marseille,Racing Club de Lens,0,1,0.562340752205994,1.9768569108311587
2025-03-09T14:00:00Z,Ligue 1,Stade Brestois 29,Angers SCO,2,0,2.1122123958543213,0.27487696167360315
2025-03-09T16:15:00Z,Ligue 1,Le Havre AC,AS Saint-Étienne,1,1,1.3403494310618431,0.8513903100217683
2025-03-09T16:15:00Z,Ligue 1,Stade de Reims,AJ Auxerre,0,2,0.31779367003633663,2.6375167029871207
2025-03-09T16:15:00Z,Ligue 1,FC Nantes,RC Strasbourg Alsace,0,1,0.4768336864330863,1.168567597907545
2025-03-09T19:45:00Z,Ligue 1,OGC Nice,Olympique Lyonnais,0,2,0.6277530975889487,2.7965826380497525
2025-03-14T19:45:00Z,Ligue 1,OGC Nice,AJ Auxerre,1,1,1.6254617267663916,1.3856586909979742
2025-03-15T16:00:00Z,Ligue 1,FC Nantes,Lille OSC,1,0,0.9671964737854793,0.6811139721632589
2025-03-15T18:00:00Z,Ligue 1,Angers SCO,AS Monaco FC,0,2,0.8191822962682569,2.9204501039656474
2025-03-15T20:05:00Z,Ligue 1,Racing Club de Lens,Stade Rennais FC 1901,1,0,1.575770653798987,0.13734234061378342
2025-03-16T14:00:00Z,Ligue 1,Olympique Lyonnais,Le Havre AC,4,2,4.915359614278172,2.3302188607322782
2025-03-16T16:15:00Z,Ligue 1,Montpellier HSC,AS Saint-Étienne,0,2,0.6332594981872015,2.4772986782028807
2025-03-16T16:15:00Z,Ligue 1,Stade Brestois 29,Stade de Reims,0,0,0.8303968873207286,0.961265395710303
2025-03-16T16:15:00Z,Ligue 1,RC Strasbourg Alsace,Toulouse FC,2,1,2.639963593435038,1.3024851846178662
2025-03-16T19:45:00Z,Ligue 1,Paris Saint-Germain FC,Olympique de Marseille,3,1,3.9038677268608244,1.3216488912152977
2025-03-28T19:45:00Z,Ligue 1,RC Strasbourg Alsace,Olympique Lyonnais,4,2,4.656675190805333,2.6434421726667425
2025-03-29T16:00:00Z,Ligue 1,Stade de Reims,Olympique de Marseille,3,1,3.4706254260671288,1.3268313822868287
2025-03-29T18:00:00Z,Ligue 1,AS Saint-Étienne,Paris Saint-Germain FC,1,6,2.1817304161340645,6.545757764869285
2025-03-29T20:05:00Z,Ligue 1,AS Monaco FC,OGC Nice,2,1,2.7667111366839676,1.034538773709562
2025-03-30T13:00:00Z,Ligue 1,Toulouse FC,Stade Brestois 29,2,4,2.6721233263013238,5.164298982766979
2025-03-30T15:15:00Z,Ligue 1,Angers SCO,Stade Rennais FC 1901,0,3,0.11710867503849925,3.095687230907179
2025-03-30T15:15:00Z,Ligue 1,AJ Auxerre,Montpellier HSC,1,0,1.1135077147609387,0.4034741888029375
2025-03-30T15:15:00Z,Ligue 1,Le Havre AC,FC Nantes,3,2,3.587814644642556,2.4902556892473715
2025-03-30T18:45:00Z,Ligue 1,Lille OSC,Racing Club de Lens,1,0,1.5436563593304722,1.0738064403070386
2025-04-04T18:45:00Z,Ligue 1,OGC Nice,FC Nantes,1,2,1.315763230497505,2.102546265720178
2025-04-05T15:00:00Z,Ligue 1,Paris Saint-Germain FC,Angers SCO,1,0,1.542294809883618,1.0951112406436252
2025-04-05T17:00:00Z,Ligue 1,Stade Brestois 29,AS Monaco FC,2,1,2.9765880784130787,1.7271530463306068
2025-04-05T19:05:00Z,Ligue 1,Olympique Lyonnais,Lille OSC,2,1,2.7086207423650897,1.6251285973269738
2025-04-06T13:00:00Z,Ligue 1,Racing Club de Lens,AS Saint-Étienne,1,0,1.1576974470741785,0.20460989389461337
2025-04-06T15:15:00Z,Ligue 1,Montpellier HSC,Le Havre AC,0,2,0.4665473518571169,2.671342372611422
2025-04-06T15:15:00Z,Ligue 1,Stade de Reims,RC Strasbourg Alsace,0,1,0.25851005574423175,1.28295401327406
2025-04-06T15:15:00Z,Ligue 1,Stade Rennais FC 1901,AJ Auxerre,0,1,0.38369002507743166,1.8799983759595236
2025-04-06T18:45:00Z,Ligue 1,Olympique de Marseille,Toulouse FC,3,2,3.375915300311107,2.20868139126768
2025-04-11T18:45:00Z,Ligue 1,Racing Club de Lens,Stade de Reims,0,2,0.3567063252187984,2.4660524516631748
2025-04-12T15:00:00Z,Ligue 1,AS Monaco FC,Olympique de Marseille,3,0,3.1234593884079818,0.3334180735960486
2025-04-12T17:00:00Z,Ligue 1,Toulouse FC,Lille OSC,1,2,1.461703595544543,2.2037431112719017
2025-04-12T19:05:00Z,Ligue 1,RC Strasbourg Alsace,OGC Nice,2,2,2.331817708945807,2.7223959450723743
2025-04-13T13:00:00Z,Ligue 1,AS Saint-Étienne,Stade Brestois 29,3,3,2.6211653929993197,3.66063762422289
2025-04-13T15:15:00Z,Ligue 1,Le Havre AC,Stade Rennais FC 1901,1,5,2.1158916073504987,5.862703059670299
2025-04-13T15:15:00Z,Ligue 1,Angers SCO,Montpellier HSC,2,0,2.8266308962650015,0.0
2025-04-13T18:45:00Z,Ligue 1,AJ Auxerre,Olympique Lyonnais,1,3,1.3871097825225012,3.819251210702313
2025-04-18T18:45:00Z,Ligue 1,Stade Rennais FC 1901,FC Nantes,2,1,2.5056457149221796,2.251634671607068
2025-04-19T15:00:00Z,Ligue 1,Paris Saint-Germain FC,Le Havre AC,2,1,2.1485036958047314,1.364507673246916
2025-04-19T17:00:00Z,Ligue 1,AS Monaco FC,RC Strasbourg Alsace,0,0,1.0087168633432597,1.0685445836326908
2025-04-19T19:05:00Z,Ligue 1,Olympique de Marseille,Montpellier HSC,5,1,6.0691866084319335,1.421051618382052
2025-04-20T13:00:00Z,Ligue 1,Lille OSC,AJ Auxerre,3,1,3.5470081184739572,1.088277078731608
2025-04-20T15:15:00Z,Ligue 1,OGC Nice,Angers SCO,2,1,2.8070591932556033,1.4083102672779613
2025-04-20T15:15:00Z,Ligue 1,Stade Brestois 29,Racing Club de Lens,1,3,1.5525860336801771,3.8144611903025827
2025-04-20T15:15:00Z,Ligue 1,Stade de Reims,Toulouse FC,1,0,1.0989823683372208,0.2485470553005406
2025-04-20T18:45:00Z,Ligue 1,AS Saint-Étienne,Olympique Lyonnais,2,1,2.376452989310903,1.3198984022980538
2025-04-22T18:45:00Z,Ligue 1,FC Nantes,Paris Saint-Germain FC,1,1,1.5395783900315871,1.6780618296879573
2025-04-25T18:45:00Z,Ligue 1,Paris Saint-Germain FC,OGC Nice,1,3,1.3636356843769668,3.500918035021572
2025-04-26T15:00:00Z,Ligue 1,RC Strasbourg Alsace,AS Saint-Étienne,3,1,3.434404016769489,1.6753868857460223
2025-04-26T17:00:00Z,Ligue 1,Le Havre AC,AS Monaco FC,1,1,1.4725801327472656,1.5713488622275007
2025-04-26T19:05:00Z,Ligue 1,Olympique Lyonnais,Stade Rennais FC 1901,4,1,4.475736450640362,1.643887595865472
2025-04-27T13:00:00Z,Ligue 1,Angers SCO,Lille OSC,0,2,0.515677547149245,2.3703096442571376
2025-04-27T15:15:00Z,Ligue 1,FC Nantes,Toulouse FC,0,0,0.18181848008101975,0.5695192826091178
2025-04-27T15:15:00Z,Ligue 1,Montpellier HSC,Stade de Reims,0,0,0.2848951552616191,0.22178809829121993
2025-04-27T15:15:00Z,Ligue 1,Racing Club de Lens,AJ Auxerre,0,4,0.1146247202900092,4.886530086751017
2025-04-27T18:45:00Z,Ligue 1,Olympique de Marseille,Stade Brestois 29,4,1,4.79334466490586,1.309717584954806
2025-05-02T18:45:00Z,Ligue 1,OGC Nice,Stade de Reims,1,0,0.8683059174479026,0.8386542462648168
2025-05-03T15:00:00Z,Ligue 1,RC Strasbourg Alsace,Paris Saint-Germain FC,2,1,2.8460771029950775,1.4299179117051404
2025-05-03T17:00:00Z,Ligue 1,Toulouse FC,Stade Rennais FC 1901,2,1,2.915904819178853,1.5605997032271963
2025-05-03T19:05:00Z,Ligue 1,AS Saint-Étienne,AS Monaco FC,1,3,1.4093458239052135,3.3515106347327897
2025-05-04T13:00:00Z,Ligue 1,FC Nantes,Angers SCO,0,1,0.0,1.1952013706495914
2025-05-04T15:15:00Z,Ligue 1,Olympique Lyonnais,Racing Club de Lens,1,2,1.391606831409813,1.9765718837184094
2025-05-04T15:15:00Z,Ligue 1,Stade Brestois 29,Montpellier HSC,1,0,1.4807447516133543,0.18340275242226217
2025-05-04T15:15:00Z,Ligue 1,AJ Auxerre,Le Havre AC,1,2,1.196820534021326,2.4028273440352237
2025-05-04T18:45:00Z,Ligue 1,Lille OSC,Olympique de Marseille,1,1,1.3454344818575272,1.563563753648665
2025-05-10T19:00:00Z,Ligue 1,Stade de Reims,AS Saint-Étienne,0,2,0.9590585596590053,2.803113793984979
2025-05-10T19:00:00Z,Ligue 1,AJ Auxerre,FC Nantes,1,1,1.6994781486905222,1.3662727620609454
2025-05-10T19:00:00Z,Ligue 1,Angers SCO,RC Strasbourg Alsace,2,1,2.22263076568657,1.2354117707198478
2025-05-10T19:00:00Z,Ligue 1,Le Havre AC,Olympique de Marseille,1,3,1.0207202491213705,3.0671855641991863
2025-05-10T19:00:00Z,Ligue 1,Stade Rennais FC 1901,OGC Nice,2,0,2.4018948047170685,0.6440190853712312
2025-05-10T19:00:00Z,Ligue 1,Montpellier HSC,Paris Saint-Germain FC,1,4,1.4359629661948685,4.914958354598803
2025-05-10T19:00:00Z,Ligue 1,Toulouse FC,Racing Club de Lens,1,1,1.6488597562089948,1.8798990803868865
2025-05-10T19:00:00Z,Ligue 1,Stade Brestois 29,Lille OSC,2,0,2.3394049862297024,0.7129798244441712
2025-05-10T19:00:00Z,Ligue 1,AS Monaco FC,Olympique Lyonnais,2,0,2.6534498726085585,0.6915629951802797
2025-05-17T19:00:00Z,Ligue 1,Olympique de Marseille,Stade Rennais FC 1901,4,2,5.080546212018069,3.0092871339128022
2025-05-17T19:00:00Z,Ligue 1,Olympique Lyonnais,Angers SCO,2,0,2.744650306733279,0.5996244384250431
2025-05-17T19:00:00Z,Ligue 1,OGC Nice,Stade Brestois 29,6,0,6.4855734478007685,0.6938389028072515
2025-05-17T19:00:00Z,Ligue 1,AS Saint-Étienne,Toulouse FC,2,3,2.4450548586840117,3.4037648414444
2025-05-17T19:00:00Z,Ligue 1,Lille OSC,Stade de Reims,2,1,2.3929980597460387,1.0913869887435728
2025-05-17T19:00:00Z,Ligue 1,RC Strasbourg Alsace,Le Havre AC,2,3,2.8541922737356433,3.2948453298501272
2025-05-17T19:00:00Z,Ligue 1,FC Nantes,Montpellier HSC,3,0,3.3118059662146093,0.4972522884396034
2025-05-17T19:00:00Z,Ligue 1,Racing Club de Lens,AS Monaco FC,4,0,4.513566812699995,0.5182356117503909
2025-05-17T19:00:00Z,Ligue 1,Paris Saint-Germain FC,AJ Auxerre,3,1,3.5153593705643256,2.077885756456618
2023-08-11T18:00:00Z,Eredivisie,FC Volendam,SBV Vitesse,1,2,1.3494647421565404,2.5243831502773206
2023-08-12T14:30:00Z,Eredivisie,PSV,FC Utrecht,2,0,2.0882603356347698,0.853653033207693
2023-08-12T16:45:00Z,Eredivisie,SC Heerenveen,RKC Waalwijk,3,1,3.5968923510853004,1.3694768275271052
2023-08-12T18:00:00Z,Eredivisie,AFC Ajax,Heracles Almelo,4,1,4.481698808443385,1.4064972342704298
2023-08-12T19:00:00Z,Eredivisie,PEC Zwolle,Sparta Rotterdam,1,2,1.650072140830971,2.1012977088329654
2023-08-13T10:15:00Z,Eredivisie,NEC,SBV Excelsior,3,4,3.33991990806825,4.277301596137028
2023-08-13T12:30:00Z,Eredivisie,Feyenoord Rotterdam,Fortuna Sittard,0,0,0.8662463896439143,0.6580944174091259
2023-08-13T12:30:00Z,Eredivisie,AZ,Go Ahead Eagles,5,1,5.236967865636447,1.50226805411824
2023-08-13T14:45:00Z,Eredivisie,Almere City FC,FC Twente '65,1,4,2.013612085205368,4.78288158596917
2023-08-18T18:00:00Z,Eredivisie,Heracles Almelo,NEC,2,1,1.9757090470515215,1.5543761845035151
2023-08-19T14:30:00Z,Eredivisie,SBV Excelsior,AFC Ajax,2,2,2.6304310193670672,2.3942638805086776
2023-08-19T16:45:00Z,Eredivisie,SBV Vitesse,PSV,1,3,1.642629204757987,4.144489059136088
2023-08-19T18:00:00Z,Eredivisie,Fortuna Sittard,Almere City FC,2,1,2.2613328796177354,1.4718289293860858
2023-08-19T19:00:00Z,Eredivisie,Go Ahead Eagles,FC Volendam,4,1,4.627318181358303,1.8489002909115912
2023-08-20T10:15:00Z,Eredivisie,FC Utrecht,SC Heerenveen,0,2,0.8838556009280476,2.379637238036597
2023-08-20T12:30:00Z,Eredivisie,Sparta Rotterdam,Feyenoord Rotterdam,2,2,1.8349543481937807,2.71287984381507
2023-08-20T12:30:00Z,Eredivisie,FC Twente '65,PEC Zwolle,3,1,3.6508234422472445,1.778404697745506
2023-08-20T14:45:00Z,Eredivisie,RKC Waalwijk,AZ,1,3,0.7520187539009767,3.5625475911726743
2023-08-26T16:45:00Z,Eredivisie,NEC,RKC Waalwijk,3,0,3.210300558943038,0.0
2023-08-26T19:00:00Z,Eredivisie,SBV Excelsior,Fortuna Sittard,2,2,2.9887499094702834,2.505475738256834
2023-08-27T10:15:00Z,Eredivisie,PEC Zwolle,FC Utrecht,1,0,1.3254653899823838,0.8691380143279925
2023-08-27T12:30:00Z,Eredivisie,Feyenoord Rotterdam,Almere City FC,6,1,6.147836010677308,1.6582442499083192
2023-08-27T14:45:00Z,Eredivisie,SC Heerenveen,Sparta Rotterdam,1,3,1.4406186813045956,3.6337516625687742
2023-09-01T18:00:00Z,Eredivisie,Sparta Rotterdam,NEC,1,1,2.1203719014490656,0.9833229198127443
2023-09-02T14:30:00Z,Eredivisie,Almere City FC,PEC Zwolle,1,2,0.9504953258381922,2.2838634787974823
2023-09-02T16:45:00Z,Eredivisie,Go Ahead Eagles,SC Heerenveen,3,2,3.1846070265081967,2.6234072893454314
2023-09-02T18:00:00Z,Eredivisie,RKC Waalwijk,PSV,0,4,0.9492295049538879,4.623114983036068
2023-09-02T19:00:00Z,Eredivisie,Heracles Almelo,SBV Excelsior,3,1,4.05731070306132,1.8644000340398708
2023-09-03T10:15:00Z,Eredivisie,FC Utrecht,Feyenoord Rotterdam,1,5,1.4689706327129148,5.456539973456172
2023-09-03T12:30:00Z,Eredivisie,Fortuna Sittard,AFC Ajax,0,0,0.1282841892420073,0.6217472260021443
2023-09-03T12:30:00Z,Eredivisie,FC Volendam,FC Twente '65,0,2,1.1287530505427477,2.504912272579388
2023-09-03T14:45:00Z,Eredivisie,SBV Vitesse,AZ,0,2,0.978332717524759,2.203917179049533
2023-09-16T14:30:00Z,Eredivisie,Feyenoord Rotterdam,SC Heerenveen,6,1,6.70368409632867,0.8232626006715758
2023-09-16T16:45:00Z,Eredivisie,SBV Vitesse,RKC Waalwijk,0,2,0.256279295318774,2.629302907639023
2023-09-16T18:00:00Z,Eredivisie,PSV,NEC,4,0,4.485291197748589,0.5521841625238434
2023-09-16T18:00:00Z,Eredivisie,Fortuna Sittard,FC Volendam,3,1,3.451891975686551,1.3145474873699494
2023-09-16T19:00:00Z,Eredivisie,Heracles Almelo,FC Utrecht,1,3,1.5992553913846734,3.0142480830452407
2023-09-17T10:15:00Z,Eredivisie,PEC Zwolle,Go Ahead Eagles,1,1,1.935300431439401,1.6889218543226214
2023-09-17T12:30:00Z,Eredivisie,FC Twente '65,AFC Ajax,3,1,3.763825112341221,1.4202239777413344
2023-09-17T12:30:00Z,Eredivisie,SBV Excelsior,Almere City FC,0,0,0.17678717690457252,0.6670624167104436
2023-09-17T14:45:00Z,Eredivisie,AZ,Sparta Rotterdam,2,0,2.9129489350058613,1.0592145591235274
2023-09-22T18:00:00Z,Eredivisie,Go Ahead Eagles,Fortuna Sittard,3,0,3.5939396420039467,0.0
2023-09-23T14:30:00Z,Eredivisie,FC Volendam,Heracles Almelo,2,2,2.7061197387576748,2.2901197573892906
2023-09-23T16:45:00Z,Eredivisie,NEC,FC Utrecht,3,0,3.9399622577835807,0.437187316006426
2023-09-23T18:00:00Z,Eredivisie,Almere City FC,PSV,0,4,0.16652592514593467,4.936447852243996
2023-09-23T19:00:00Z,Eredivisie,SC Heerenveen,SBV Excelsior,0,3,0.4892523263880611,3.0090790942380545
2023-09-24T10:15:00Z,Eredivisie,Sparta Rotterdam,SBV Vitesse,1,0,1.3405636345922356,1.0807583077041814
2023-09-24T14:45:00Z,Eredivisie,RKC Waalwijk,FC Twente '65,1,0,1.0296421723903633,0.5407567704698871
2023-09-24T14:45:00Z,Eredivisie,PEC Zwolle,AZ,0,3,0.604012993281476,3.4711998014798424
2023-09-27T12:00:00Z,Eredivisie,AFC Ajax,Feyenoord Rotterdam,0,4,1.2534669654753272,4.440582071034328
2023-09-27T16:45:00Z,Eredivisie,PSV,Go Ahead Eagles,3,0,2.947976676648274,0.3691210903459914
2023-09-27T18:00:00Z,Eredivisie,FC Twente '65,SBV Vitesse,1,0,1.490315816685159,0.8144350277807464
2023-09-28T18:00:00Z,Eredivisie,AZ,Heracles Almelo,1,1,1.692162880522432,1.1794437737752683
2023-09-30T14:30:00Z,Eredivisie,Feyenoord Rotterdam,Go Ahead Eagles,3,1,3.5369234604968542,1.603624254493156
2023-09-30T16:45:00Z,Eredivisie,FC Utrecht,Almere City FC,0,2,0.4660615842452779,2.384745500287907
2023-09-30T16:45:00Z,Eredivisie,PSV,FC Volendam,3,1,3.1102350909662526,1.2713599654457706
2023-09-30T19:00:00Z,Eredivisie,FC Twente '65,SC Heerenveen,1,0,1.5698360228820492,1.2757925527051688
2023-10-01T10:15:00Z,Eredivisie,NEC,SBV Vitesse,1,2,1.2729708068952221,2.625715220426038
2023-10-01T12:30:00Z,Eredivisie,SBV Excelsior,Sparta Rotterdam,2,1,1.843023488506434,1.6839796633983433
2023-10-01T12:30:00Z,Eredivisie,Heracles Almelo,PEC Zwolle,2,1,2.8583776661541194,1.8413330342005987
2023-10-01T14:45:00Z,Eredivisie,AZ,Fortuna Sittard,4,0,4.7875157459526125,0.07359501640443583
2023-10-06T18:00:00Z,Eredivisie,FC Volendam,FC Utrecht,1,0,1.515498293055324,1.0256875727366095
2023-10-07T14:30:00Z,Eredivisie,SC Heerenveen,NEC,1,1,1.5687224064617107,0.7473128464514773
2023-10-07T16:45:00Z,Eredivisie,Almere City FC,RKC Waalwijk,1,0,1.8222954038146684,0.26937007698844384
2023-10-07T18:00:00Z,Eredivisie,Go Ahead Eagles,Heracles Almelo,4,0,4.567301897033425,0.3622904980463299
2023-10-07T19:00:00Z,Eredivisie,SBV Vitesse,SBV Excelsior,0,0,0.7712052664283944,0.6745170094911518
2023-10-08T10:15:00Z,Eredivisie,PEC Zwolle,Feyenoord Rotterdam,0,2,0.41075533973784495,2.5656154798424464
2023-10-08T12:30:00Z,Eredivisie,Fortuna Sittard,FC Twente '65,0,3,0.893595121572184,3.4499555777904822
2023-10-08T12:30:00Z,Eredivisie,AFC Ajax,AZ,1,2,1.5962357177798052,2.496400796611683
2023-10-08T14:45:00Z,Eredivisie,Sparta Rotterdam,PSV,0,4,0.5582155830817622,4.20659309294323
2023-10-21T16:45:00Z,Eredivisie,RKC Waalwijk,FC Volendam,2,1,2.1189816733863904,1.0508302816547481
2023-10-21T16:45:00Z,Eredivisie,PSV,Fortuna Sittard,3,1,3.5860867562905128,1.717953486700818
2023-10-21T18:00:00Z,Eredivisie,NEC,Almere City FC,1,1,1.2504135247516648,1.7081118337608556
2023-10-21T19:00:00Z,Eredivisie,Feyenoord Rotterdam,SBV Vitesse,4,0,4.308515182041452,0.9753483125471176
2023-10-21T19:00:00Z,Eredivisie,AZ,SC Heerenveen,3,0,3.2553873115051637,0.2629948709554376
2023-10-22T10:15:00Z,Eredivisie,FC Utrecht,AFC Ajax,4,3,4.180129520430232,3.7078445630902768
2023-10-22T12:30:00Z,Eredivisie,Heracles Almelo,FC Twente '65,2,2,3.1374314209050884,2.4148879814905806
2023-10-22T12:30:00Z,Eredivisie,SBV Excelsior,PEC Zwolle,2,4,2.899401718596521,4.857142495558045
2023-10-22T14:45:00Z,Eredivisie,Go Ahead Eagles,Sparta Rotterdam,0,0,1.0761102506432785,0.8065888330034425
2023-10-27T18:00:00Z,Eredivisie,SBV Vitesse,PEC Zwolle,1,1,1.1331314941333308,1.563362819767337
2023-10-28T16:45:00Z,Eredivisie,SC Heerenveen,Heracles Almelo,3,0,3.521376124973268,0.398140953000204
2023-10-28T18:00:00Z,Eredivisie,Almere City FC,Go Ahead Eagles,0,0,0.11194771243877127,0.7882796535824784
2023-10-28T18:00:00Z,Eredivisie,Sparta Rotterdam,RKC Waalwijk,2,0,2.291291536840881,0.6940713569769698
2023-10-28T19:00:00Z,Eredivisie,Fortuna Sittard,FC Utrecht,0,0,0.22456190497502754,0.2946678793741452
2023-10-29T11:15:00Z,Eredivisie,FC Twente '65,Feyenoord Rotterdam,2,1,2.8718752019324683,1.1016603979561708
2023-10-29T13:30:00Z,Eredivisie,FC Volendam,SBV Excelsior,3,1,3.3811310965694723,1.413440129795461
2023-10-29T13:30:00Z,Eredivisie,PSV,AFC Ajax,5,2,5.820513800108205,2.9546241446044625
2023-11-02T19:00:00Z,Eredivisie,AFC Ajax,FC Volendam,2,0,2.6812362668765553,0.8439461476199115
2023-11-04T15:30:00Z,Eredivisie,Heracles Almelo,PSV,0,6,1.1910916256314366,6.166301759098825
2023-11-04T17:45:00Z,Eredivisie,RKC Waalwijk,Feyenoord Rotterdam,1,2,1.0561667330580828,2.1496727752300235
2023-11-04T17:45:00Z,Eredivisie,SBV Excelsior,AZ,1,1,1.8777699719360397,1.8824051549038459
2023-11-04T20:00:00Z,Eredivisie,Go Ahead Eagles,SBV Vitesse,5,1,5.8439322611202185,1.1593092285726514
2023-11-05T11:15:00Z,Eredivisie,FC Utrecht,FC Twente '65,1,1,1.2079863485918896,1.6527885970926024
2023-11-05T13:30:00Z,Eredivisie,PEC Zwolle,Fortuna Sittard,2,0,2.802140000941948,0.3151786353991029
2023-11-05T13:30:00Z,Eredivisie,NEC,FC Volendam,3,3,3.6008434889078687,3.9851134773565047
2023-11-05T15:45:00Z,Eredivisie,AFC Ajax,SC Heerenveen,4,1,4.431757122013978,1.2688725602586364
2023-11-05T15:45:00Z,Eredivisie,Sparta Rotterdam,Almere City FC,1,2,1.2528193539084,2.8430084590617484
2023-11-10T19:00:00Z,Eredivisie,Fortuna Sittard,Heracles Almelo,4,1,4.284267164565244,1.5554575962181094
2023-11-11T17:45:00Z,Eredivisie,RKC Waalwijk,Go Ahead Eagles,0,1,1.114943628735778,1.575658456270286
2023-11-11T19:00:00Z,Eredivisie,FC Twente '65,NEC,3,3,3.5002048456872448,2.9089074255945797
2023-11-11T20:00:00Z,Eredivisie,SBV Vitesse,SC Heerenveen,1,3,1.7346390004594379,2.8391259940382847
2023-11-12T11:15:00Z,Eredivisie,PSV,PEC Zwolle,4,0,4.262730185499734,0.4338302179198058
2023-11-12T13:30:00Z,Eredivisie,FC Volendam,Sparta Rotterdam,1,4,1.2660441161335083,4.574071819024984
2023-11-12T13:30:00Z,Eredivisie,Almere City FC,AFC Ajax,2,2,2.8245954427749824,2.162440651678683
2023-11-12T15:45:00Z,Eredivisie,Feyenoord Rotterdam,AZ,1,0,1.0951271365345403,0.17339197685709734
2023-11-12T19:00:00Z,Eredivisie,FC Utrecht,SBV Excelsior,2,2,2.3754358696284186,2.66844178894784
2023-11-25T15:30:00Z,Eredivisie,SBV Excelsior,Feyenoord Rotterdam,2,4,2.5102082233216696,4.668856344137139
2023-11-25T17:45:00Z,Eredivisie,FC Twente '65,PSV,0,3,0.5334117805520158,3.458677681883622
2023-11-25T17:45:00Z,Eredivisie,SC Heerenveen,Fortuna Sittard,3,0,3.446272014495153,0.7340605163558225
2023-11-25T20:00:00Z,Eredivisie,PEC Zwolle,RKC Waalwijk,1,2,1.618745934328777,2.147739311283956
2023-11-25T20:00:00Z,Eredivisie,AFC Ajax,SBV Vitesse,5,0,5.7078567267453435,0.39321952487390877
2023-11-26T11:15:00Z,Eredivisie,Almere City FC,Heracles Almelo,0,5,0.720391263637799,5.994363281735102
2023-11-26T13:30:00Z,Eredivisie,AZ,FC Volendam,3,0,3.204258857399652,0.5204966389819453
2023-11-26T13:30:00Z,Eredivisie,NEC,Go Ahead Eagles,1,1,1.414753470621361,1.5378937543760998
2023-11-26T15:45:00Z,Eredivisie,Sparta Rotterdam,FC Utrecht,1,2,1.8584288585630813,3.191783975790322
2023-12-01T19:00:00Z,Eredivisie,SC Heerenveen,Almere City FC,3,0,3.7683941562721617,0.08019735024536878
2023-12-02T17:45:00Z,Eredivisie,FC Volendam,PEC Zwolle,0,5,0.08814216455568086,5.738929109992633
2023-12-02T19:00:00Z,Eredivisie,Fortuna Sittard,SBV Vitesse,3,1,3.6054439701056604,1.9991958839424298
2023-12-02T19:00:00Z,Eredivisie,RKC Waalwijk,SBV Excelsior,2,2,1.906532425187557,2.402542622050436
2023-12-02T20:00:00Z,Eredivisie,Heracles Almelo,Sparta Rotterdam,0,1,0.5140804706181109,1.7578892360564538
2023-12-03T11:15:00Z,Eredivisie,Feyenoord Rotterdam,PSV,1,2,2.069330105023793,2.2053941508367285
2023-12-03T13:30:00Z,Eredivisie,NEC,AFC Ajax,1,2,1.2156321848193041,2.2939802813297945
2023-12-03T13:30:00Z,Eredivisie,Go Ahead Eagles,FC Twente '65,1,3,1.2497030863525254,3.61548992481429
2023-12-03T15:45:00Z,Eredivisie,FC Utrecht,AZ,1,1,1.729208934471858,1.739570001933177
2023-12-06T18:00:00Z,Eredivisie,AZ,NEC,1,2,1.0371595454371063,2.836280953721874
2023-12-06T19:00:00Z,Eredivisie,RKC Waalwijk,AFC Ajax,2,3,2.3101734910344884,3.970888576081848
2023-12-07T17:45:00Z,Eredivisie,PSV,SC Heerenveen,2,0,2.6789323412745256,0.47976603243344534
2023-12-07T20:00:00Z,Eredivisie,Feyenoord Rotterdam,FC Volendam,3,1,3.309714245693179,1.8580835265517763
2023-12-08T19:00:00Z,Eredivisie,FC Twente '65,SBV Excelsior,4,2,4.429209003836709,2.397308546965255
2023-12-09T17:45:00Z,Eredivisie,AFC Ajax,Sparta Rotterdam,2,1,2.7232557130945105,1.7706273934764805
2023-12-09T19:00:00Z,Eredivisie,PEC Zwolle,NEC,1,3,1.6264638250609684,3.5622466393556547
2023-12-09T20:00:00Z,Eredivisie,AZ,Almere City FC,4,1,4.58004551888862,1.633703372124577
2023-12-10T11:15:00Z,Eredivisie,Go Ahead Eagles,FC Utrecht,0,2,0.39826331621898836,2.6270523622066113
2023-12-10T13:30:00Z,Eredivisie,Fortuna Sittard,RKC Waalwijk,1,0,1.6110183345806866,0.01858849706065635
2023-12-10T15:45:00Z,Eredivisie,SBV Vitesse,Heracles Almelo,2,0,2.4628801959700732,0.16276344234176804
2023-12-15T19:00:00Z,Eredivisie,NEC,Fortuna Sittard,4,1,4.637341682977736,1.5307624319452566
2023-12-16T15:30:00Z,Eredivisie,FC Utrecht,RKC Waalwijk,1,1,1.3509203924646065,0.9938162761076494
2023-12-16T17:45:00Z,Eredivisie,SBV Excelsior,Go Ahead Eagles,1,1,1.4452293076861378,1.7493633309599268
2023-12-16T20:00:00Z,Eredivisie,SC Heerenveen,FC Volendam,1,2,1.203012662234396,2.7614667898864425
2023-12-17T11:15:00Z,Eredivisie,Almere City FC,SBV Vitesse,5,0,5.489497716998129,0.598151165863337
2023-12-17T13:30:00Z,Eredivisie,Sparta Rotterdam,FC Twente '65,2,2,2.2566997409113467,2.1636597961726234
2023-12-17T13:30:00Z,Eredivisie,Heracles Almelo,Feyenoord Rotterdam,0,4,0.16578606495140202,4.914041681660555
2023-12-17T15:45:00Z,Eredivisie,AFC Ajax,PEC Zwolle,2,2,2.577598344356616,3.1111631919155074
2023-12-17T19:00:00Z,Eredivisie,AZ,PSV,0,4,0.5638219327572981,4.544123048233792
2024-01-12T19:00:00Z,Eredivisie,RKC Waalwijk,Heracles Almelo,1,2,1.7348621204845718,2.6531606135353707
2024-01-13T15:30:00Z,Eredivisie,Fortuna Sittard,Sparta Rotterdam,0,2,0.3706623291274703,2.560521596438813
2024-01-13T17:45:00Z,Eredivisie,FC Twente '65,AZ,2,1,2.6224158540510265,1.65911075669964
2024-01-13T19:00:00Z,Eredivisie,PEC Zwolle,SC Heerenveen,2,2,2.6652392716820987,2.464132373012081
2024-01-13T20:00:00Z,Eredivisie,PSV,SBV Excelsior,3,1,3.6334321423494784,1.489630728046859
2024-01-14T11:15:00Z,Eredivisie,FC Volendam,Almere City FC,0,1,0.25230389515935736,1.7717152801492095
2024-01-14T13:30:00Z,Eredivisie,Go Ahead Eagles,AFC Ajax,2,3,2.5448090446813567,4.203687248568932
2024-01-14T13:30:00Z,Eredivisie,SBV Vitesse,FC Utrecht,0,0,0.6092420888163984,0.07997862967947839
2024-01-14T15:45:00Z,Eredivisie,Feyenoord Rotterdam,NEC,2,2,2.5021535400723827,2.46885625467911
2024-01-19T19:00:00Z,Eredivisie,SBV Excelsior,SC Heerenveen,3,0,2.8740567024886747,0.14586185443037536
2024-01-20T15:30:00Z,Eredivisie,NEC,FC Twente '65,1,0,1.548146887192044,0.977607469572825
2024-01-20T17:45:00Z,Eredivisie,Heracles Almelo,FC Volendam,1,1,2.1637593118191725,1.3236786092040305
2024-01-20T19:00:00Z,Eredivisie,AZ,PEC Zwolle,2,2,2.391988219372905,2.0670397618642617
2024-01-21T11:15:00Z,Eredivisie,FC Utrecht,PSV,1,1,1.2815768706434036,1.691456099654572
2024-01-21T13:30:00Z,Eredivisie,SBV Vitesse,Feyenoord Rotterdam,1,2,1.6120045679134194,3.0232933344229336
2024-01-21T13:30:00Z,Eredivisie,Sparta Rotterdam,Go Ahead Eagles,0,2,0.5937134631399715,2.699079360568229
2024-01-21T15:45:00Z,Eredivisie,AFC Ajax,RKC Waalwijk,4,1,4.8578205496249245,1.5614393631845753
2024-01-24T17:45:00Z,Eredivisie,Almere City FC,Fortuna Sittard,0,0,0.12263955322733366,0.6227422768327981
2024-01-26T19:00:00Z,Eredivisie,PEC Zwolle,SBV Vitesse,1,0,1.7194140757724976,0.9244521988476664
2024-01-27T17:45:00Z,Eredivisie,RKC Waalwijk,Sparta Rotterdam,1,1,1.677126618375439,1.237740218995755
2024-01-27T17:45:00Z,Eredivisie,PSV,Almere City FC,2,0,2.457356038917836,0.4664458687741061
2024-01-27T20:00:00Z,Eredivisie,SBV Excelsior,FC Utrecht,1,1,1.6016061953765068,1.3641929554471401
2024-01-27T20:00:00Z,Eredivisie,Heracles Almelo,AFC Ajax,2,4,2.8088372444795073,4.149640407812487
2024-01-28T11:15:00Z,Eredivisie,SC Heerenveen,AZ,2,2,2.761694614008535,2.4014874221749594
2024-01-28T13:30:00Z,Eredivisie,Go Ahead Eagles,NEC,2,2,2.1570942063778813,2.8323163287947346
2024-01-28T13:30:00Z,Eredivisie,Feyenoord Rotterdam,FC Twente '65,0,0,0.7460474560266454,0.6699806445178176
2024-01-28T15:45:00Z,Eredivisie,FC Volendam,Fortuna Sittard,0,1,0.48059341849024445,1.6932931500324602
2024-02-02T19:00:00Z,Eredivisie,Almere City FC,SBV Excelsior,2,1,2.521862229404655,1.5439426834959955
2024-02-03T15:30:00Z,Eredivisie,FC Twente '65,RKC Waalwijk,3,0,3.5219590973005084,0.6569971348185766
2024-02-03T17:45:00Z,Eredivisie,Fortuna Sittard,SC Heerenveen,3,3,3.454927103360522,3.2598228972955683
2024-02-03T19:00:00Z,Eredivisie,AFC Ajax,PSV,1,1,1.8575122491321194,1.4071470342218313
2024-02-03T20:00:00Z,Eredivisie,NEC,Heracles Almelo,3,1,3.4748846120452366,1.5576012710906029
2024-02-04T11:15:00Z,Eredivisie,SBV Vitesse,Go Ahead Eagles,0,2,0.1641361614850494,2.583254757664567
2024-02-04T13:30:00Z,Eredivisie,AZ,Feyenoord Rotterdam,0,1,0.38194104320908134,1.596056356476562
2024-02-04T13:30:00Z,Eredivisie,FC Utrecht,FC Volendam,4,2,4.553608415043143,2.4584994153950865
2024-02-04T15:45:00Z,Eredivisie,Sparta Rotterdam,PEC Zwolle,0,2,0.8687644352891151,2.386772979660901
2024-02-09T19:00:00Z,Eredivisie,RKC Waalwijk,NEC,2,0,2.68092840548465,1.4473313849132894
2024-02-10T17:45:00Z,Eredivisie,SBV Excelsior,FC Twente '65,0,3,0.24483941637588685,3.7720361818797197
2024-02-10T19:00:00Z,Eredivisie,Almere City FC,AZ,0,0,1.2455569750036675,0.6239442427857868
2024-02-10T20:00:00Z,Eredivisie,Heracles Almelo,SBV Vitesse,3,2,3.5794325932933937,2.430037450538082
2024-02-11T11:15:00Z,Eredivisie,Go Ahead Eagles,PEC Zwolle,1,1,1.8826172213997046,1.3646343519168371
2024-02-11T13:30:00Z,Eredivisie,FC Utrecht,Fortuna Sittard,4,0,4.454485669926831,0.4607598218819133
2024-02-11T13:30:00Z,Eredivisie,SC Heerenveen,AFC Ajax,3,2,3.6600077734116345,2.587848653076005
2024-02-11T15:45:00Z,Eredivisie,FC Volendam,PSV,1,5,1.7518405513555213,4.935869336781075
2024-02-11T19:00:00Z,Eredivisie,Feyenoord Rotterdam,Sparta Rotterdam,2,0,2.8654584135262766,0.029183121387594935
2024-02-16T19:00:00Z,Eredivisie,PSV,Heracles Almelo,2,0,2.8172104916134675,0.30893528331831277
2024-02-17T17:45:00Z,Eredivisie,Sparta Rotterdam,SBV Excelsior,4,2,4.761659100021893,2.5621418310335704
2024-02-17T17:45:00Z,Eredivisie,Fortuna Sittard,AZ,1,2,1.4054739806417675,2.428218055854445
2024-02-17T20:00:00Z,Eredivisie,SC Heerenveen,Go Ahead Eagles,0,2,0.32847618741318163,2.943436367829845
2024-02-17T20:00:00Z,Eredivisie,PEC Zwolle,Almere City FC,0,1,0.5997822530972593,1.0552809639012692
2024-02-18T11:15:00Z,Eredivisie,FC Twente '65,FC Utrecht,0,1,0.7799384217023209,1.274596359118989
2024-02-18T13:30:00Z,Eredivisie,AFC Ajax,NEC,2,2,2.4331837897670177,2.9560275222973305
2024-02-18T13:30:00Z,Eredivisie,SBV Vitesse,FC Volendam,1,1,1.819551589714316,1.539335797402544
2024-02-18T15:45:00Z,Eredivisie,Feyenoord Rotterdam,RKC Waalwijk,1,0,1.9357850236458538,0.7654527748403475
2024-02-23T19:00:00Z,Eredivisie,FC Utrecht,Heracles Almelo,1,0,1.225103724277974,1.115374082980839
2024-02-24T17:45:00Z,Eredivisie,RKC Waalwijk,Fortuna Sittard,0,1,0.24892378886111605,1.2918586746294531
2024-02-24T19:00:00Z,Eredivisie,PEC Zwolle,PSV,1,7,1.457887482328399,7.47020569866239
2024-02-24T20:00:00Z,Eredivisie,NEC,Sparta Rotterdam,2,0,2.5922838004567588,0.4182719297207385
2024-02-25T11:15:00Z,Eredivisie,SBV Excelsior,SBV Vitesse,1,2,1.3426298958698846,1.9136220986550172
2024-02-25T13:30:00Z,Eredivisie,Almere City FC,Feyenoord Rotterdam,0,2,0.9056608036601432,2.4068809588732094
2024-02-25T13:30:00Z,Eredivisie,FC Twente '65,Go Ahead Eagles,3,0,3.6272200584555354,0.7643186562141997
2024-02-25T15:45:00Z,Eredivisie,AZ,AFC Ajax,2,0,2.511834114472222,0.6621768625436723
2024-02-25T19:00:00Z,Eredivisie,FC Volendam,SC Heerenveen,0,4,0.06922714283944176,4.685724950816403
2024-03-01T19:00:00Z,Eredivisie,FC Volendam,NEC,2,5,2.105255255071748,5.3873473058081505
2024-03-02T17:45:00Z,Eredivisie,Go Ahead Eagles,RKC Waalwijk,1,0,1.584302775084542,0.3031708291983076
2024-03-02T19:00:00Z,Eredivisie,SBV Vitesse,FC Twente '65,1,2,0.8602213121535491,2.8807767015695864
2024-03-02T20:00:00Z,Eredivisie,Sparta Rotterdam,AZ,1,1,1.8037912228932216,1.350804856092699
2024-03-03T11:15:00Z,Eredivisie,AFC Ajax,FC Utrecht,2,0,2.452553846688304,0.5882246116379642
2024-03-03T13:30:00Z,Eredivisie,PSV,Feyenoord Rotterdam,2,2,3.47292789087842,2.5490004042032615
2024-03-03T13:30:00Z,Eredivisie,SC Heerenveen,PEC Zwolle,2,0,3.192374875184833,0.9385151048771354
2024-03-03T15:45:00Z,Eredivisie,Fortuna Sittard,SBV Excelsior,5,2,5.445565279225745,2.791423707301708
2024-03-03T19:00:00Z,Eredivisie,Heracles Almelo,Almere City FC,2,2,2.4680988992406054,2.111422413799864
2024-03-08T19:00:00Z,Eredivisie,Go Ahead Eagles,PSV,0,1,0.7986744542006089,1.143734049967488
2024-03-09T17:45:00Z,Eredivisie,FC Twente '65,Sparta Rotterdam,2,1,3.010951782975411,1.6736729454207402
2024-03-09T19:00:00Z,Eredivisie,Almere City FC,FC Utrecht,1,1,1.008591282769195,1.4806987057862502
2024-03-09T20:00:00Z,Eredivisie,RKC Waalwijk,SBV Vitesse,3,1,2.964087360393594,1.363448464813871
2024-03-10T11:15:00Z,Eredivisie,AZ,SBV Excelsior,4,0,4.313389558333686,0.8046883651983412
2024-03-10T13:30:00Z,Eredivisie,PEC Zwolle,FC Volendam,1,1,1.6748212749521594,1.556237814626673
2024-03-10T13:30:00Z,Eredivisie,AFC Ajax,Fortuna Sittard,2,2,2.649062077152279,2.5157372160668334
2024-03-10T15:45:00Z,Eredivisie,NEC,SC Heerenveen,2,0,2.820931436495155,0.7339485922265149
2024-03-10T19:00:00Z,Eredivisie,Feyenoord Rotterdam,Heracles Almelo,3,0,3.1400907414904076,0.38746730151693065
2024-03-15T19:00:00Z,Eredivisie,Heracles Almelo,Go Ahead Eagles,2,0,1.805156841109337,0.9705556956417662
2024-03-16T17:45:00Z,Eredivisie,Fortuna Sittard,PEC Zwolle,3,1,3.7574042585906433,1.2635857130300976
2024-03-16T19:00:00Z,Eredivisie,SBV Excelsior,RKC Waalwijk,1,1,1.2515411181104297,1.6970787199026265
2024-03-16T20:00:00Z,Eredivisie,SBV Vitesse,Almere City FC,1,1,0.8944536406834086,1.9301498515979534
2024-03-17T11:15:00Z,Eredivisie,FC Volendam,AZ,0,4,0.5435191237878145,4.08681135321837
2024-03-17T13:30:00Z,Eredivisie,FC Utrecht,NEC,1,0,1.7379527064656033,0.3969994472442652
2024-03-17T13:30:00Z,Eredivisie,SC Heerenveen,Feyenoord Rotterdam,2,3,2.463382860363617,3.8426622178656675
2024-03-17T15:45:00Z,Eredivisie,Sparta Rotterdam,AFC Ajax,2,2,2.3626454841452533,2.847173364319308
2024-03-17T19:00:00Z,Eredivisie,PSV,FC Twente '65,1,0,1.4521913303562282,0.4485513198835282
2024-03-30T15:30:00Z,Eredivisie,NEC,PSV,3,1,3.3888251712797652,1.279598671896942
2024-03-30T17:45:00Z,Eredivisie,Sparta Rotterdam,Fortuna Sittard,4,0,4.09558586641795,0.7867807466992287
2024-03-30T19:00:00Z,Eredivisie,Go Ahead Eagles,SBV Excelsior,3,0,3.2855957969028706,0.8550647307744814
2024-03-30T19:00:00Z,Eredivisie,RKC Waalwijk,SC Heerenveen,1,1,1.6563839715041444,1.1506009954462817
2024-03-30T20:00:00Z,Eredivisie,AZ,SBV Vitesse,2,0,2.59650356241295,0.13882590531008593
2024-03-31T10:15:00Z,Eredivisie,PEC Zwolle,AFC Ajax,1,3,1.550417941790046,3.56757700459508
2024-03-31T12:30:00Z,Eredivisie,Feyenoord Rotterdam,FC Utrecht,4,2,4.201455455443986,2.6888081900286673
2024-03-31T12:30:00Z,Eredivisie,FC Twente '65,Heracles Almelo,1,0,1.4455490513593,0.41027927443098355
2024-03-31T14:45:00Z,Eredivisie,Almere City FC,FC Volendam,1,1,0.8468804860671436,1.7037881459947046
2024-04-02T16:45:00Z,Eredivisie,SBV Vitesse,Sparta Rotterdam,1,4,1.553542999165617,4.286959017948785
2024-04-02T18:00:00Z,Eredivisie,SBV Excelsior,PSV,0,2,0.9286573123440702,1.8655919202778795
2024-04-02T19:00:00Z,Eredivisie,Fortuna Sittard,NEC,1,1,1.0577603603873684,1.3728296783002212
2024-04-03T16:45:00Z,Eredivisie,Heracles Almelo,AZ,5,0,5.324221698004673,0.5189696439539303
2024-04-03T18:00:00Z,Eredivisie,FC Utrecht,PEC Zwolle,5,1,5.598732033613039,1.417248012031063
2024-04-03T19:00:00Z,Eredivisie,SC Heerenveen,FC Twente '65,3,3,3.875852790328245,3.1524190209021543
2024-04-04T16:45:00Z,Eredivisie,FC Volendam,Feyenoord Rotterdam,0,0,0.36553261510995516,0.0
2024-04-04T18:00:00Z,Eredivisie,RKC Waalwijk,Almere City FC,0,0,0.29232490122023114,0.34577335868963066
2024-04-04T19:00:00Z,Eredivisie,AFC Ajax,Go Ahead Eagles,1,1,0.909323057275175,1.769296731494923
2024-04-06T14:30:00Z,Eredivisie,Sparta Rotterdam,Heracles Almelo,1,2,1.5310314387924318,2.8768592318241044
2024-04-06T16:45:00Z,Eredivisie,PSV,AZ,5,1,6.112622812043123,1.8563140152415365
2024-04-06T18:00:00Z,Eredivisie,PEC Zwolle,SBV Excelsior,2,1,2.5832075385894027,1.255227139455434
2024-04-06T19:00:00Z,Eredivisie,FC Twente '65,Fortuna Sittard,2,0,2.493316306244886,0.15388810291089083
2024-04-07T10:15:00Z,Eredivisie,SBV Vitesse,NEC,0,3,0.5966246932300956,3.6489903844939686
2024-04-07T12:30:00Z,Eredivisie,Feyenoord Rotterdam,AFC Ajax,6,0,6.496672398815419,0.6905300034793775
2024-04-07T12:30:00Z,Eredivisie,Go Ahead Eagles,Almere City FC,1,1,1.256095688321961,1.6200508815601493
2024-04-07T14:45:00Z,Eredivisie,FC Volendam,RKC Waalwijk,3,2,3.7469839747033116,1.895781017728671
2024-04-07T18:00:00Z,Eredivisie,SC Heerenveen,FC Utrecht,2,3,2.5677284569335264,3.23993462453496
2024-04-12T18:00:00Z,Eredivisie,SBV Excelsior,FC Volendam,4,0,4.505283975580097,0.49109336291420647
2024-04-13T14:30:00Z,Eredivisie,PSV,SBV Vitesse,6,0,6.207390191816525,0.6461654583891281
2024-04-13T16:45:00Z,Eredivisie,AZ,RKC Waalwijk,3,2,3.8910523795804277,2.730192208780746
2024-04-13T19:00:00Z,Eredivisie,Almere City FC,Sparta Rotterdam,2,3,2.699410823599933,3.543276056684612
2024-04-14T10:15:00Z,Eredivisie,Heracles Almelo,SC Heerenveen,0,2,0.33412374878980944,2.5992351419614708
2024-04-14T12:30:00Z,Eredivisie,Fortuna Sittard,Feyenoord Rotterdam,0,1,0.8005474561045811,1.5254596375083311
2024-04-14T12:30:00Z,Eredivisie,FC Utrecht,Go Ahead Eagles,2,1,2.3507287484844377,1.705685812265545
2024-04-14T14:45:00Z,Eredivisie,AFC Ajax,FC Twente '65,2,1,2.265398952246689,1.5938596954472732
2024-04-14T18:00:00Z,Eredivisie,NEC,PEC Zwolle,2,2,2.2720890647559138,2.5197212980141863
2024-04-24T16:45:00Z,Eredivisie,FC Twente '65,Almere City FC,3,1,2.9686794340735725,1.419489360258786
2024-04-24T19:00:00Z,Eredivisie,AFC Ajax,SBV Excelsior,2,2,2.6414627141254616,2.5243874275127443
2024-04-25T16:55:00Z,Eredivisie,SC Heerenveen,PSV,0,8,0.0,8.645377413651783
2024-04-25T19:00:00Z,Eredivisie,Go Ahead Eagles,Feyenoord Rotterdam,1,3,1.1314668506202712,3.5802426166694183
2024-04-28T10:15:00Z,Eredivisie,NEC,AZ,0,3,0.0,3.614247925503576
2024-04-28T10:15:00Z,Eredivisie,PEC Zwolle,Heracles Almelo,3,1,3.474179092162732,1.9028165584053556
2024-04-28T12:30:00Z,Eredivisie,Sparta Rotterdam,FC Volendam,1,0,1.4549038619184385,0.5795491768239762
2024-04-28T12:30:00Z,Eredivisie,RKC Waalwijk,FC Utrecht,2,2,2.401991136044091,2.305300443858053
2024-04-28T14:45:00Z,Eredivisie,SBV Vitesse,Fortuna Sittard,3,2,3.187226691598827,2.7650820357982506
2024-05-03T18:00:00Z,Eredivisie,Fortuna Sittard,Go Ahead Eagles,0,0,0.14832987396900799,0.09014049869932478
2024-05-03T18:00:00Z,Eredivisie,Almere City FC,SC Heerenveen,1,1,1.6393109590639723,1.175575985778214
2024-05-05T10:15:00Z,Eredivisie,PSV,Sparta Rotterdam,4,2,4.334834420487454,2.600754179416021
2024-05-05T10:15:00Z,Eredivisie,Heracles Almelo,RKC Waalwijk,0,5,0.5949074964608434,5.6549190003359735
2024-05-05T12:30:00Z,Eredivisie,FC Utrecht,SBV Vitesse,1,0,1.2344253941627332,0.12648463294880152
2024-05-05T12:30:00Z,Eredivisie,FC Volendam,AFC Ajax,1,4,1.5543188228313247,4.385154755703975
2024-05-05T14:45:00Z,Eredivisie,AZ,FC Twente '65,2,1,2.890983411194819,1.3181748503341024
2024-05-05T18:00:00Z,Eredivisie,Feyenoord Rotterdam,PEC Zwolle,5,0,5.675849740117835,0.353997103135521
2024-05-06T18:00:00Z,Eredivisie,SBV Excelsior,NEC,0,3,0.3762758545350559,3.7830793328818837
2024-05-12T12:30:00Z,Eredivisie,AFC Ajax,Almere City FC,3,0,3.577159691106778,0.7119516390641758
2024-05-12T12:30:00Z,Eredivisie,SBV Excelsior,Heracles Almelo,4,0,4.427800447640936,0.4942633460438878
2024-05-12T12:30:00Z,Eredivisie,FC Twente '65,FC Volendam,7,2,7.502364055408418,2.3362114218655217
2024-05-12T12:30:00Z,Eredivisie,FC Utrecht,Sparta Rotterdam,0,1,0.40231668435544893,1.095105098933958
2024-05-12T12:30:00Z,Eredivisie,Fortuna Sittard,PSV,1,1,1.4506994382343827,1.9260554816345845
2024-05-12T12:30:00Z,Eredivisie,Go Ahead Eagles,AZ,0,3,0.5636280059222526,3.6776341700854758
2024-05-12T12:30:00Z,Eredivisie,NEC,Feyenoord Rotterdam,2,3,2.201992390125415,3.2879992687780577
2024-05-12T12:30:00Z,Eredivisie,RKC Waalwijk,PEC Zwolle,1,1,1.1952363519030065,1.7158798492874674
2024-05-12T12:30:00Z,Eredivisie,SC Heerenveen,SBV Vitesse,1,3,1.0834372338506366,3.478932913827612
2024-05-19T12:30:00Z,Eredivisie,Almere City FC,NEC,1,4,1.019918668648887,4.413867148541297
2024-05-19T12:30:00Z,Eredivisie,AZ,FC Utrecht,3,3,3.134815192333856,3.630563458486881
2024-05-19T12:30:00Z,Eredivisie,FC Volendam,Go Ahead Eagles,1,2,1.5478387520412387,2.2775505250261823
2024-05-19T12:30:00Z,Eredivisie,Feyenoord Rotterdam,SBV Excelsior,4,0,4.232163745352435,0.396873044146967
2024-05-19T12:30:00Z,Eredivisie,Heracles Almelo,Fortuna Sittard,0,0,0.6540843392693289,0.5364383192598637
2024-05-19T12:30:00Z,Eredivisie,PEC Zwolle,FC Twente '65,1,2,1.5104141246257685,2.3501646421344358
2024-05-19T12:30:00Z,Eredivisie,PSV,RKC Waalwijk,3,1,2.909448735968584,1.7007255630802571
2024-05-19T12:30:00Z,Eredivisie,Sparta Rotterdam,SC Heerenveen,2,1,2.696492675266507,2.0607199511034784
2024-05-19T12:30:00Z,Eredivisie,SBV Vitesse,AFC Ajax,2,2,2.743239593677513,2.2737105602178573
2024-08-09T18:00:00Z,Eredivisie,FC Groningen,NAC Breda,4,1,4.201841197549544,1.0004624111087868
2024-08-10T14:30:00Z,Eredivisie,Feyenoord Rotterdam,Willem II Tilburg,1,1,1.6260574628684976,0.8994779497571216
2024-08-10T16:45:00Z,Eredivisie,NEC,FC Twente '65,1,2,1.2430505287772404,2.4548595575515053
2024-08-10T18:00:00Z,Eredivisie,Almere City FC,AZ,0,1,0.5293011130245007,1.301050622962145
2024-08-10T19:00:00Z,Eredivisie,PSV,RKC Waalwijk,5,1,5.12065047791351,1.562358150320124
2024-08-11T10:15:00Z,Eredivisie,Sparta Rotterdam,Heracles Almelo,0,0,0.0,0.5397793016078303
2024-08-11T12:30:00Z,Eredivisie,FC Utrecht,PEC Zwolle,1,0,1.3851548431161094,0.01903494601577116
2024-08-11T12:30:00Z,Eredivisie,Go Ahead Eagles,Fortuna Sittard,0,2,0.4628813161175492,1.9555348511555781
2024-08-11T14:45:00Z,Eredivisie,AFC Ajax,SC Heerenveen,1,0,1.3806960919156188,0.5887799721038286
2024-08-16T18:00:00Z,Eredivisie,Fortuna Sittard,Almere City FC,3,0,3.144790832533232,0.5406286504159871
2024-08-17T14:30:00Z,Eredivisie,SC Heerenveen,FC Utrecht,1,1,1.3800302813606589,1.3722546004900347
2024-08-17T16:45:00Z,Eredivisie,FC Twente '65,Sparta Rotterdam,1,1,1.5807884257742202,1.0028569244603087
2024-08-17T18:00:00Z,Eredivisie,AZ,NEC,1,0,1.486532090963239,0.6414173788294972
2024-08-17T19:00:00Z,Eredivisie,RKC Waalwijk,FC Groningen,1,2,1.5547503091797639,2.881569863627183
2024-08-18T10:15:00Z,Eredivisie,Heracles Almelo,PSV,1,3,1.2989654398637303,3.5833947320656767
2024-08-18T12:30:00Z,Eredivisie,PEC Zwolle,Feyenoord Rotterdam,1,5,1.8515153744148478,5.24575783283048
2024-08-18T12:30:00Z,Eredivisie,Willem II Tilburg,Go Ahead Eagles,2,0,2.147147999033566,0.5133656496713453
2024-08-18T14:45:00Z,Eredivisie,NAC Breda,AFC Ajax,2,1,2.6462680891260155,1.0901657757198946
2024-08-24T16:45:00Z,Eredivisie,NEC,PEC Zwolle,1,0,1.8545673278879884,0.8173882141516378
2024-08-24T18:00:00Z,Eredivisie,Almere City FC,PSV,1,7,1.6442724278246685,7.524553300358861
2024-08-24T19:00:00Z,Eredivisie,NAC Breda,FC Utrecht,1,2,1.439242731880551,1.9695529264740306
2024-08-25T10:15:00Z,Eredivisie,FC Groningen,AZ,0,0,0.34151088600110624,0.4097976918668952
2024-08-25T12:30:00Z,Eredivisie,Heracles Almelo,Willem II Tilburg,1,1,1.8108262953138767,1.6389904530702692
2024-08-25T12:30:00Z,Eredivisie,Sparta Rotterdam,Feyenoord Rotterdam,1,1,1.073107522421498,1.4000857137073432
2024-08-25T14:45:00Z,Eredivisie,Go Ahead Eagles,RKC Waalwijk,2,0,2.208962721886107,0.4172312835679478
2024-08-30T18:00:00Z,Eredivisie,RKC Waalwijk,AZ,0,3,0.3807326703524836,3.1326793378858184
2024-08-31T14:30:00Z,Eredivisie,Almere City FC,FC Groningen,1,1,1.8712961272535995,1.6699622961244969
2024-08-31T16:45:00Z,Eredivisie,Fortuna Sittard,NEC,0,3,0.6139302908122688,3.3054592399942586
2024-08-31T18:00:00Z,Eredivisie,SC Heerenveen,NAC Breda,4,0,4.209586272446926,0.0
2024-08-31T19:00:00Z,Eredivisie,Willem II Tilburg,Sparta Rotterdam,1,2,1.4069076883845288,2.388622788798882
2024-09-01T10:15:00Z,Eredivisie,FC Utrecht,FC Twente '65,2,1,2.3157030567711114,1.794344914671106
2024-09-01T12:30:00Z,Eredivisie,PEC Zwolle,Heracles Almelo,3,0,3.2870633023299396,0.3839211660200158
2024-09-01T14:45:00Z,Eredivisie,PSV,Go Ahead Eagles,3,0,3.7936668675670338,1.021395495537056
2024-09-14T14:30:00Z,Eredivisie,FC Twente '65,PEC Zwolle,1,1,1.0884770612209484,1.628690384564555
2024-09-14T14:30:00Z,Eredivisie,PSV,NEC,2,0,2.982634256720312,0.6016274486841098
2024-09-14T16:45:00Z,Eredivisie,FC Groningen,Feyenoord Rotterdam,2,2,2.7484689070553867,2.4614805202247174
2024-09-14T18:00:00Z,Eredivisie,NAC Breda,Fortuna Sittard,1,0,1.8272585011811093,0.4795141376707128
2024-09-14T19:00:00Z,Eredivisie,AZ,SC Heerenveen,9,1,9.361118146392423,1.4209729094641488
2024-09-15T10:15:00Z,Eredivisie,Sparta Rotterdam,Go Ahead Eagles,1,2,1.4550177842762673,2.409319182375242
2024-09-15T12:30:00Z,Eredivisie,Willem II Tilburg,RKC Waalwijk,3,0,3.0700544556425866,0.6592601486201446
2024-09-15T14:45:00Z,Eredivisie,Heracles Almelo,Almere City FC,0,0,0.3426012778799591,0.21925063106283033
2024-09-17T18:00:00Z,Eredivisie,FC Twente '65,SC Heerenveen,2,0,2.6480964542929453,0.17723185138272213
2024-09-18T18:00:00Z,Eredivisie,AFC Ajax,Fortuna Sittard,5,0,5.888818918534419,0.16304148473738672
2024-09-20T18:00:00Z,Eredivisie,PEC Zwolle,AZ,1,2,1.1678529549592644,3.1136963643031463
2024-09-21T14:30:00Z,Eredivisie,FC Utrecht,Willem II Tilburg,3,2,3.3903482189044203,2.659102870501174
2024-09-21T16:45:00Z,Eredivisie,RKC Waalwijk,Sparta Rotterdam,1,2,1.4546102339302434,2.5913476605040433
2024-09-21T18:00:00Z,Eredivisie,Go Ahead Eagles,AFC Ajax,1,1,1.0812632393422545,1.1827455989119706
2024-09-21T19:00:00Z,Eredivisie,NEC,Heracles Almelo,1,2,1.67740477252752,2.6870026902024486
2024-09-22T10:15:00Z,Eredivisie,SC Heerenveen,FC Groningen,2,1,2.2828029004772175,1.4650285960640015
2024-09-22T12:30:00Z,Eredivisie,Almere City FC,FC Twente '65,0,5,0.44138289464689284,5.564250682339525
2024-09-22T12:30:00Z,Eredivisie,Feyenoord Rotterdam,NAC Breda,2,0,2.364415188426437,0.20701390524093322
2024-09-22T14:45:00Z,Eredivisie,Fortuna Sittard,PSV,1,3,1.2631984482840977,3.548080657225273
2024-09-27T18:00:00Z,Eredivisie,Heracles Almelo,SC Heerenveen,2,1,2.497886504355834,1.372849938538055
2024-09-28T14:30:00Z,Eredivisie,Willem II Tilburg,PSV,0,2,0.4353171264295933,2.2703166528909438
2024-09-28T16:45:00Z,Eredivisie,NEC,Feyenoord Rotterdam,1,1,1.3884426353164003,1.7202319007421747
2024-09-28T19:00:00Z,Eredivisie,Sparta Rotterdam,Fortuna Sittard,1,1,1.281461513495897,1.0386876574409993
2024-09-29T10:15:00Z,Eredivisie,PEC Zwolle,Almere City FC,1,0,1.5958574012348867,0.6694328792942451
2024-09-29T12:30:00Z,Eredivisie,FC Twente '65,NAC Breda,1,0,1.9960851805476856,0.7053458400658988
2024-09-29T12:30:00Z,Eredivisie,FC Groningen,Go Ahead Eagles,0,1,0.5419661698517382,1.2361068973346279
2024-09-29T14:45:00Z,Eredivisie,RKC Waalwijk,AFC Ajax,0,2,0.7988354644733386,2.2539014616602597
2024-09-29T18:00:00Z,Eredivisie,AZ,FC Utrecht,1,2,1.0829334224539613,2.4330922956200793
2024-10-04T18:00:00Z,Eredivisie,Almere City FC,Willem II Tilburg,0,1,0.5473284317881308,1.5846108631386662
2024-10-05T16:45:00Z,Eredivisie,NAC Breda,NEC,1,0,1.17078950430868,0.4541435024557324
2024-10-05T18:00:00Z,Eredivisie,PSV,Sparta Rotterdam,2,1,2.0569225217404297,1.6300687380575638
2024-10-05T19:00:00Z,Eredivisie,FC Utrecht,RKC Waalwijk,3,2,3.2781885777622892,3.02889389576122
2024-10-06T10:15:00Z,Eredivisie,Go Ahead Eagles,Heracles Almelo,4,1,4.857569800324072,1.3476849692550859
2024-10-06T12:30:00Z,Eredivisie,SC Heerenveen,PEC Zwolle,1,1,1.7850047486008938,0.9854460087889738
2024-10-06T12:30:00Z,Eredivisie,Feyenoord Rotterdam,FC Twente '65,2,1,2.57290141661632,1.7477770749091959
2024-10-06T14:45:00Z,Eredivisie,AFC Ajax,FC Groningen,3,1,3.040189832033021,2.004994372778259
2024-10-06T18:00:00Z,Eredivisie,Fortuna Sittard,AZ,1,0,1.441115804583619,0.6178305089153373
2024-10-19T14:30:00Z,Eredivisie,Sparta Rotterdam,Almere City FC,2,2,2.590510002670521,2.1736753973938994
2024-10-19T16:45:00Z,Eredivisie,AZ,PSV,1,2,1.5526608688735792,2.46283229102944
2024-10-19T18:00:00Z,Eredivisie,NEC,SC Heerenveen,3,0,2.946861924955776,0.16444295473651033
2024-10-19T18:00:00Z,Eredivisie,RKC Waalwijk,FC Twente '65,2,2,2.2329046455940382,2.6928566481888843
2024-10-19T19:00:00Z,Eredivisie,Go Ahead Eagles,Feyenoord Rotterdam,1,5,1.480776670755385,5.0946128791904695
2024-10-20T10:15:00Z,Eredivisie,Willem II Tilburg,Fortuna Sittard,0,0,0.6608872728551569,0.40996136395154004
2024-10-20T12:30:00Z,Eredivisie,FC Groningen,FC Utrecht,0,1,0.0,1.1986986521118281
2024-10-20T12:30:00Z,Eredivisie,Heracles Almelo,AFC Ajax,3,4,3.4513628073560425,4.538047405540489
2024-10-20T14:45:00Z,Eredivisie,PEC Zwolle,NAC Breda,1,2,1.5429146309636859,2.390097496858673
2024-10-25T18:00:00Z,Eredivisie,Almere City FC,NEC,1,0,1.754883596554864,0.5530286309750791
2024-10-26T14:30:00Z,Eredivisie,Fortuna Sittard,FC Groningen,1,0,1.7078572752712309,0.5067051664899097
2024-10-26T16:45:00Z,Eredivisie,PSV,PEC Zwolle,6,0,6.674771395642642,0.2040022916827669
2024-10-26T18:00:00Z,Eredivisie,NAC Breda,RKC Waalwijk,4,1,4.2600178479894195,1.6880631190587065
2024-10-26T19:00:00Z,Eredivisie,SC Heerenveen,Sparta Rotterdam,2,0,1.9275993588630076,0.4853703044470654
2024-10-27T11:15:00Z,Eredivisie,FC Utrecht,Feyenoord Rotterdam,0,2,0.3820841728815797,2.20344129764023
2024-10-27T13:30:00Z,Eredivisie,FC Twente '65,Heracles Almelo,5,0,5.800489547562568,1.1722779668617376
2024-10-27T15:45:00Z,Eredivisie,AFC Ajax,Willem II Tilburg,1,0,1.9180363582573294,0.6429290500151374
2024-10-27T19:00:00Z,Eredivisie,AZ,Go Ahead Eagles,2,2,2.7131647306893356,2.4540218339802085
2024-10-30T17:00:00Z,Eredivisie,Feyenoord Rotterdam,AFC Ajax,0,2,0.6288022468405203,2.924561358010547
2024-11-02T15:30:00Z,Eredivisie,Willem II Tilburg,FC Twente '65,0,1,0.6138918945157896,2.052544682815982
2024-11-02T17:45:00Z,Eredivisie,Heracles Almelo,NAC Breda,2,0,2.3331643759717657,0.45639517330583446
2024-11-02T17:45:00Z,Eredivisie,AFC Ajax,PSV,3,2,3.460981911933914,2.6042192459304285
2024-11-02T20:00:00Z,Eredivisie,Feyenoord Rotterdam,AZ,3,2,4.000720857747899,2.2035991545991176
2024-11-02T20:00:00Z,Eredivisie,Fortuna Sittard,SC Heerenveen,3,0,3.217232598262437,0.45584217476959654
2024-11-03T11:15:00Z,Eredivisie,Go Ahead Eagles,PEC Zwolle,2,2,2.9844336372129554,2.440281233872039
2024-11-03T13:30:00Z,Eredivisie,NEC,FC Groningen,6,0,6.403391553652383,0.5554481100864962
2024-11-03T13:30:00Z,Eredivisie,Sparta Rotterdam,FC Utrecht,1,4,1.8976296327285236,4.599828143591103
2024-11-03T15:45:00Z,Eredivisie,RKC Waalwijk,Almere City FC,2,0,2.0779554971507386,0.667948534648418
2024-11-08T19:00:00Z,Eredivisie,FC Utrecht,Heracles Almelo,1,0,1.6757712603493946,0.5712927968899877
2024-11-09T15:30:00Z,Eredivisie,FC Groningen,Sparta Rotterdam,1,0,1.2789689592157134,0.13677721201125065
2024-11-09T17:45:00Z,Eredivisie,PEC Zwolle,Fortuna Sittard,3,1,3.0754198424227437,1.2184598682776746
2024-11-09T19:00:00Z,Eredivisie,NAC Breda,PSV,0,3,0.5655602127232837,3.336077714160898
2024-11-09T20:00:00Z,Eredivisie,RKC Waalwijk,NEC,0,3,0.8028415365787906,3.4153278224230315
2024-11-10T11:15:00Z,Eredivisie,Almere City FC,Feyenoord Rotterdam,1,4,1.2465175684219512,4.815232287141634
2024-11-10T13:30:00Z,Eredivisie,SC Heerenveen,Go Ahead Eagles,1,0,1.0502952118624798,0.15111830394412612
2024-11-10T13:30:00Z,Eredivisie,FC Twente '65,AFC Ajax,2,2,2.4724465706995136,2.39277548554879
2024-11-10T15:45:00Z,Eredivisie,AZ,Willem II Tilburg,1,2,1.4737694013668456,2.7859028494642146
2024-11-23T15:30:00Z,Eredivisie,Go Ahead Eagles,Almere City FC,3,0,3.66449588826635,0.4100367576510163
2024-11-23T17:45:00Z,Eredivisie,Feyenoord Rotterdam,SC Heerenveen,3,0,3.7848783714093464,0.6381246949528472
2024-11-23T17:45:00Z,Eredivisie,Heracles Almelo,RKC Waalwijk,2,2,2.482175445618252,2.4581373871216288
2024-11-23T20:00:00Z,Eredivisie,PSV,FC Groningen,5,0,6.056650994438279,0.5770349771974168
2024-11-23T20:00:00Z,Eredivisie,Fortuna Sittard,FC Twente '65,1,2,1.5672704233605876,2.431458236857138
2024-11-24T11:15:00Z,Eredivisie,NEC,FC Utrecht,1,2,1.39607204819793,2.7001196418185063
2024-11-24T13:30:00Z,Eredivisie,Sparta Rotterdam,AZ,1,2,1.0165297922691516,2.0364830777780694
2024-11-24T13:30:00Z,Eredivisie,Willem II Tilburg,NAC Breda,2,2,2.4212021439051497,2.3910063974834364
2024-11-24T15:45:00Z,Eredivisie,AFC Ajax,PEC Zwolle,2,0,2.399083916376659,0.5889718030082924
2024-11-29T19:00:00Z,Eredivisie,SC Heerenveen,RKC Waalwijk,1,1,1.788091438884441,1.6601085744018578
2024-11-30T15:30:00Z,Eredivisie,NAC Breda,Almere City FC,1,0,1.6387450872200562,0.9478857868261483
2024-11-30T17:45:00Z,Eredivisie,FC Groningen,Willem II Tilburg,2,0,2.1461892635102147,0.3826925999403271
2024-11-30T19:00:00Z,Eredivisie,Feyenoord Rotterdam,Fortuna Sittard,1,1,1.5516763159233111,1.943844528558262
2024-11-30T20:00:00Z,Eredivisie,PEC Zwolle,Sparta Rotterdam,1,0,1.701459351518716,0.3022928520020989
2024-12-01T11:15:00Z,Eredivisie,FC Utrecht,PSV,2,5,2.95840940781635,5.898593923463393
2024-12-01T13:30:00Z,Eredivisie,AZ,Heracles Almelo,1,0,1.7662511902242177,0.7452401380095117
2024-12-01T13:30:00Z,Eredivisie,FC Twente '65,Go Ahead Eagles,3,2,3.7282539962934433,2.2259624261103332
2024-12-01T15:45:00Z,Eredivisie,NEC,AFC Ajax,1,2,1.518025798384549,2.5921117711755466
2024-12-04T19:00:00Z,Eredivisie,AFC Ajax,FC Utrecht,2,2,2.616493601627035,2.4846292493403426
2024-12-06T19:00:00Z,Eredivisie,PSV,FC Twente '65,6,1,6.874851470211848,1.6876753781025
2024-12-07T15:30:00Z,Eredivisie,Go Ahead Eagles,NEC,5,0,5.100166780756105,0.43301852347000713
2024-12-07T17:45:00Z,Eredivisie,Sparta Rotterdam,NAC Breda,0,2,0.39516820183491325,2.4078261323014805
2024-12-07T19:00:00Z,Eredivisie,RKC Waalwijk,Feyenoord Rotterdam,2,3,2.268229375373128,3.9107283748288553
2024-12-07T20:00:00Z,Eredivisie,Heracles Almelo,Fortuna Sittard,2,2,2.613745935617837,2.470383731663298
2024-12-08T11:15:00Z,Eredivisie,FC Groningen,PEC Zwolle,0,0,0.8690666526952362,0.7479266972575299
2024-12-08T13:30:00Z,Eredivisie,AZ,AFC Ajax,2,1,2.320907713983678,1.43239455448674
2024-12-08T13:30:00Z,Eredivisie,Willem II Tilburg,SC Heerenveen,1,2,0.7829086897591686,2.999998977768257
2024-12-08T15:45:00Z,Eredivisie,Almere City FC,FC Utrecht,1,3,1.3763337764926589,3.296499611199352
2024-12-13T19:00:00Z,Eredivisie,PEC Zwolle,Willem II Tilburg,0,1,0.774042119605222,1.3157569406258447
2024-12-14T17:45:00Z,Eredivisie,SC Heerenveen,PSV,1,0,1.6612889708849639,0.9573551543347709
2024-12-14T19:00:00Z,Eredivisie,Fortuna Sittard,RKC Waalwijk,3,2,3.6284558743431727,2.366516082731424
2024-12-14T20:00:00Z,Eredivisie,Feyenoord Rotterdam,Heracles Almelo,5,2,5.416002009437656,2.9803222918493177
2024-12-15T11:15:00Z,Eredivisie,FC Utrecht,Go Ahead Eagles,3,3,3.116290779134064,3.767552173878444
2024-12-15T13:30:00Z,Eredivisie,NEC,Sparta Rotterdam,1,1,1.6545882964873402,1.45360508803175
2024-12-15T13:30:00Z,Eredivisie,FC Twente '65,FC Groningen,2,0,2.2497154569896125,0.0
2024-12-15T15:45:00Z,Eredivisie,AFC Ajax,Almere City FC,3,0,4.155229020014136,0.4942045087184493
2024-12-15T19:00:00Z,Eredivisie,NAC Breda,AZ,1,2,1.6711521625063548,2.5304890160600273
2024-12-20T19:00:00Z,Eredivisie,RKC Waalwijk,PEC Zwolle,1,1,1.3258055092338146,1.850165319991312
2024-12-21T15:30:00Z,Eredivisie,Go Ahead Eagles,NAC Breda,2,1,2.3165844257834114,1.9765341528720335
2024-12-21T17:45:00Z,Eredivisie,Almere City FC,SC Heerenveen,3,0,3.4721167380159237,0.29450384625687576
2024-12-21T19:00:00Z,Eredivisie,AZ,FC Twente '65,1,0,1.428149423393475,0.7403545291964548
2024-12-22T11:15:00Z,Eredivisie,Sparta Rotterdam,AFC Ajax,0,2,0.8350501326589863,2.7296206468040047
2024-12-22T13:30:00Z,Eredivisie,FC Utrecht,Fortuna Sittard,2,5,2.5559248509232138,5.822023810723134
2024-12-22T13:30:00Z,Eredivisie,PSV,Feyenoord Rotterdam,3,0,3.2805104783274417,0.6496069736406633
2024-12-22T15:45:00Z,Eredivisie,Willem II Tilburg,NEC,4,1,5.067132205546734,0.9172506927114691
2025-01-10T19:00:00Z,Eredivisie,Fortuna Sittard,Go Ahead Eagles,0,3,0.5147924994560668,3.453373270241672
2025-01-11T15:30:00Z,Eredivisie,Heracles Almelo,Sparta Rotterdam,1,1,1.730651902790669,1.1532877275249254
2025-01-11T17:45:00Z,Eredivisie,AFC Ajax,RKC Waalwijk,2,1,2.3175320477665724,1.439218268124578
2025-01-11T19:00:00Z,Eredivisie,PEC Zwolle,NEC,0,1,0.6089346883233571,1.7940012708401682
2025-01-11T20:00:00Z,Eredivisie,PSV,AZ,2,2,2.5933329973429586,2.5915452507624916
2025-01-12T11:15:00Z,Eredivisie,FC Twente '65,Willem II Tilburg,6,2,5.933105212371154,2.8444272599192297
2025-01-12T13:30:00Z,Eredivisie,FC Groningen,Almere City FC,0,0,1.104582533138192,0.6025261762140618
2025-01-12T13:30:00Z,Eredivisie,Feyenoord Rotterdam,FC Utrecht,1,2,1.887193338276764,2.110502218099329
2025-01-12T15:45:00Z,Eredivisie,NAC Breda,SC Heerenveen,2,4,2.380841405156204,3.7437458980281795
2025-01-18T15:30:00Z,Eredivisie,PEC Zwolle,PSV,3,1,3.169319077863243,1.544642628503877
2025-01-18T17:45:00Z,Eredivisie,FC Utrecht,AZ,0,0,0.6042684841410656,0.4358220600946504
2025-01-18T19:00:00Z,Eredivisie,Willem II Tilburg,Feyenoord Rotterdam,1,1,1.5260093098243188,1.2069162781854355
2025-01-18T20:00:00Z,Eredivisie,Go Ahead Eagles,FC Groningen,2,1,2.6067006845689686,0.9898118251045867
2025-01-19T11:15:00Z,Eredivisie,NAC Breda,FC Twente '65,2,1,2.557473218858227,1.2795770359581873
2025-01-19T13:30:00Z,Eredivisie,Almere City FC,Heracles Almelo,0,2,0.6518722967917778,2.441652554540567
2025-01-19T13:30:00Z,Eredivisie,SC Heerenveen,AFC Ajax,0,2,0.934191709817542,2.699763347111917
2025-01-19T15:45:00Z,Eredivisie,NEC,Fortuna Sittard,4,1,4.670430961538594,1.5565893244703939
2025-01-19T19:00:00Z,Eredivisie,Sparta Rotterdam,RKC Waalwijk,1,1,1.1851033503270176,1.9824201741518186
2025-01-24T19:00:00Z,Eredivisie,Heracles Almelo,FC Utrecht,1,1,1.9087688558137357,1.1893187831863816
2025-01-25T17:45:00Z,Eredivisie,PSV,NAC Breda,3,2,3.992184369046486,2.76431766761723
2025-01-25T20:15:00Z,Eredivisie,FC Groningen,SC Heerenveen,1,0,2.4456170203536254,0.5141896229386184
2025-01-26T11:15:00Z,Eredivisie,Fortuna Sittard,PEC Zwolle,1,4,1.1629517900281205,4.708400737235575
2025-01-26T13:30:00Z,Eredivisie,RKC Waalwijk,Willem II Tilburg,2,0,2.5728646039450824,0.36904554102033693
2025-01-26T15:45:00Z,Eredivisie,AZ,Sparta Rotterdam,1,2,0.8753703890433039,2.821504112167177
2025-01-28T19:00:00Z,Eredivisie,Heracles Almelo,FC Groningen,1,1,1.6659447469137627,1.5885674275035728
2025-01-31T19:00:00Z,Eredivisie,NAC Breda,Heracles Almelo,1,1,1.3355399105499681,1.2961665045246753
2025-02-01T17:45:00Z,Eredivisie,PEC Zwolle,FC Utrecht,3,3,4.077033738447486,3.4963927913260435
2025-02-01T19:00:00Z,Eredivisie,SC Heerenveen,Fortuna Sittard,2,2,2.2676155089944254,2.42813324231887
2025-02-01T20:00:00Z,Eredivisie,NEC,PSV,3,3,2.9932450886098216,3.646753505191338
2025-02-02T11:15:00Z,Eredivisie,Almere City FC,RKC Waalwijk,1,4,1.3586208777892441,4.146066975187647
2025-02-02T13:30:00Z,Eredivisie,AFC Ajax,Feyenoord Rotterdam,2,1,1.9073536686348587,1.4911944893652915
2025-02-02T13:30:00Z,Eredivisie,Go Ahead Eagles,FC Twente '65,2,2,2.725329836352193,2.618592175794799
2025-02-02T15:45:00Z,Eredivisie,Sparta Rotterdam,FC Groningen,1,0,0.8804750861231039,0.50990699215791
2025-02-02T19:00:00Z,Eredivisie,Willem II Tilburg,AZ,0,2,0.5085372743549477,2.9040823733166987
2025-02-08T15:30:00Z,Eredivisie,Heracles Almelo,Go Ahead Eagles,4,2,3.876656454043141,2.7322068322213156
2025-02-08T17:45:00Z,Eredivisie,PSV,Willem II Tilburg,1,1,1.4039106586390075,1.497755760977776
2025-02-08T19:00:00Z,Eredivisie,FC Groningen,NEC,2,1,2.9930134467413603,1.565006729249302
2025-02-08T20:00:00Z,Eredivisie,Feyenoord Rotterdam,Sparta Rotterdam,3,0,3.6081943674307384,0.5886996654445998
2025-02-09T11:15:00Z,Eredivisie,FC Utrecht,Almere City FC,0,1,0.24095191851051984,1.6209898812500472
2025-02-09T13:30:00Z,Eredivisie,Fortuna Sittard,AFC Ajax,0,2,0.4906389533182748,1.9523026013006177
2025-02-09T13:30:00Z,Eredivisie,RKC Waalwijk,NAC Breda,5,0,5.505405061613334,0.4095421112691959
2025-02-09T15:45:00Z,Eredivisie,AZ,PEC Zwolle,2,0,2.6417891037530215,0.05466827954197212
2025-02-09T15:45:00Z,Eredivisie,SC Heerenveen,FC Twente '65,3,3,3.0899424910157522,3.883484284237846
2025-02-14T19:00:00Z,Eredivisie,Go Ahead Eagles,Sparta Rotterdam,1,0,1.677770182154199,0.48174514399912166
2025-02-15T15:30:00Z,Eredivisie,PSV,FC Utrecht,2,2,1.6886825105191674,2.441997715096113
2025-02-15T17:45:00Z,Eredivisie,NAC Breda,Feyenoord Rotterdam,0,0,0.31103463429085687,0.7690391996099706
2025-02-15T20:00:00Z,Eredivisie,Willem II Tilburg,FC Groningen,1,3,1.3535178472645366,3.6266974392349622
2025-02-16T11:15:00Z,Eredivisie,NEC,Almere City FC,2,2,2.6899980478213714,2.1614096456862377
2025-02-16T13:30:00Z,Eredivisie,PEC Zwolle,SC Heerenveen,1,1,1.506789255803061,1.4787283912417895
2025-02-16T13:30:00Z,Eredivisie,FC Twente '65,RKC Waalwijk,2,0,2.078331083843114,0.3994499080320846
2025-02-16T15:45:00Z,Eredivisie,AFC Ajax,Heracles Almelo,4,0,4.204502062254895,0.0
2025-02-22T19:00:00Z,Eredivisie,Feyenoord Rotterdam,Almere City FC,2,1,2.559604002864222,1.2929171300288385
2025-02-23T13:30:00Z,Eredivisie,AFC Ajax,Go Ahead Eagles,2,0,2.476279797440633,0.44493790339506034
2025-02-23T13:30:00Z,Eredivisie,FC Twente '65,NEC,2,0,2.326262767109276,0.46551472055244725
2025-02-23T15:45:00Z,Eredivisie,AZ,Fortuna Sittard,1,0,1.3557498631464062,0.05533057289680743
2025-02-28T19:00:00Z,Eredivisie,RKC Waalwijk,Fortuna Sittard,1,2,1.7088503991477868,2.845499674914243
2025-03-01T15:30:00Z,Eredivisie,FC Utrecht,NAC Breda,1,0,1.3446922281392357,0.4693690823325683
2025-03-01T17:45:00Z,Eredivisie,Go Ahead Eagles,PSV,3,2,3.473572626791278,2.511265922998169
2025-03-01T19:00:00Z,Eredivisie,FC Groningen,FC Twente '65,1,1,2.150980976424163,1.620192491501951
2025-03-01T20:00:00Z,Eredivisie,Feyenoord Rotterdam,NEC,0,0,0.0728952089348231,0.26357712382889864
2025-03-02T11:15:00Z,Eredivisie,SC Heerenveen,AZ,3,1,2.9444471805276025,1.6369067919398088
2025-03-02T13:30:00Z,Eredivisie,Almere City FC,AFC Ajax,0,1,0.735076899439582,1.389877606194545
2025-03-02T13:30:00Z,Eredivisie,Heracles Almelo,PEC Zwolle,4,2,4.296407081611769,2.2310243378058425
2025-03-02T15:45:00Z,Eredivisie,Sparta Rotterdam,Willem II Tilburg,4,0,4.404528741677214,0.6720342480066197
2025-03-07T19:00:00Z,Eredivisie,NAC Breda,Sparta Rotterdam,1,1,1.2656530865606657,1.9475021576405422
2025-03-08T15:30:00Z,Eredivisie,Fortuna Sittard,Heracles Almelo,1,0,1.4220599577697461,0.7174488120457495
2025-03-08T19:00:00Z,Eredivisie,PSV,SC Heerenveen,2,1,2.9795614336289025,1.7768932695421293
2025-03-09T11:15:00Z,Eredivisie,Willem II Tilburg,FC Utrecht,2,3,2.740638537585436,3.34381081803131
2025-03-09T13:30:00Z,Eredivisie,NEC,Go Ahead Eagles,2,3,2.758667053566093,3.020714081249463
2025-03-09T13:30:00Z,Eredivisie,PEC Zwolle,AFC Ajax,0,1,0.07513188326220638,1.9470412566299524
2025-03-09T15:45:00Z,Eredivisie,FC Twente '65,Almere City FC,1,0,1.1546538790341392,1.116354466821428
2025-03-14T19:00:00Z,Eredivisie,Almere City FC,NAC Breda,1,1,0.648276402154372,1.9628420321309046
2025-03-15T15:30:00Z,Eredivisie,FC Utrecht,NEC,0,1,0.2571857536751738,1.399264218306075
2025-03-15T17:45:00Z,Eredivisie,Sparta Rotterdam,PEC Zwolle,1,1,1.7870109559156975,1.1536096983813469
2025-03-15T19:00:00Z,Eredivisie,RKC Waalwijk,PSV,0,3,0.6550839547245113,3.18029519065413
2025-03-15T20:00:00Z,Eredivisie,SC Heerenveen,Heracles Almelo,1,1,1.433546021114363,0.9948802297157854
2025-03-16T11:15:00Z,Eredivisie,Go Ahead Eagles,Willem II Tilburg,1,0,1.493309914884584,0.4677864144769864
2025-03-16T13:30:00Z,Eredivisie,FC Groningen,Fortuna Sittard,1,0,1.2933343372273782,0.9817033874247363
2025-03-16T13:30:00Z,Eredivisie,FC Twente '65,Feyenoord Rotterdam,2,6,2.561427664720535,6.457501210438327
2025-03-16T15:45:00Z,Eredivisie,AFC Ajax,AZ,2,2,2.7297634838441844,2.5906968701044826
2025-03-29T15:30:00Z,Eredivisie,NAC Breda,FC Groningen,1,1,1.0152339637768582,1.9126790892912626
2025-03-29T17:45:00Z,Eredivisie,Fortuna Sittard,Sparta Rotterdam,0,3,0.5898943063512044,3.37877140645028
2025-03-29T17:45:00Z,Eredivisie,Willem II Tilburg,Almere City FC,0,2,0.7797304612864002,3.1106594370158787
2025-03-29T20:00:00Z,Eredivisie,NEC,AZ,3,3,3.3754699133109893,4.097628322249236
2025-03-29T20:00:00Z,Eredivisie,PEC Zwolle,RKC Waalwijk,2,0,2.710210183636175,0.4606665983958552
2025-03-30T10:15:00Z,Eredivisie,FC Utrecht,SC Heerenveen,2,0,3.344396333341766,0.3267397207942362
2025-03-30T12:30:00Z,Eredivisie,Heracles Almelo,FC Twente '65,2,1,2.4686971621039326,1.709171413917094
2025-03-30T12:30:00Z,Eredivisie,PSV,AFC Ajax,0,2,0.6179921150015971,2.3957425172443427
2025-03-30T14:45:00Z,Eredivisie,Feyenoord Rotterdam,Go Ahead Eagles,3,2,3.2785828749015824,2.153033434879799
2025-04-01T18:00:00Z,Eredivisie,AZ,RKC Waalwijk,2,2,2.5543753487806153,2.8843715960568943
2025-04-02T18:00:00Z,Eredivisie,Feyenoord Rotterdam,FC Groningen,4,1,4.638081487494691,1.864934216183124
2025-04-04T18:00:00Z,Eredivisie,SC Heerenveen,Willem II Tilburg,3,1,3.5584527020810413,1.5466534811290682
2025-04-05T14:30:00Z,Eredivisie,AZ,Feyenoord Rotterdam,0,1,0.194091404087343,1.1211405738815468
2025-04-05T16:45:00Z,Eredivisie,FC Twente '65,Fortuna Sittard,1,1,1.561908531397635,1.1311421246347841
2025-04-05T18:00:00Z,Eredivisie,FC Groningen,PSV,1,3,1.938658781615291,3.532168786525746
2025-04-05T19:00:00Z,Eredivisie,Almere City FC,PEC Zwolle,2,2,2.6345907293543585,2.3500386896484904
2025-04-06T10:15:00Z,Eredivisie,RKC Waalwijk,Heracles Almelo,0,0,0.7885961567215523,0.39767212035751753
2025-04-06T12:30:00Z,Eredivisie,Go Ahead Eagles,FC Utrecht,2,2,2.4288964089962115,2.806588946518001
2025-04-06T12:30:00Z,Eredivisie,Sparta Rotterdam,NEC,2,0,2.724970071827113,0.7199537952267673
2025-04-06T14:45:00Z,Eredivisie,AFC Ajax,NAC Breda,3,1,3.5837803514649575,1.913442804149284
2025-04-11T18:00:00Z,Eredivisie,NEC,RKC Waalwijk,2,1,2.2147267810938303,1.2028130329868227
2025-04-12T14:30:00Z,Eredivisie,Fortuna Sittard,Feyenoord Rotterdam,0,2,0.5955563014396623,2.3970425293939863
2025-04-12T16:45:00Z,Eredivisie,Sparta Rotterdam,SC Heerenveen,3,1,3.202491000967907,1.7276945086380338
2025-04-12T18:00:00Z,Eredivisie,PSV,Almere City FC,5,0,5.310135917534563,0.6344235023038676
2025-04-12T19:00:00Z,Eredivisie,NAC Breda,Go Ahead Eagles,1,1,1.5567984921877123,1.9597141147762867
2025-04-13T10:15:00Z,Eredivisie,FC Utrecht,FC Groningen,3,1,3.589173282014037,1.6261610117712206
2025-04-13T12:30:00Z,Eredivisie,Heracles Almelo,AZ,1,0,1.1432302604768614,1.0544327312316657
2025-04-13T12:30:00Z,Eredivisie,PEC Zwolle,FC Twente '65,1,1,1.816195731354863,1.6620053405169422
2025-04-13T14:45:00Z,Eredivisie,Willem II Tilburg,AFC Ajax,1,2,1.6716018834901418,2.818650234276598
2025-04-19T18:00:00Z,Eredivisie,SC Heerenveen,Almere City FC,2,1,2.288581469316735,1.4029455159646629
2025-04-20T10:15:00Z,Eredivisie,FC Utrecht,AFC Ajax,4,0,4.038724561065248,0.5042861635651967
2025-04-23T18:00:00Z,Eredivisie,FC Groningen,Heracles Almelo,4,1,4.456528626275571,1.7732833211518426
2025-04-24T16:45:00Z,Eredivisie,AZ,NAC Breda,1,1,1.366216885841652,1.9838934511779163
2025-04-24T19:00:00Z,Eredivisie,FC Twente '65,PSV,1,3,1.5339421371159068,3.718771084793226
2025-04-25T16:45:00Z,Eredivisie,RKC Waalwijk,FC Utrecht,0,4,0.39106500165333,4.475048468419614
2025-04-25T19:00:00Z,Eredivisie,Feyenoord Rotterdam,PEC Zwolle,4,0,3.897762941776497,0.9132005088585025
2025-04-27T10:15:00Z,Eredivisie,Fortuna Sittard,Willem II Tilburg,1,0,1.3834959185096525,0.0
2025-04-27T12:30:00Z,Eredivisie,AFC Ajax,Sparta Rotterdam,1,1,1.408314266679506,1.0733296495479379
2025-04-27T12:30:00Z,Eredivisie,SC Heerenveen,NEC,1,0,1.6900983074322176,0.7044902671005167
2025-04-27T14:45:00Z,Eredivisie,Almere City FC,Go Ahead Eagles,0,0,0.2905400976166851,0.5042325068759375
2025-05-03T14:30:00Z,Eredivisie,NEC,Willem II Tilburg,1,1,2.00360240201177,1.6816540953372496
2025-05-03T16:45:00Z,Eredivisie,Heracles Almelo,Feyenoord Rotterdam,1,4,0.9265078348044729,4.519322256729582
2025-05-03T18:00:00Z,Eredivisie,FC Groningen,RKC Waalwijk,6,1,6.893350249340787,1.6712837083811618
2025-05-03T19:00:00Z,Eredivisie,PSV,Fortuna Sittard,4,1,4.432704308736569,1.2556791537020429
2025-05-04T10:15:00Z,Eredivisie,NAC Breda,PEC Zwolle,1,3,1.7578754617030667,3.671145825823907
2025-05-04T12:30:00Z,Eredivisie,Go Ahead Eagles,AZ,0,3,0.52394044521762,3.7983243584622755
2025-05-04T12:30:00Z,Eredivisie,Sparta Rotterdam,FC Twente '65,0,2,0.8418666608076408,2.86616518117937
2025-05-09T18:00:00Z,Eredivisie,Willem II Tilburg,Heracles Almelo,1,2,1.3837914106341567,3.10406628839461
2025-05-10T14:30:00Z,Eredivisie,RKC Waalwijk,SC Heerenveen,3,1,3.170413872446656,1.573229533050716
2025-05-10T16:45:00Z,Eredivisie,Fortuna Sittard,NAC Breda,1,0,1.926151286181319,0.5821733260541537
2025-05-10T19:00:00Z,Eredivisie,Almere City FC,Sparta Rotterdam,0,3,0.46595580623535765,3.0430482607478457
2025-05-11T10:15:00Z,Eredivisie,PEC Zwolle,Go Ahead Eagles,1,1,1.5664675420872631,1.3405765796584725
2025-05-11T12:30:00Z,Eredivisie,Feyenoord Rotterdam,PSV,2,3,2.8704255742134386,3.442075377798016
2025-05-11T12:30:00Z,Eredivisie,FC Twente '65,FC Utrecht,2,0,2.1904134273716696,0.8150958656829066
2025-05-11T14:45:00Z,Eredivisie,AFC Ajax,NEC,0,3,0.6786472692917772,3.3166996627731113
2025-05-11T14:45:00Z,Eredivisie,AZ,FC Groningen,3,0,3.3230315730611326,0.7389020059246497
2025-05-14T18:00:00Z,Eredivisie,Almere City FC,Fortuna Sittard,1,1,1.4603491933066883,1.499513484910986
2025-05-14T18:00:00Z,Eredivisie,FC Groningen,AFC Ajax,2,2,2.5216836896152865,2.4468495654655715
2025-05-14T18:00:00Z,Eredivisie,FC Utrecht,Sparta Rotterdam,1,1,1.0499334415659192,1.5746681907399769
2025-05-14T18:00:00Z,Eredivisie,Feyenoord Rotterdam,RKC Waalwijk,2,0,2.2663488871538697,0.38265308832414724
2025-05-14T18:00:00Z,Eredivisie,Go Ahead Eagles,SC Heerenveen,1,0,1.9053218677239419,0.37128882557220033
2025-05-14T18:00:00Z,Eredivisie,NEC,NAC Breda,3,0,3.765857356575439,0.0
2025-05-14T18:00:00Z,Eredivisie,PSV,Heracles Almelo,4,1,4.48120812680183,1.4256137378016331
2025-05-14T18:00:00Z,Eredivisie,FC Twente '65,AZ,2,3,2.572937037553868,3.356009556155382
2025-05-14T18:00:00Z,Eredivisie,Willem II Tilburg,PEC Zwolle,1,2,1.4117272483090626,2.345205703195276
2025-05-18T12:30:00Z,Eredivisie,AFC Ajax,FC Twente '65,2,0,2.9069750157483947,0.6250619187770121
2025-05-18T12:30:00Z,Eredivisie,AZ,Almere City FC,1,1,1.439894226661751,1.6975895858371528
2025-05-18T12:30:00Z,Eredivisie,Fortuna Sittard,FC Utrecht,0,0,0.5695526276404544,0.5696583513926983
2025-05-18T12:30:00Z,Eredivisie,Heracles Almelo,NEC,1,2,1.8438090432426195,2.7986245571348425
2025-05-18T12:30:00Z,Eredivisie,NAC Breda,Willem II Tilburg,1,1,1.266788554546228,1.6726685777491095
2025-05-18T12:30:00Z,Eredivisie,PEC Zwolle,FC Groningen,2,0,2.9676367553490683,0.41148314305830735
2025-05-18T12:30:00Z,Eredivisie,RKC Waalwijk,Go Ahead Eagles,5,3,5.040861577076987,3.361143114285686
2025-05-18T12:30:00Z,Eredivisie,SC Heerenveen,Feyenoord Rotterdam,2,0,2.9888926393338395,0.593846671030054
2025-05-18T12:30:00Z,Eredivisie,Sparta Rotterdam,PSV,1,3,1.3881973248144077,3.6721301329705702
2023-08-11T19:15:00Z,Primeira Liga,Sporting Clube de Braga,FC Famalicão,1,2,1.4271903756524154,2.9193532921094496
2023-08-12T14:30:00Z,Primeira Liga,Gil Vicente FC,Portimonense SC,5,0,4.932996948645117,0.8573519134820287
2023-08-12T17:00:00Z,Primeira Liga,SC Farense,Casa Pia AC,0,3,0.36356158478669215,3.3375580980478494
2023-08-12T19:30:00Z,Primeira Liga,Sporting Clube de Portugal,FC Vizela,3,2,3.1880580406919345,2.4693981159618215
2023-08-13T14:30:00Z,Primeira Liga,Rio Ave FC,GD Chaves,2,0,2.3177060963879583,0.701305341475331
2023-08-13T17:00:00Z,Primeira Liga,CF Estrela da Amadora,Vitória SC,0,1,0.45880671026333614,1.8203993334176916
2023-08-13T19:30:00Z,Primeira Liga,FC Arouca,GD Estoril Praia,4,3,4.7873374843418715,3.7816908406114376
2023-08-14T17:45:00Z,Primeira Liga,Moreirense FC,FC Porto,1,2,1.5622810054201879,2.480836650150596
2023-08-14T19:45:00Z,Primeira Liga,Boavista FC,Sport Lisboa e Benfica,3,2,3.592302996020334,2.123793204271445
2023-08-18T19:15:00Z,Primeira Liga,Casa Pia AC,Sporting Clube de Portugal,1,2,1.1713441833463314,2.2003190871263225
2023-08-19T14:30:00Z,Primeira Liga,Vitória SC,Gil Vicente FC,2,1,2.235773773119181,1.5817900542958243
2023-08-19T17:00:00Z,Primeira Liga,GD Chaves,Sporting Clube de Braga,2,4,3.039617505505394,4.602667673827304
2023-08-19T19:30:00Z,Primeira Liga,Sport Lisboa e Benfica,CF Estrela da Amadora,2,0,2.279439689571026,0.17039618796968453
2023-08-19T19:30:00Z,Primeira Liga,Portimonense SC,Boavista FC,1,4,1.9968624756171887,4.513370883266782
2023-08-20T14:30:00Z,Primeira Liga,GD Estoril Praia,Rio Ave FC,2,0,2.4270816403357403,0.6893673070915349
2023-08-20T17:00:00Z,Primeira Liga,FC Porto,SC Farense,2,1,2.5006863808430513,1.1546320027478567
2023-08-20T19:30:00Z,Primeira Liga,FC Vizela,FC Arouca,2,2,2.821109548068979,2.8314991605413242
2023-08-21T19:15:00Z,Primeira Liga,FC Famalicão,Moreirense FC,0,0,0.8815677265815969,0.38674065543205244
2023-08-25T19:15:00Z,Primeira Liga,CF Estrela da Amadora,GD Estoril Praia,2,1,2.466756231916274,1.8772839337729952
2023-08-26T14:30:00Z,Primeira Liga,FC Arouca,Portimonense SC,1,1,1.3835270839435383,1.3399642662672298
2023-08-26T17:00:00Z,Primeira Liga,SC Farense,GD Chaves,5,0,5.483223865443336,0.1920123551347463
2023-08-26T19:30:00Z,Primeira Liga,Gil Vicente FC,Sport Lisboa e Benfica,2,3,2.6013872584696354,3.3625589030474843
2023-08-27T14:30:00Z,Primeira Liga,Boavista FC,Casa Pia AC,1,1,1.7673911060609266,1.471455563076804
2023-08-27T17:00:00Z,Primeira Liga,Vitória SC,FC Vizela,2,0,2.5012689576982456,0.3834560279685557
2023-08-27T19:30:00Z,Primeira Liga,Sporting Clube de Portugal,FC Famalicão,1,0,1.685665889406946,0.435199573528066
2023-08-28T19:15:00Z,Primeira Liga,Rio Ave FC,FC Porto,1,2,1.9915079196812822,2.6001895449028574
2023-09-01T19:15:00Z,Primeira Liga,FC Vizela,Gil Vicente FC,1,0,1.6143928836794355,0.44864618906108017
2023-09-02T14:30:00Z,Primeira Liga,Casa Pia AC,Rio Ave FC,1,1,1.5934958568014335,1.480166281814398
2023-09-02T17:00:00Z,Primeira Liga,FC Famalicão,SC Farense,1,0,1.0443267524729798,0.0
2023-09-02T17:00:00Z,Primeira Liga,Portimonense SC,CF Estrela da Amadora,1,1,0.710780958951281,1.6175094048031418
2023-09-02T19:30:00Z,Primeira Liga,Sport Lisboa e Benfica,Vitória SC,4,0,4.616512718769051,0.47323901069249963
2023-09-03T14:30:00Z,Primeira Liga,GD Chaves,Moreirense FC,1,2,1.4715527306157383,2.9830878941448615
2023-09-03T14:30:00Z,Primeira Liga,GD Estoril Praia,Boavista FC,1,2,1.3455651975255774,2.2181304498238124
2023-09-03T17:00:00Z,Primeira Liga,FC Porto,FC Arouca,1,1,1.5730590612559034,0.9575114014501457
2023-09-03T19:30:00Z,Primeira Liga,Sporting Clube de Braga,Sporting Clube de Portugal,1,1,1.4818788812409276,1.6854205481790125
2023-09-09T17:00:00Z,Primeira Liga,Moreirense FC,Sporting Clube de Braga,2,3,2.8383340751901693,3.6039581054939003
2023-09-15T18:15:00Z,Primeira Liga,CF Estrela da Amadora,FC Porto,0,1,0.5258332604776934,1.1974700938406562
2023-09-16T14:30:00Z,Primeira Liga,Rio Ave FC,FC Famalicão,1,1,1.2759230144789497,1.0410753134987725
2023-09-16T17:00:00Z,Primeira Liga,SC Farense,Sporting Clube de Braga,3,1,3.7970498716877867,1.961219019205287
2023-09-16T19:30:00Z,Primeira Liga,FC Vizela,Sport Lisboa e Benfica,1,2,1.4348606775161392,2.924233117182035
2023-09-17T14:30:00Z,Primeira Liga,FC Arouca,Casa Pia AC,0,1,0.6579610051016921,0.7537629723881613
2023-09-17T14:30:00Z,Primeira Liga,Gil Vicente FC,GD Estoril Praia,5,3,5.3567767881421595,3.3625330912230496
2023-09-17T17:00:00Z,Primeira Liga,Vitória SC,Portimonense SC,1,2,1.305051934350769,2.9992576164351696
2023-09-17T19:30:00Z,Primeira Liga,Sporting Clube de Portugal,Moreirense FC,3,0,3.5252504690557087,0.3571812326666399
2023-09-18T19:15:00Z,Primeira Liga,Boavista FC,GD Chaves,4,1,4.503848593063106,1.3528163297920042
2023-09-22T19:15:00Z,Primeira Liga,FC Famalicão,FC Arouca,1,0,1.64394811061005,0.4151722017111895
2023-09-23T14:30:00Z,Primeira Liga,Moreirense FC,SC Farense,1,0,1.4194062740070772,0.1637309078695522
2023-09-23T14:30:00Z,Primeira Liga,GD Estoril Praia,FC Vizela,2,2,1.9490920648688808,1.9885672767315867
2023-09-23T17:00:00Z,Primeira Liga,Casa Pia AC,Vitória SC,0,0,0.3701678349234834,0.8157641932204246
2023-09-23T19:30:00Z,Primeira Liga,FC Porto,Gil Vicente FC,2,1,2.7381455401431447,0.9471189281256973
2023-09-24T14:30:00Z,Primeira Liga,GD Chaves,CF Estrela da Amadora,2,2,2.410787176227068,2.5741814356326267
2023-09-24T17:00:00Z,Primeira Liga,Portimonense SC,Sport Lisboa e Benfica,1,3,1.4260849792456356,3.765973847827295
2023-09-24T19:30:00Z,Primeira Liga,Sporting Clube de Braga,Boavista FC,4,1,4.795912951771781,1.0646321103296525
2023-09-25T19:15:00Z,Primeira Liga,Sporting Clube de Portugal,Rio Ave FC,2,0,2.286408031822323,0.22271947922147856
2023-09-28T19:15:00Z,Primeira Liga,CF Estrela da Amadora,Sporting Clube de Braga,2,4,2.03715903452713,4.863953756517477
2023-09-29T19:15:00Z,Primeira Liga,Sport Lisboa e Benfica,FC Porto,1,0,1.4518106641423518,0.659867516068112
2023-09-30T14:30:00Z,Primeira Liga,FC Vizela,Portimonense SC,2,3,2.354747814625379,3.3148142879363336
2023-09-30T17:00:00Z,Primeira Liga,Boavista FC,FC Famalicão,2,2,2.210126104074024,2.8606747010083513
2023-09-30T19:30:00Z,Primeira Liga,SC Farense,Sporting Clube de Portugal,2,3,2.4473864632303926,3.8619607170362906
2023-10-01T14:30:00Z,Primeira Liga,FC Arouca,GD Chaves,0,2,0.6474516941740351,2.580715807904712
2023-10-01T17:00:00Z,Primeira Liga,Vitória SC,GD Estoril Praia,3,2,3.4972134315296555,2.2299519316379013
2023-10-01T19:30:00Z,Primeira Liga,Rio Ave FC,Moreirense FC,0,4,0.5920943218058713,4.375965388958462
2023-10-02T19:15:00Z,Primeira Liga,Gil Vicente FC,Casa Pia AC,2,0,3.044022309554627,0.5859160231866171
2023-10-06T19:15:00Z,Primeira Liga,Moreirense FC,Boavista FC,1,1,1.3971363415327307,1.4434215512557536
2023-10-07T14:30:00Z,Primeira Liga,GD Chaves,Gil Vicente FC,4,2,4.583504590393401,2.7816871534704557
2023-10-07T14:30:00Z,Primeira Liga,SC Farense,FC Vizela,0,0,0.3472359912202596,0.04106777596719913
2023-10-07T17:00:00Z,Primeira Liga,Sporting Clube de Braga,Rio Ave FC,2,1,2.2460920840339083,1.0517209412801285
2023-10-07T19:30:00Z,Primeira Liga,GD Estoril Praia,Sport Lisboa e Benfica,0,1,0.324527703974669,1.5542613334447297
2023-10-08T14:30:00Z,Primeira Liga,Casa Pia AC,CF Estrela da Amadora,0,1,0.35637242854349344,1.3525366758579287
2023-10-08T14:30:00Z,Primeira Liga,FC Famalicão,Vitória SC,1,3,1.6078427392641377,3.3118854155906776
2023-10-08T17:00:00Z,Primeira Liga,FC Porto,Portimonense SC,1,0,2.2047227360102273,0.0
2023-10-08T19:30:00Z,Primeira Liga,Sporting Clube de Portugal,FC Arouca,2,1,2.285186969117248,1.5058637534394546
2023-10-27T19:15:00Z,Primeira Liga,FC Arouca,Moreirense FC,0,1,0.37501240831536126,1.4841734675997702
2023-10-28T14:30:00Z,Primeira Liga,Portimonense SC,GD Estoril Praia,1,0,1.4810630960666256,0.6960436945855222
2023-10-28T17:00:00Z,Primeira Liga,Sport Lisboa e Benfica,Casa Pia AC,1,1,1.618739654612924,1.5206718399362917
2023-10-28T17:00:00Z,Primeira Liga,Vitória SC,GD Chaves,5,0,5.579065243586435,0.460218776527851
2023-10-28T19:30:00Z,Primeira Liga,Gil Vicente FC,Sporting Clube de Braga,3,3,3.885228738184435,3.853100191037101
2023-10-29T15:30:00Z,Primeira Liga,Rio Ave FC,SC Farense,3,4,2.7720823788394373,4.106259808965435
2023-10-29T18:00:00Z,Primeira Liga,CF Estrela da Amadora,FC Famalicão,1,0,0.7839210389412982,0.6609167656542728
2023-10-29T20:30:00Z,Primeira Liga,FC Vizela,FC Porto,0,2,0.35123654839695523,1.9986558505613954
2023-10-30T20:15:00Z,Primeira Liga,Boavista FC,Sporting Clube de Portugal,0,2,0.8291900562631126,2.2484914359997576
2023-11-03T20:15:00Z,Primeira Liga,FC Porto,GD Estoril Praia,0,1,0.030305590518321157,1.1362028602130059
2023-11-04T15:30:00Z,Primeira Liga,GD Chaves,Sport Lisboa e Benfica,0,2,0.0,2.7345827606355755
2023-11-04T18:00:00Z,Primeira Liga,FC Famalicão,Gil Vicente FC,3,1,3.671353821865763,1.4803769299213818
2023-11-04T20:30:00Z,Primeira Liga,Sporting Clube de Braga,Portimonense SC,6,1,6.573097167110815,1.495949026622107
2023-11-05T15:30:00Z,Primeira Liga,Casa Pia AC,FC Vizela,0,1,0.17293747796017106,1.1679801036811648
2023-11-05T15:30:00Z,Primeira Liga,Moreirense FC,Vitória SC,1,0,1.204338119783721,0.41009195122013326
2023-11-05T18:00:00Z,Primeira Liga,Rio Ave FC,Boavista FC,2,0,2.2090768841095976,0.2709604090072665
2023-11-05T20:30:00Z,Primeira Liga,Sporting Clube de Portugal,CF Estrela da Amadora,3,2,3.5331605952421823,2.6150365044562647
2023-11-06T20:15:00Z,Primeira Liga,SC Farense,FC Arouca,2,0,2.312105417145098,0.20267265940051593
2023-11-10T20:15:00Z,Primeira Liga,GD Estoril Praia,Casa Pia AC,4,0,4.648219175692656,0.8989383095615228
2023-11-11T15:30:00Z,Primeira Liga,Portimonense SC,GD Chaves,2,1,1.6436120011286826,0.9973258651127717
2023-11-11T18:00:00Z,Primeira Liga,CF Estrela da Amadora,Moreirense FC,0,1,0.2429444404616602,1.2580440502630317
2023-11-11T18:00:00Z,Primeira Liga,FC Vizela,FC Famalicão,0,0,0.16218381172668495,1.0031601529898289
2023-11-11T20:30:00Z,Primeira Liga,Vitória SC,FC Porto,1,2,1.4230977964882523,2.36945837561139
2023-11-12T15:30:00Z,Primeira Liga,Boavista FC,SC Farense,1,3,1.3385856724529583,3.1055364006786763
2023-11-12T15:30:00Z,Primeira Liga,Gil Vicente FC,Rio Ave FC,1,1,1.73935313396873,1.5657214687613006
2023-11-12T18:00:00Z,Primeira Liga,FC Arouca,Sporting Clube de Braga,0,1,0.0,1.3573823273356374
2023-11-12T20:30:00Z,Primeira Liga,Sport Lisboa e Benfica,Sporting Clube de Portugal,2,1,2.5136474428992255,1.2492389233145083
2023-12-01T20:30:00Z,Primeira Liga,GD Chaves,FC Vizela,2,1,2.6675009269635117,1.1712387567603848
2023-12-02T15:30:00Z,Primeira Liga,Rio Ave FC,CF Estrela da Amadora,1,1,2.0569942309685865,2.330512081687783
2023-12-02T15:30:00Z,Primeira Liga,SC Farense,Vitória SC,1,2,1.3554702086719574,2.4245344299447593
2023-12-02T18:00:00Z,Primeira Liga,FC Famalicão,FC Porto,0,3,0.5973375813057551,2.922329791900137
2023-12-02T20:30:00Z,Primeira Liga,Casa Pia AC,Portimonense SC,1,0,0.9588411622312906,0.9481129277016602
2023-12-03T15:30:00Z,Primeira Liga,Sporting Clube de Braga,GD Estoril Praia,3,1,2.782413138706093,1.6833212715331713
2023-12-03T18:00:00Z,Primeira Liga,Moreirense FC,Sport Lisboa e Benfica,0,0,0.75343231273451,0.2700600706940637
2023-12-03T20:30:00Z,Primeira Liga,Boavista FC,FC Arouca,0,4,0.49833191190557885,4.220064273394158
2023-12-04T20:15:00Z,Primeira Liga,Sporting Clube de Portugal,Gil Vicente FC,3,1,3.8535538069395265,1.7020418388474692
2023-12-08T15:30:00Z,Primeira Liga,FC Vizela,Sporting Clube de Braga,1,3,1.0879791333090751,3.4259245017531637
2023-12-08T18:00:00Z,Primeira Liga,Sport Lisboa e Benfica,SC Farense,1,1,1.6559706418586257,0.9222066544664697
2023-12-09T15:30:00Z,Primeira Liga,Portimonense SC,FC Famalicão,1,1,2.060645352163156,2.0361719893814003
2023-12-09T18:00:00Z,Primeira Liga,Vitória SC,Sporting Clube de Portugal,3,2,3.62591168250718,2.369802861335213
2023-12-09T20:30:00Z,Primeira Liga,FC Porto,Casa Pia AC,3,1,3.5829744516773148,1.9486715209447278
2023-12-10T15:30:00Z,Primeira Liga,CF Estrela da Amadora,Boavista FC,3,1,3.502566824247305,1.8835304873897145
2023-12-10T18:00:00Z,Primeira Liga,FC Arouca,Rio Ave FC,2,2,2.0287355628622263,2.1996971366551556
2023-12-10T20:30:00Z,Primeira Liga,GD Estoril Praia,GD Chaves,4,0,4.9066718807131044,0.8099569593089444
2023-12-11T20:15:00Z,Primeira Liga,Gil Vicente FC,Moreirense FC,1,1,1.3167427080584804,1.3045672350408957
2023-12-15T20:15:00Z,Primeira Liga,SC Farense,CF Estrela da Amadora,0,0,0.6513449769149051,0.0
2023-12-16T15:30:00Z,Primeira Liga,Rio Ave FC,FC Vizela,1,1,1.0310897080286239,1.3726205501933573
2023-12-16T18:00:00Z,Primeira Liga,FC Arouca,Gil Vicente FC,3,0,3.1461621006476657,0.6192912505328837
2023-12-16T20:30:00Z,Primeira Liga,Boavista FC,Vitória SC,1,1,1.9305262197666706,1.3611790056010986
2023-12-17T15:30:00Z,Primeira Liga,Moreirense FC,Portimonense SC,5,2,5.395809313312647,2.4078854977224697
2023-12-17T15:30:00Z,Primeira Liga,GD Chaves,Casa Pia AC,1,3,1.9359826428127633,3.843069813478584
2023-12-17T18:00:00Z,Primeira Liga,FC Famalicão,GD Estoril Praia,1,1,1.4765308022824446,1.5319481940870276
2023-12-17T20:30:00Z,Primeira Liga,Sporting Clube de Braga,Sport Lisboa e Benfica,0,1,0.0,1.2470105066145143
2023-12-18T20:15:00Z,Primeira Liga,Sporting Clube de Portugal,FC Porto,2,0,2.767620279919516,0.7106090971001979
2023-12-23T15:30:00Z,Primeira Liga,FC Vizela,Moreirense FC,0,0,0.32303230467331767,0.5593026700862735
2023-12-23T15:30:00Z,Primeira Liga,Vitória SC,Rio Ave FC,1,0,1.709606644055113,0.0
2023-12-28T20:15:00Z,Primeira Liga,CF Estrela da Amadora,FC Arouca,1,4,1.5075632602620246,4.628505874131434
2023-12-29T18:45:00Z,Primeira Liga,Sport Lisboa e Benfica,FC Famalicão,3,0,3.0370645316171387,0.6175486123148305
2023-12-29T20:45:00Z,Primeira Liga,FC Porto,GD Chaves,1,0,1.5492884296111709,0.506036338874258
2023-12-30T15:30:00Z,Primeira Liga,GD Estoril Praia,SC Farense,4,0,5.15886694264584,0.7675101743208725
2023-12-30T15:30:00Z,Primeira Liga,Gil Vicente FC,Boavista FC,1,0,1.6478959375543378,0.29828192470204934
2023-12-30T18:00:00Z,Primeira Liga,Casa Pia AC,Sporting Clube de Braga,1,3,1.482744674098361,3.6009499366462703
2023-12-30T20:30:00Z,Primeira Liga,Portimonense SC,Sporting Clube de Portugal,1,2,1.8226030205870694,2.029912188649794
2024-01-05T18:45:00Z,Primeira Liga,Sporting Clube de Portugal,GD Estoril Praia,5,1,5.563200539560933,1.6221271150196497
2024-01-05T20:45:00Z,Primeira Liga,Boavista FC,FC Porto,1,1,1.5628602690788382,2.085917908661969
2024-01-06T15:30:00Z,Primeira Liga,CF Estrela da Amadora,FC Vizela,1,1,1.1725124483522693,1.2015430942597376
2024-01-06T15:30:00Z,Primeira Liga,SC Farense,Gil Vicente FC,1,0,1.5701544077368794,0.2720593604036674
2024-01-06T18:00:00Z,Primeira Liga,FC Arouca,Sport Lisboa e Benfica,0,3,0.8106330249250835,3.2869953671325343
2024-01-06T20:30:00Z,Primeira Liga,Sporting Clube de Braga,Vitória SC,1,1,1.2491813543699926,1.5389994677404786
2024-01-07T18:00:00Z,Primeira Liga,Rio Ave FC,Portimonense SC,2,0,2.927348746374084,0.18108911814388456
2024-01-07T20:30:00Z,Primeira Liga,FC Famalicão,GD Chaves,2,2,2.472488192756462,2.626374213607294
2024-01-08T20:15:00Z,Primeira Liga,Moreirense FC,Casa Pia AC,1,4,1.2336691465384377,4.75405198364075
2024-01-12T20:15:00Z,Primeira Liga,Portimonense SC,SC Farense,1,0,1.7992896230760733,0.6603041640361353
2024-01-13T15:30:00Z,Primeira Liga,Casa Pia AC,FC Famalicão,0,2,0.4139617292785192,1.9694753723085783
2024-01-13T18:00:00Z,Primeira Liga,GD Chaves,Sporting Clube de Portugal,0,3,0.7278544662458324,3.798550299547582
2024-01-13T20:30:00Z,Primeira Liga,GD Estoril Praia,Moreirense FC,1,3,1.4124724103224389,3.781210224276104
2024-01-14T15:30:00Z,Primeira Liga,Gil Vicente FC,CF Estrela da Amadora,1,1,1.482052156941029,1.7490484117038914
2024-01-14T18:00:00Z,Primeira Liga,Sport Lisboa e Benfica,Rio Ave FC,4,1,4.648068061300288,1.6118526745967476
2024-01-14T18:00:00Z,Primeira Liga,FC Vizela,Boavista FC,1,4,1.5872691172770017,4.56605679426154
2024-01-14T20:30:00Z,Primeira Liga,FC Porto,Sporting Clube de Braga,2,0,1.9013404658644784,0.809716819437919
2024-01-15T20:15:00Z,Primeira Liga,Vitória SC,FC Arouca,2,1,2.1636268779716823,2.0770540462810363
2024-01-18T18:45:00Z,Primeira Liga,FC Famalicão,Sporting Clube de Braga,1,2,1.7788229954372445,2.214087860990545
2024-01-18T20:45:00Z,Primeira Liga,FC Vizela,Sporting Clube de Portugal,2,5,2.460359023329536,5.823437618738431
2024-01-19T20:15:00Z,Primeira Liga,Sport Lisboa e Benfica,Boavista FC,2,0,2.3428806091685734,0.47413487059776416
2024-01-20T15:30:00Z,Primeira Liga,GD Estoril Praia,FC Arouca,1,2,1.0924277954227577,2.46109808439142
2024-01-20T18:00:00Z,Primeira Liga,Casa Pia AC,SC Farense,1,3,1.1760791036172455,3.0390407928853884
2024-01-20T20:30:00Z,Primeira Liga,FC Porto,Moreirense FC,5,0,4.893460408011416,0.4145631771453815
2024-01-21T15:30:00Z,Primeira Liga,Portimonense SC,Gil Vicente FC,0,2,0.46961578438954016,2.2008205126094755
2024-01-21T18:00:00Z,Primeira Liga,GD Chaves,Rio Ave FC,0,0,0.320468725825686,0.3608436711482163
2024-01-21T20:30:00Z,Primeira Liga,Vitória SC,CF Estrela da Amadora,3,0,3.2100236327044054,0.1705440848665551
2024-01-28T15:30:00Z,Primeira Liga,Boavista FC,Portimonense SC,1,4,1.4795629724496142,4.365327483806098
2024-01-28T15:30:00Z,Primeira Liga,Moreirense FC,FC Famalicão,1,0,1.6091911892558213,0.378166892892979
2024-01-28T18:00:00Z,Primeira Liga,SC Farense,FC Porto,1,3,2.1279593796629834,3.52902647553164
2024-01-28T20:30:00Z,Primeira Liga,FC Arouca,FC Vizela,5,0,5.046434974131036,0.015575041312600735
2024-01-28T20:30:00Z,Primeira Liga,Gil Vicente FC,Vitória SC,1,0,1.8478143129901565,0.06634455567640302
2024-01-29T18:45:00Z,Primeira Liga,CF Estrela da Amadora,Sport Lisboa e Benfica,1,4,1.7919304683045216,4.608574281219158
2024-01-29T20:45:00Z,Primeira Liga,Sporting Clube de Portugal,Casa Pia AC,8,0,8.26627217818699,0.2607685648789703
2024-01-31T18:45:00Z,Primeira Liga,Rio Ave FC,GD Estoril Praia,1,1,1.5609707863758093,1.8223589370689792
2024-01-31T20:45:00Z,Primeira Liga,Sporting Clube de Braga,GD Chaves,1,1,1.3627100251987154,1.567580916604514
2024-02-03T15:30:00Z,Primeira Liga,Portimonense SC,FC Arouca,1,2,1.5557065741256215,2.682028645061922
2024-02-03T20:30:00Z,Primeira Liga,FC Porto,Rio Ave FC,0,0,0.9527393040213652,0.9232076961262684
2024-02-04T15:30:00Z,Primeira Liga,FC Vizela,Vitória SC,0,1,0.6816818697893938,1.4070867564580283
2024-02-04T15:30:00Z,Primeira Liga,GD Chaves,SC Farense,1,1,1.6525825119700326,1.3276539883751173
2024-02-04T18:00:00Z,Primeira Liga,Sport Lisboa e Benfica,Gil Vicente FC,3,0,3.370907204013607,0.761510775679644
2024-02-04T18:00:00Z,Primeira Liga,GD Estoril Praia,CF Estrela da Amadora,1,0,1.0547830005226995,0.6528540691789058
2024-02-04T20:30:00Z,Primeira Liga,Sporting Clube de Braga,Moreirense FC,1,0,1.4374595368378777,0.44380090705360975
2024-02-05T20:15:00Z,Primeira Liga,Casa Pia AC,Boavista FC,0,0,0.8619824464591745,0.9174373900867827
2024-02-09T20:15:00Z,Primeira Liga,CF Estrela da Amadora,Portimonense SC,3,0,3.041849643023106,0.43632670704802085
2024-02-10T15:30:00Z,Primeira Liga,SC Farense,FC Famalicão,1,1,1.1834731895469914,1.5098320912667345
2024-02-10T18:00:00Z,Primeira Liga,Moreirense FC,GD Chaves,1,0,1.5378803208702205,0.5063667952502775
2024-02-10T20:30:00Z,Primeira Liga,Boavista FC,GD Estoril Praia,2,1,2.2046035645458213,1.2196218315304588
2024-02-11T15:30:00Z,Primeira Liga,Rio Ave FC,Casa Pia AC,1,0,1.2622429658654362,0.5232756168459173
2024-02-11T18:00:00Z,Primeira Liga,Sporting Clube de Portugal,Sporting Clube de Braga,5,0,5.372920425481547,0.9190280532195474
2024-02-11T20:30:00Z,Primeira Liga,Vitória SC,Sport Lisboa e Benfica,2,2,2.0903147787429552,2.633490494612853
2024-02-12T20:15:00Z,Primeira Liga,FC Arouca,FC Porto,3,2,3.2077634461350897,2.5093190279196795
2024-02-13T15:30:00Z,Primeira Liga,Gil Vicente FC,FC Vizela,0,1,0.7110283750361927,1.4514698156502992
2024-02-16T20:15:00Z,Primeira Liga,FC Famalicão,Rio Ave FC,2,1,2.107789065330711,1.5992601085219054
2024-02-17T15:30:00Z,Primeira Liga,GD Chaves,Boavista FC,2,1,2.0206383596515485,1.7249299885467555
2024-02-17T18:00:00Z,Primeira Liga,Portimonense SC,Vitória SC,1,1,1.3109925061398318,1.6827716492669258
2024-02-17T20:30:00Z,Primeira Liga,FC Porto,CF Estrela da Amadora,2,0,2.719586650752954,0.40044054145340624
2024-02-18T15:30:00Z,Primeira Liga,Casa Pia AC,FC Arouca,1,0,1.440923457600933,0.5974344782330343
2024-02-18T18:00:00Z,Primeira Liga,Sport Lisboa e Benfica,FC Vizela,6,1,6.360625676565315,1.6439819223444836
2024-02-18T18:00:00Z,Primeira Liga,GD Estoril Praia,Gil Vicente FC,1,3,1.5133076392546823,3.1978415037419063
2024-02-18T20:30:00Z,Primeira Liga,Sporting Clube de Braga,SC Farense,2,1,1.9762877701421044,1.5504691623551083
2024-02-19T20:15:00Z,Primeira Liga,Moreirense FC,Sporting Clube de Portugal,0,2,0.6484116961325097,1.8516088341092916
2024-02-23T20:15:00Z,Primeira Liga,FC Arouca,FC Famalicão,3,2,3.6150305094210933,2.6447601129463556
2024-02-24T15:30:00Z,Primeira Liga,SC Farense,Moreirense FC,0,1,0.3772074577712836,1.6981029163688044
2024-02-24T18:00:00Z,Primeira Liga,CF Estrela da Amadora,GD Chaves,1,1,1.801777353538925,1.7242638377359378
2024-02-24T20:30:00Z,Primeira Liga,Vitória SC,Casa Pia AC,0,2,0.16175117031408842,2.3814859443491296
2024-02-25T15:30:00Z,Primeira Liga,FC Vizela,GD Estoril Praia,3,3,3.838372697976071,3.5927140505072104
2024-02-25T18:00:00Z,Primeira Liga,Sport Lisboa e Benfica,Portimonense SC,4,0,4.546348099678576,0.92718615366235
2024-02-25T18:00:00Z,Primeira Liga,Gil Vicente FC,FC Porto,1,1,1.399034223036548,1.9241308944873776
2024-02-25T20:30:00Z,Primeira Liga,Rio Ave FC,Sporting Clube de Portugal,3,3,3.4940379093895064,3.4912481902320316
2024-02-26T20:15:00Z,Primeira Liga,Boavista FC,Sporting Clube de Braga,0,4,0.46782057025671747,4.541795889218868
2024-03-01T20:15:00Z,Primeira Liga,GD Chaves,FC Arouca,1,5,1.866084868925315,5.83327334342033
2024-03-02T15:30:00Z,Primeira Liga,Moreirense FC,Rio Ave FC,0,0,0.17699626175869598,0.04975939542134755
2024-03-02T18:00:00Z,Primeira Liga,GD Estoril Praia,Vitória SC,1,3,1.2712442282560206,3.4030772771968927
2024-03-02T20:30:00Z,Primeira Liga,Sporting Clube de Braga,CF Estrela da Amadora,3,0,3.810890867621744,0.9006711366610269
2024-03-03T15:30:00Z,Primeira Liga,Casa Pia AC,Gil Vicente FC,0,0,0.32133951944484224,0.7925601625054298
2024-03-03T15:30:00Z,Primeira Liga,Portimonense SC,FC Vizela,0,0,0.7701599231994775,0.6107791332949714
2024-03-03T18:00:00Z,Primeira Liga,Sporting Clube de Portugal,SC Farense,3,2,4.009830794902613,2.048250278400814
2024-03-03T20:30:00Z,Primeira Liga,FC Porto,Sport Lisboa e Benfica,5,0,5.37946149191751,0.4850269300876514
2024-03-04T20:15:00Z,Primeira Liga,FC Famalicão,Boavista FC,1,1,1.7044086979725916,1.32302538112502
2024-03-08T18:45:00Z,Primeira Liga,Portimonense SC,FC Porto,0,3,0.15389231559804245,3.599311670845164
2024-03-08T20:45:00Z,Primeira Liga,CF Estrela da Amadora,Casa Pia AC,3,1,3.726419989420343,1.257195994561536
2024-03-09T15:30:00Z,Primeira Liga,FC Vizela,SC Farense,2,1,2.5598271957960304,1.192282981507618
2024-03-09T18:00:00Z,Primeira Liga,Boavista FC,Moreirense FC,1,0,1.6419114846480647,0.0
2024-03-09T18:00:00Z,Primeira Liga,Rio Ave FC,Sporting Clube de Braga,0,0,0.30632837838938154,0.8665414054930105
2024-03-09T20:30:00Z,Primeira Liga,Vitória SC,FC Famalicão,1,0,1.0016749753298484,0.38006884656708273
2024-03-10T18:00:00Z,Primeira Liga,FC Arouca,Sporting Clube de Portugal,0,3,0.6509756194248515,3.5471437351107604
2024-03-10T20:30:00Z,Primeira Liga,Sport Lisboa e Benfica,GD Estoril Praia,3,1,2.8809790542561635,1.4993285650577457
2024-03-11T20:15:00Z,Primeira Liga,Gil Vicente FC,GD Chaves,0,0,0.40479485232723955,0.17976982011185022
2024-03-15T20:15:00Z,Primeira Liga,GD Estoril Praia,Portimonense SC,1,0,1.782354559925991,0.122280526565542
2024-03-16T15:30:00Z,Primeira Liga,FC Famalicão,CF Estrela da Amadora,0,0,0.5575693207619108,0.19840546220082939
2024-03-16T18:00:00Z,Primeira Liga,SC Farense,Rio Ave FC,1,1,2.084502793436944,1.2830494683511822
2024-03-16T18:00:00Z,Primeira Liga,Sporting Clube de Braga,Gil Vicente FC,2,1,2.807532745774532,1.6099818741041414
2024-03-16T20:30:00Z,Primeira Liga,FC Porto,FC Vizela,4,1,4.3038304835023276,1.2612847009438166
2024-03-17T15:30:00Z,Primeira Liga,Moreirense FC,FC Arouca,1,0,1.5081940139554315,1.0239471894783865
2024-03-17T15:30:00Z,Primeira Liga,GD Chaves,Vitória SC,1,2,1.4857887892366692,2.8081453107679453
2024-03-17T18:00:00Z,Primeira Liga,Casa Pia AC,Sport Lisboa e Benfica,0,1,0.025346970996161844,1.7425078648997125
2024-03-17T20:30:00Z,Primeira Liga,Sporting Clube de Portugal,Boavista FC,6,1,6.217880325054694,1.464102329258055
2024-03-29T15:30:00Z,Primeira Liga,Gil Vicente FC,FC Famalicão,1,2,1.331771727906042,2.9542842207161453
2024-03-29T18:00:00Z,Primeira Liga,Sport Lisboa e Benfica,GD Chaves,1,0,0.889133849143219,0.4345983106636628
2024-03-29T20:30:00Z,Primeira Liga,CF Estrela da Amadora,Sporting Clube de Portugal,1,2,1.514248040475493,2.490621575753726
2024-03-30T15:30:00Z,Primeira Liga,FC Arouca,SC Farense,2,1,2.4252784466040875,1.5509923619247807
2024-03-30T15:30:00Z,Primeira Liga,Vitória SC,Moreirense FC,1,0,0.9981318296065278,0.7105469121630033
2024-03-30T18:00:00Z,Primeira Liga,Boavista FC,Rio Ave FC,0,0,0.6212638595831996,0.6910724237008956
2024-03-30T20:30:00Z,Primeira Liga,GD Estoril Praia,FC Porto,1,0,1.7147618234072879,0.357462416466619
2024-03-31T17:00:00Z,Primeira Liga,FC Vizela,Casa Pia AC,0,4,0.5681103436594667,4.340101884172213
2024-04-01T19:15:00Z,Primeira Liga,Portimonense SC,Sporting Clube de Braga,3,5,3.402779547437309,5.691970887145626
2024-04-05T19:15:00Z,Primeira Liga,SC Farense,Boavista FC,2,0,2.6774326455255566,0.7145709751673698
2024-04-06T14:30:00Z,Primeira Liga,FC Famalicão,FC Vizela,3,2,3.7040661081430075,2.3819946625531383
2024-04-06T14:30:00Z,Primeira Liga,Rio Ave FC,Gil Vicente FC,3,0,3.5922210709159064,0.02384357909646384
2024-04-06T17:00:00Z,Primeira Liga,Sporting Clube de Braga,FC Arouca,0,3,0.25261632486957175,3.4378051711975264
2024-04-06T19:30:00Z,Primeira Liga,Sporting Clube de Portugal,Sport Lisboa e Benfica,2,1,2.582980229653354,1.6870577396477575
2024-04-07T14:30:00Z,Primeira Liga,GD Chaves,Portimonense SC,2,3,2.858644195247644,4.041625053925934
2024-04-07T17:00:00Z,Primeira Liga,Moreirense FC,CF Estrela da Amadora,2,2,2.321011282416481,2.1406126112978012
2024-04-07T19:30:00Z,Primeira Liga,FC Porto,Vitória SC,1,2,2.1293818017397292,2.372028624150828
2024-04-08T19:15:00Z,Primeira Liga,Casa Pia AC,GD Estoril Praia,0,0,0.34231071980438466,0.383178931542387
2024-04-12T19:15:00Z,Primeira Liga,Gil Vicente FC,Sporting Clube de Portugal,0,4,0.5097221040020409,4.9067416018294505
2024-04-13T14:30:00Z,Primeira Liga,Vitória SC,SC Farense,1,1,1.2982543211980992,1.48951754986241
2024-04-13T17:00:00Z,Primeira Liga,FC Porto,FC Famalicão,2,2,2.5669812507760783,2.2278020321883205
2024-04-13T19:30:00Z,Primeira Liga,GD Estoril Praia,Sporting Clube de Braga,0,1,0.0,1.6676085848765458
2024-04-14T14:30:00Z,Primeira Liga,CF Estrela da Amadora,Rio Ave FC,2,2,2.3361874603549837,2.378608443987716
2024-04-14T17:00:00Z,Primeira Liga,FC Arouca,Boavista FC,2,1,2.17236363989543,1.1326838179926138
2024-04-14T17:00:00Z,Primeira Liga,Portimonense SC,Casa Pia AC,2,2,2.5406015043676873,2.2321680078171546
2024-04-14T19:30:00Z,Primeira Liga,Sport Lisboa e Benfica,Moreirense FC,3,0,3.798334212652672,1.0202125863267857
2024-04-15T19:15:00Z,Primeira Liga,FC Vizela,GD Chaves,0,1,0.6938018561343654,1.6152627664948387
2024-04-16T19:15:00Z,Primeira Liga,FC Famalicão,Sporting Clube de Portugal,0,1,0.0,1.532328016635763
2024-04-19T19:15:00Z,Primeira Liga,Rio Ave FC,FC Arouca,1,1,2.112620895878364,1.425031879256386
2024-04-20T14:30:00Z,Primeira Liga,Moreirense FC,Gil Vicente FC,0,1,0.5885839821862605,1.5876446526356398
2024-04-20T17:00:00Z,Primeira Liga,Boavista FC,CF Estrela da Amadora,1,1,1.2670502578521,1.5840707838007484
2024-04-20T19:30:00Z,Primeira Liga,Sporting Clube de Braga,FC Vizela,2,1,2.5471383756972825,1.5876506484621977
2024-04-21T14:30:00Z,Primeira Liga,FC Famalicão,Portimonense SC,2,2,2.5528569467508078,2.534453527083326
2024-04-21T14:30:00Z,Primeira Liga,GD Chaves,GD Estoril Praia,2,2,2.299945384914531,2.7606395014916645
2024-04-21T17:00:00Z,Primeira Liga,Casa Pia AC,FC Porto,1,2,1.5593750002026225,2.5069313038002194
2024-04-21T19:30:00Z,Primeira Liga,Sporting Clube de Portugal,Vitória SC,3,0,3.3177583137139077,0.20661834933420842
2024-04-22T19:15:00Z,Primeira Liga,SC Farense,Sport Lisboa e Benfica,1,3,1.3786914021929932,3.3162731327297394
2024-04-26T19:15:00Z,Primeira Liga,Gil Vicente FC,FC Arouca,2,2,2.2941162592734745,1.9062943919530864
2024-04-27T14:30:00Z,Primeira Liga,Casa Pia AC,GD Chaves,3,1,3.0701986130781043,2.1080451348127176
2024-04-27T14:30:00Z,Primeira Liga,FC Vizela,Rio Ave FC,1,1,1.5437509410646153,1.758826377585806
2024-04-27T17:00:00Z,Primeira Liga,Sport Lisboa e Benfica,Sporting Clube de Braga,3,1,3.6755898309549013,1.250978851461229
2024-04-27T19:30:00Z,Primeira Liga,Vitória SC,Boavista FC,1,0,1.6544650788229116,0.41544654518087004
2024-04-28T14:30:00Z,Primeira Liga,Portimonense SC,Moreirense FC,0,2,0.7459775757905702,2.30893705773807
2024-04-28T17:00:00Z,Primeira Liga,GD Estoril Praia,FC Famalicão,1,0,1.5973020630044603,0.962764163412235
2024-04-28T19:30:00Z,Primeira Liga,FC Porto,Sporting Clube de Portugal,2,2,2.340182350534929,2.0740368507187212
2024-04-29T19:15:00Z,Primeira Liga,CF Estrela da Amadora,SC Farense,0,3,0.7518991593293567,3.5343428176456335
2024-05-03T19:15:00Z,Primeira Liga,Moreirense FC,FC Vizela,1,0,1.0927447380474196,0.46744164723054565
2024-05-04T14:30:00Z,Primeira Liga,Boavista FC,Gil Vicente FC,1,1,1.229798585246256,1.7480515892127344
2024-05-04T14:30:00Z,Primeira Liga,Rio Ave FC,Vitória SC,2,1,2.2107399785730264,1.4687972316825915
2024-05-04T17:00:00Z,Primeira Liga,Sporting Clube de Portugal,Portimonense SC,3,0,3.824016817741793,0.0
2024-05-04T19:30:00Z,Primeira Liga,GD Chaves,FC Porto,0,3,0.7828365542420226,3.424664649607268
2024-05-05T14:30:00Z,Primeira Liga,SC Farense,GD Estoril Praia,3,2,3.6461915711134987,2.2083513346170025
2024-05-05T17:00:00Z,Primeira Liga,FC Arouca,CF Estrela da Amadora,0,0,0.8215789595635392,0.5238738639669682
2024-05-05T17:00:00Z,Primeira Liga,Sporting Clube de Braga,Casa Pia AC,4,3,4.236215165276404,3.930253110956098
2024-05-05T19:30:00Z,Primeira Liga,FC Famalicão,Sport Lisboa e Benfica,2,0,2.6045785359582942,0.0
2024-05-10T19:15:00Z,Primeira Liga,GD Chaves,FC Famalicão,0,1,0.4624476714850507,1.2599331793800288
2024-05-11T14:30:00Z,Primeira Liga,Portimonense SC,Rio Ave FC,2,2,2.754064631165474,2.334192113864951
2024-05-11T14:30:00Z,Primeira Liga,FC Vizela,CF Estrela da Amadora,4,0,4.46543273023434,0.3855106713760366
2024-05-11T17:00:00Z,Primeira Liga,GD Estoril Praia,Sporting Clube de Portugal,0,1,0.38451713347697564,1.7220376992315733
2024-05-11T19:30:00Z,Primeira Liga,Vitória SC,Sporting Clube de Braga,2,3,2.662272555568297,3.447936674731584
2024-05-12T14:30:00Z,Primeira Liga,Gil Vicente FC,SC Farense,2,0,2.76285075015737,0.6247408177161335
2024-05-12T17:00:00Z,Primeira Liga,Sport Lisboa e Benfica,FC Arouca,5,0,5.299496441545959,0.31226808688046714
2024-05-12T17:00:00Z,Primeira Liga,Casa Pia AC,Moreirense FC,0,1,0.48167729859428715,1.5689773036253811
2024-05-12T19:30:00Z,Primeira Liga,FC Porto,Boavista FC,2,1,2.182467809907504,1.7333392892633146
2024-05-17T17:45:00Z,Primeira Liga,FC Famalicão,Casa Pia AC,1,2,0.7505816947521182,2.2803101350788735
2024-05-17T19:45:00Z,Primeira Liga,Rio Ave FC,Sport Lisboa e Benfica,1,1,1.5601378894241187,1.7344074359419543
2024-05-18T14:30:00Z,Primeira Liga,Boavista FC,FC Vizela,2,2,2.6826716068763896,2.5157118306182706
2024-05-18T14:30:00Z,Primeira Liga,CF Estrela da Amadora,Gil Vicente FC,1,0,1.5786200427260177,0.8136380721446758
2024-05-18T14:30:00Z,Primeira Liga,FC Arouca,Vitória SC,1,3,0.9151314846736899,3.439574029976908
2024-05-18T14:30:00Z,Primeira Liga,SC Farense,Portimonense SC,1,3,1.3947451709770577,3.6143733965486295
2024-05-18T17:00:00Z,Primeira Liga,Moreirense FC,GD Estoril Praia,2,1,1.8344956719846757,1.487818130496441
2024-05-18T17:00:00Z,Primeira Liga,Sporting Clube de Portugal,GD Chaves,3,0,3.9109103322962553,0.4711363213878263
2024-05-18T19:30:00Z,Primeira Liga,Sporting Clube de Braga,FC Porto,0,1,0.1741836253645742,1.577679128467707
2024-08-09T19:15:00Z,Primeira Liga,Sporting Clube de Portugal,Rio Ave FC,3,1,3.876621082837969,1.661042240767471
2024-08-10T14:30:00Z,Primeira Liga,AVS,CD Nacional,1,1,1.7837608931052436,1.1251305264227984
2024-08-10T17:00:00Z,Primeira Liga,Casa Pia AC,Boavista FC,0,1,0.2298228942391815,1.9300900826453633
2024-08-10T19:30:00Z,Primeira Liga,FC Porto,Gil Vicente FC,3,0,3.1601645146196766,0.0
2024-08-11T14:30:00Z,Primeira Liga,GD Estoril Praia,CD Santa Clara,1,4,1.6051110649159015,4.294556367078331
2024-08-11T17:00:00Z,Primeira Liga,SC Farense,Moreirense FC,1,2,1.2467027888450786,2.47171927877053
2024-08-11T17:00:00Z,Primeira Liga,FC Famalicão,Sport Lisboa e Benfica,2,0,2.530745392647462,0.6237067907257844
2024-08-11T19:30:00Z,Primeira Liga,Sporting Clube de Braga,CF Estrela da Amadora,1,1,1.3551517227579244,1.9728517583224137
2024-08-12T19:15:00Z,Primeira Liga,FC Arouca,Vitória SC,0,1,0.0,0.9425125535324678
2024-08-16T16:00:00Z,Primeira Liga,CD Santa Clara,FC Porto,0,2,0.0,2.3476917614830866
2024-08-16T19:15:00Z,Primeira Liga,Gil Vicente FC,AVS,4,2,4.568005274548379,1.8619499536602204
2024-08-17T14:30:00Z,Primeira Liga,Rio Ave FC,SC Farense,1,0,1.3315326761008124,0.5094865921730743
2024-08-17T17:00:00Z,Primeira Liga,CD Nacional,Sporting Clube de Portugal,1,6,1.3340730549257604,6.581505075350009
2024-08-17T19:30:00Z,Primeira Liga,Sport Lisboa e Benfica,Casa Pia AC,3,0,3.7087591517281355,0.9772387226513758
2024-08-18T14:30:00Z,Primeira Liga,Moreirense FC,FC Arouca,3,1,3.8520326829897336,1.536190428268036
2024-08-18T17:00:00Z,Primeira Liga,Vitória SC,GD Estoril Praia,1,0,1.4182365835914572,0.8132075388327139
2024-08-18T19:30:00Z,Primeira Liga,Boavista FC,Sporting Clube de Braga,0,1,0.39782038792704155,1.6751511244617177
2024-08-19T19:15:00Z,Primeira Liga,CF Estrela da Amadora,FC Famalicão,0,3,0.6500429099341651,3.3694255408984493
2024-08-23T19:15:00Z,Primeira Liga,SC Farense,Sporting Clube de Portugal,0,5,0.0929193290901274,5.0773117759623885
2024-08-24T14:30:00Z,Primeira Liga,Casa Pia AC,CD Santa Clara,0,2,0.5669459164243091,2.582500689487543
2024-08-24T17:00:00Z,Primeira Liga,FC Porto,Rio Ave FC,2,0,2.665565791546646,0.05236939485639086
2024-08-24T19:30:00Z,Primeira Liga,Sport Lisboa e Benfica,CF Estrela da Amadora,1,0,1.7040690625252888,0.8885621218008932
2024-08-24T19:30:00Z,Primeira Liga,FC Famalicão,Boavista FC,1,0,0.9189741892492606,0.45138136938895285
2024-08-25T14:30:00Z,Primeira Liga,FC Arouca,CD Nacional,1,0,1.271593419057318,0.858553223453425
2024-08-25T17:00:00Z,Primeira Liga,GD Estoril Praia,Gil Vicente FC,0,0,0.23652102415296,0.3559356697602802
2024-08-25T19:30:00Z,Primeira Liga,Sporting Clube de Braga,Moreirense FC,3,1,3.529966086322764,1.5806552359202977
2024-08-25T19:30:00Z,Primeira Liga,AVS,Vitória SC,1,0,1.6442233739303953,0.5628046572004066
2024-08-30T19:15:00Z,Primeira Liga,Moreirense FC,Sport Lisboa e Benfica,1,1,1.9490131222337945,1.4864867645967228
2024-08-31T14:30:00Z,Primeira Liga,CD Santa Clara,AVS,2,1,2.351510355889578,1.3702021459810223
2024-08-31T17:00:00Z,Primeira Liga,Boavista FC,GD Estoril Praia,0,0,0.3507282505072359,0.6177368055411561
2024-08-31T17:00:00Z,Primeira Liga,CF Estrela da Amadora,Casa Pia AC,0,1,0.844901605663624,1.2221510209550375
2024-08-31T19:30:00Z,Primeira Liga,Sporting Clube de Portugal,FC Porto,2,0,2.5889730815590917,0.1371694013122824
2024-09-01T14:30:00Z,Primeira Liga,CD Nacional,SC Farense,2,0,2.8802954533563923,0.8728480679980483
2024-09-01T17:00:00Z,Primeira Liga,Rio Ave FC,FC Arouca,1,0,1.586618400902951,0.7181503966676301
2024-09-01T19:30:00Z,Primeira Liga,Gil Vicente FC,Sporting Clube de Braga,0,0,0.15286501438601874,0.519767482580672
2024-09-01T19:30:00Z,Primeira Liga,Vitória SC,FC Famalicão,2,1,2.100061493566658,1.9995427147631344
2024-09-13T19:15:00Z,Primeira Liga,FC Arouca,Sporting Clube de Portugal,0,3,0.03454632528232132,3.4196703443825465
2024-09-14T14:30:00Z,Primeira Liga,Casa Pia AC,Moreirense FC,3,1,3.698615550427542,1.8968109659966939
2024-09-14T17:00:00Z,Primeira Liga,AVS,Rio Ave FC,1,0,1.8565790469261025,0.5526722254777465
2024-09-14T19:30:00Z,Primeira Liga,Sport Lisboa e Benfica,CD Santa Clara,4,1,5.054808642415914,1.192574774977083
2024-09-14T19:30:00Z,Primeira Liga,FC Famalicão,Gil Vicente FC,1,1,1.752931599696972,2.054412057531255
2024-09-15T14:30:00Z,Primeira Liga,FC Porto,SC Farense,2,1,2.8488515732604958,1.7972132539872256
2024-09-15T17:00:00Z,Primeira Liga,GD Estoril Praia,CD Nacional,1,0,1.3259951002038946,0.46369369069713073
2024-09-15T19:30:00Z,Primeira Liga,Sporting Clube de Braga,Vitória SC,0,2,0.153075254976843,2.7181513778601847
2024-09-16T19:15:00Z,Primeira Liga,CF Estrela da Amadora,Boavista FC,2,2,2.755023799725266,2.378888969800628
2024-09-20T19:15:00Z,Primeira Liga,CD Nacional,Sporting Clube de Braga,0,3,0.6253042256718202,3.7487447105178626
2024-09-21T14:30:00Z,Primeira Liga,CD Santa Clara,CF Estrela da Amadora,1,0,1.5322333123022678,0.0
2024-09-21T14:30:00Z,Primeira Liga,Rio Ave FC,GD Estoril Praia,2,2,2.616211444189897,2.194059599891622
2024-09-21T17:00:00Z,Primeira Liga,Vitória SC,FC Porto,0,3,0.5969556447374618,3.793777923286089
2024-09-21T19:30:00Z,Primeira Liga,Moreirense FC,FC Famalicão,0,0,0.8851450579560685,0.4251033385343242
2024-09-22T14:30:00Z,Primeira Liga,Gil Vicente FC,Casa Pia AC,1,1,1.8884956754450868,1.5622626884666224
2024-09-22T17:00:00Z,Primeira Liga,SC Farense,FC Arouca,0,1,0.6632661057021041,1.0959643013653697
2024-09-22T19:30:00Z,Primeira Liga,Sporting Clube de Portugal,AVS,3,0,3.7537408617688786,1.0543600987106307
2024-09-23T19:15:00Z,Primeira Liga,Boavista FC,Sport Lisboa e Benfica,0,3,0.6542187657274328,3.8571588931153027
2024-09-27T19:15:00Z,Primeira Liga,GD Estoril Praia,Sporting Clube de Portugal,0,3,0.3616490803896143,3.439794434487401
2024-09-28T14:30:00Z,Primeira Liga,CF Estrela da Amadora,Moreirense FC,2,1,2.726969402473942,1.378591242941002
2024-09-28T17:00:00Z,Primeira Liga,Casa Pia AC,Vitória SC,1,1,1.0816514793422214,1.8088813084259079
2024-09-28T19:30:00Z,Primeira Liga,Sport Lisboa e Benfica,Gil Vicente FC,5,1,5.816167465688765,2.094741135050678
2024-09-29T14:30:00Z,Primeira Liga,FC Famalicão,CD Nacional,0,0,0.14164311807018948,0.7861280767434061
2024-09-29T17:00:00Z,Primeira Liga,FC Porto,FC Arouca,4,0,4.58574098603842,1.1515408002189806
2024-09-29T19:30:00Z,Primeira Liga,Sporting Clube de Braga,Rio Ave FC,4,0,4.2464538124721525,0.22329460128142464
2024-09-29T19:30:00Z,Primeira Liga,CD Santa Clara,Boavista FC,1,0,1.666016694922328,0.2541839508503628
2024-09-30T19:15:00Z,Primeira Liga,AVS,SC Farense,0,0,0.48982243222162736,0.14331766458399542
2024-10-04T19:15:00Z,Primeira Liga,Rio Ave FC,FC Famalicão,1,1,1.0215732125510004,1.6325281948948438
2024-10-05T14:30:00Z,Primeira Liga,Moreirense FC,CD Santa Clara,1,0,1.6262098893055437,0.5526810649413111
2024-10-05T14:30:00Z,Primeira Liga,Gil Vicente FC,CF Estrela da Amadora,3,0,3.3266237669501866,0.45441466295840427
2024-10-05T17:00:00Z,Primeira Liga,FC Arouca,AVS,1,1,1.7643440162440107,1.7427775884369896
2024-10-05T19:30:00Z,Primeira Liga,Sporting Clube de Portugal,Casa Pia AC,2,0,2.5003977066203222,0.8696985815643992
2024-10-06T14:30:00Z,Primeira Liga,Vitória SC,Boavista FC,2,2,2.6186262956164112,2.0423012772139475
2024-10-06T14:30:00Z,Primeira Liga,SC Farense,GD Estoril Praia,1,0,1.2127293134954364,0.32090839162966533
2024-10-06T19:30:00Z,Primeira Liga,FC Porto,Sporting Clube de Braga,2,1,2.323200330571791,1.746043078236918
2024-10-25T17:45:00Z,Primeira Liga,Casa Pia AC,CD Nacional,1,0,1.3624084091696747,0.35967839484242536
2024-10-25T19:45:00Z,Primeira Liga,CD Santa Clara,Gil Vicente FC,2,1,2.7570107440727667,1.260538177092554
2024-10-26T14:30:00Z,Primeira Liga,GD Estoril Praia,FC Arouca,4,1,5.003213126341647,1.8055612282951183
2024-10-26T17:00:00Z,Primeira Liga,Boavista FC,Moreirense FC,0,2,0.25844847447713715,2.113149979082806
2024-10-26T19:30:00Z,Primeira Liga,FC Famalicão,Sporting Clube de Portugal,0,3,0.8230544433973042,3.4095260576626685
2024-10-27T15:30:00Z,Primeira Liga,Sporting Clube de Braga,SC Farense,2,0,1.8490967746822893,0.5985932077414425
2024-10-27T18:00:00Z,Primeira Liga,Sport Lisboa e Benfica,Rio Ave FC,5,0,5.141743179672313,0.3278540258269644
2024-10-27T20:30:00Z,Primeira Liga,CF Estrela da Amadora,Vitória SC,2,2,2.2123664631439675,2.734946696803952
2024-10-28T20:15:00Z,Primeira Liga,AVS,FC Porto,0,5,0.0942473931677833,5.32933690744079
2024-11-01T20:15:00Z,Primeira Liga,Sporting Clube de Portugal,CF Estrela da Amadora,5,1,5.024923483063726,1.9225858480337759
2024-11-02T15:30:00Z,Primeira Liga,Rio Ave FC,Casa Pia AC,2,2,2.6238996736413394,2.4622761107512683
2024-11-02T18:00:00Z,Primeira Liga,SC Farense,Sport Lisboa e Benfica,1,2,1.4357796906816416,2.701381041011606
2024-11-02T20:30:00Z,Primeira Liga,Gil Vicente FC,Boavista FC,1,2,1.613821619281533,2.723807185894845
2024-11-03T15:30:00Z,Primeira Liga,AVS,FC Famalicão,2,3,2.707141805836454,3.311737999176778
2024-11-03T18:00:00Z,Primeira Liga,FC Arouca,Sporting Clube de Braga,1,2,1.57968509795176,1.8839540354032334
2024-11-03T18:00:00Z,Primeira Liga,Vitória SC,Moreirense FC,1,0,1.697328952845112,0.6082267263991504
2024-11-03T20:30:00Z,Primeira Liga,FC Porto,GD Estoril Praia,4,0,4.479140314127319,0.5216865041374609
2024-11-04T20:15:00Z,Primeira Liga,CD Nacional,CD Santa Clara,2,0,2.1439019835082767,0.6667478082725382
2024-11-08T20:15:00Z,Primeira Liga,Moreirense FC,Gil Vicente FC,3,2,3.8173442542462386,2.4320417582851483
2024-11-09T15:30:00Z,Primeira Liga,Casa Pia AC,SC Farense,1,1,1.323266360165662,1.3708716903597853
2024-11-09T15:30:00Z,Primeira Liga,GD Estoril Praia,AVS,0,0,0.21932111037127222,1.1025419032945099
2024-11-09T18:00:00Z,Primeira Liga,FC Famalicão,FC Arouca,0,0,0.44662463725868057,0.058293781546766676
2024-11-09T20:30:00Z,Primeira Liga,Boavista FC,Rio Ave FC,0,2,0.2261567242110461,2.7201851435092714
2024-11-10T15:30:00Z,Primeira Liga,CF Estrela da Amadora,CD Nacional,2,0,2.37477088540317,0.32761944254498265
2024-11-10T16:30:00Z,Primeira Liga,CD Santa Clara,Vitória SC,1,0,1.60321617646904,0.3992664146778734
2024-11-10T18:45:00Z,Primeira Liga,Sporting Clube de Braga,Sporting Clube de Portugal,2,4,2.604502521773838,4.40486915022781
2024-11-10T20:45:00Z,Primeira Liga,Sport Lisboa e Benfica,FC Porto,4,1,4.230650980072311,1.2589697177486228
2024-11-29T20:15:00Z,Primeira Liga,SC Farense,CF Estrela da Amadora,1,0,1.3536883881153767,0.6713672630708718
2024-11-30T15:30:00Z,Primeira Liga,Rio Ave FC,Moreirense FC,3,2,3.822299901431073,2.917193078784987
2024-11-30T18:00:00Z,Primeira Liga,CD Nacional,Boavista FC,0,0,0.6489200353201823,0.6410040983739984
2024-11-30T20:30:00Z,Primeira Liga,Sporting Clube de Portugal,CD Santa Clara,0,1,1.1225195118045623,1.5310145988636286
2024-12-01T15:30:00Z,Primeira Liga,GD Estoril Praia,FC Famalicão,2,1,2.854038452122458,1.204067850270226
2024-12-01T18:00:00Z,Primeira Liga,FC Arouca,Sport Lisboa e Benfica,0,2,0.8432879205679817,2.655047579747335
2024-12-01T20:30:00Z,Primeira Liga,AVS,Sporting Clube de Braga,0,1,0.08363943486325942,2.1469048895187894
2024-12-02T18:45:00Z,Primeira Liga,Vitória SC,Gil Vicente FC,4,0,4.7291581054900265,0.38579161286147223
2024-12-02T20:45:00Z,Primeira Liga,FC Porto,Casa Pia AC,2,0,2.4840679594909267,0.38720492619444014
2024-12-05T20:15:00Z,Primeira Liga,Moreirense FC,Sporting Clube de Portugal,2,1,2.334705458938525,1.331673260705701
2024-12-06T20:15:00Z,Primeira Liga,Sporting Clube de Braga,GD Estoril Praia,2,2,2.5504046021597584,2.353175729651674
2024-12-07T15:30:00Z,Primeira Liga,Gil Vicente FC,CD Nacional,2,1,2.783563460383445,0.6764101338982846
2024-12-07T18:00:00Z,Primeira Liga,Sport Lisboa e Benfica,Vitória SC,1,0,1.6502494773012635,0.6215106157567138
2024-12-07T18:00:00Z,Primeira Liga,CD Santa Clara,Rio Ave FC,1,0,1.236457859597382,0.2463343470936159
2024-12-07T20:30:00Z,Primeira Liga,FC Famalicão,FC Porto,1,1,1.722737674077786,1.01692106436246
2024-12-08T15:30:00Z,Primeira Liga,Boavista FC,SC Farense,1,1,1.308723737377211,1.7259569849197647
2024-12-08T18:00:00Z,Primeira Liga,Casa Pia AC,AVS,1,1,1.565004935689286,1.1753946644874191
2024-12-09T20:15:00Z,Primeira Liga,CF Estrela da Amadora,FC Arouca,2,1,2.4089949797568595,1.3983992838348727
2024-12-14T15:30:00Z,Primeira Liga,SC Farense,Gil Vicente FC,0,1,0.4343401244793123,1.939932717356574
2024-12-14T18:00:00Z,Primeira Liga,CD Nacional,Moreirense FC,1,0,1.729872892512153,0.07723526059264596
2024-12-14T20:30:00Z,Primeira Liga,Sporting Clube de Portugal,Boavista FC,3,2,3.1879418840552307,2.0402205296206715
2024-12-15T15:30:00Z,Primeira Liga,FC Arouca,CD Santa Clara,1,0,2.08355852228308,0.5807918568687014
2024-12-15T18:00:00Z,Primeira Liga,AVS,Sport Lisboa e Benfica,1,1,0.9536741792116511,1.8448462092031106
2024-12-15T20:30:00Z,Primeira Liga,GD Estoril Praia,Casa Pia AC,0,2,0.3206996950235429,2.027697484680411
2024-12-16T18:45:00Z,Primeira Liga,Sporting Clube de Braga,FC Famalicão,3,3,3.6110635669825224,3.622306921051153
2024-12-16T20:15:00Z,Primeira Liga,FC Porto,CF Estrela da Amadora,2,0,2.6752942499305927,0.6742998619885077
2024-12-16T20:45:00Z,Primeira Liga,Rio Ave FC,Vitória SC,2,2,2.4698572838284885,1.882251854892304
2024-12-19T17:00:00Z,Primeira Liga,CD Nacional,Sport Lisboa e Benfica,0,2,0.48278278909953726,2.739550401372166
2024-12-20T20:15:00Z,Primeira Liga,Casa Pia AC,FC Arouca,3,1,3.623165025598285,1.762981763952654
2024-12-21T15:30:00Z,Primeira Liga,FC Famalicão,SC Farense,1,2,1.430679156762696,2.4064643280231928
2024-12-21T18:00:00Z,Primeira Liga,Boavista FC,AVS,0,0,0.9179543773804717,0.8757039086894025
2024-12-21T20:30:00Z,Primeira Liga,Moreirense FC,FC Porto,0,3,0.7518047342694807,3.8409366722974534
2024-12-22T17:00:00Z,Primeira Liga,CD Santa Clara,Sporting Clube de Braga,0,2,0.7618473053016903,2.5309353777151613
2024-12-22T20:30:00Z,Primeira Liga,Gil Vicente FC,Sporting Clube de Portugal,0,0,0.21015298298887491,0.3645663829025199
2024-12-23T18:45:00Z,Primeira Liga,Sport Lisboa e Benfica,GD Estoril Praia,3,0,3.476183472678289,0.2081516322251129
2024-12-23T18:45:00Z,Primeira Liga,Vitória SC,CD Nacional,2,2,2.409860215383789,2.4887309471901427
2024-12-23T20:45:00Z,Primeira Liga,CF Estrela da Amadora,Rio Ave FC,1,0,1.1983195872931602,0.6709276759112537
2024-12-27T20:15:00Z,Primeira Liga,FC Arouca,Gil Vicente FC,1,1,1.60804925518373,1.4027469416878076
2024-12-28T15:30:00Z,Primeira Liga,AVS,CF Estrela da Amadora,1,1,1.338706272666055,0.840749698421391
2024-12-28T18:00:00Z,Primeira Liga,GD Estoril Praia,Moreirense FC,2,2,2.696621148955071,2.880614168372971
2024-12-28T20:30:00Z,Primeira Liga,FC Porto,Boavista FC,4,0,4.1789425311317006,0.5570669665534681
2024-12-29T15:30:00Z,Primeira Liga,SC Farense,Vitória SC,2,2,3.0157121838525462,2.38611265099695
2024-12-29T15:30:00Z,Primeira Liga,Rio Ave FC,CD Nacional,2,1,2.2311002024223816,1.7571475165269865
2024-12-29T18:00:00Z,Primeira Liga,Sporting Clube de Braga,Casa Pia AC,1,2,1.5657907011601309,2.9573915789448266
2024-12-29T20:30:00Z,Primeira Liga,Sporting Clube de Portugal,Sport Lisboa e Benfica,1,0,1.7375577931164203,0.0
2024-12-30T20:15:00Z,Primeira Liga,FC Famalicão,CD Santa Clara,1,2,1.3288078709399662,2.6302790949766215
2025-01-03T20:15:00Z,Primeira Liga,Vitória SC,Sporting Clube de Portugal,4,4,4.755740593029885,4.072005236756896
2025-01-04T15:30:00Z,Primeira Liga,Moreirense FC,AVS,1,1,1.1312449206598751,1.6497331520396825
2025-01-04T18:00:00Z,Primeira Liga,Sport Lisboa e Benfica,Sporting Clube de Braga,1,2,1.935635309754768,2.538378160712374
2025-01-04T20:30:00Z,Primeira Liga,Boavista FC,FC Arouca,1,3,1.5042447794897273,3.690717957932165
2025-01-05T15:30:00Z,Primeira Liga,CD Santa Clara,SC Farense,0,0,0.32107657760933617,0.35022571565160343
2025-01-05T18:00:00Z,Primeira Liga,Casa Pia AC,FC Famalicão,1,1,1.4102454682717696,0.9380279664542545
2025-01-05T20:30:00Z,Primeira Liga,CF Estrela da Amadora,GD Estoril Praia,2,4,2.742675780817816,4.364889542623
2025-01-06T20:15:00Z,Primeira Liga,Gil Vicente FC,Rio Ave FC,1,1,1.3246634124448686,1.6220542905419348
2025-01-12T15:30:00Z,Primeira Liga,CD Nacional,FC Porto,2,0,2.2751926931731665,0.804617698602567
2025-01-17T20:15:00Z,Primeira Liga,Sport Lisboa e Benfica,FC Famalicão,4,0,4.433539020724878,0.1484506098582425
2025-01-18T15:30:00Z,Primeira Liga,CD Santa Clara,GD Estoril Praia,2,3,2.1469113661690096,3.8081181280619054
2025-01-18T18:00:00Z,Primeira Liga,Rio Ave FC,Sporting Clube de Portugal,0,3,1.0461631723825446,3.3056383131060434
2025-01-18T20:30:00Z,Primeira Liga,Vitória SC,FC Arouca,2,2,2.330081622635583,2.6087349644783577
2025-01-19T15:30:00Z,Primeira Liga,CD Nacional,AVS,3,1,3.749485035854121,1.3470318141403101
2025-01-19T15:30:00Z,Primeira Liga,Moreirense FC,SC Farense,0,0,0.5628410250943318,0.5546511883136305
2025-01-19T18:00:00Z,Primeira Liga,CF Estrela da Amadora,Sporting Clube de Braga,0,1,0.20463978485540957,1.7675632903710823
2025-01-19T20:30:00Z,Primeira Liga,Gil Vicente FC,FC Porto,3,1,3.4982135872361813,1.1318957768134392
2025-01-20T20:15:00Z,Primeira Liga,Boavista FC,Casa Pia AC,2,3,2.7352008337932245,3.2960282309759505
2025-01-24T20:15:00Z,Primeira Liga,FC Arouca,Moreirense FC,1,0,1.443521599474108,0.5554887762026259
2025-01-25T15:30:00Z,Primeira Liga,FC Famalicão,CF Estrela da Amadora,0,0,0.8579338837553083,1.2204750983091057
2025-01-25T15:30:00Z,Primeira Liga,SC Farense,Rio Ave FC,1,2,1.806454617834559,2.2410430863499515
2025-01-25T18:00:00Z,Primeira Liga,Casa Pia AC,Sport Lisboa e Benfica,3,1,3.775674456397499,2.1120401657990757
2025-01-25T20:30:00Z,Primeira Liga,Sporting Clube de Portugal,CD Nacional,2,0,2.362102968318101,1.1013269911025514
2025-01-26T15:30:00Z,Primeira Liga,GD Estoril Praia,Vitória SC,1,0,1.1760472656655538,0.47080665478952266
2025-01-26T18:00:00Z,Primeira Liga,FC Porto,CD Santa Clara,1,1,1.3159237183911616,1.41055424214003
2025-01-26T20:30:00Z,Primeira Liga,Sporting Clube de Braga,Boavista FC,3,0,3.5588722822000163,0.2923804404005925
2025-01-27T20:15:00Z,Primeira Liga,AVS,Gil Vicente FC,1,0,1.6637360140597066,0.4795392409001993
2025-01-31T20:15:00Z,Primeira Liga,Boavista FC,FC Famalicão,0,2,0.0,2.0779841702321327
2025-02-01T15:30:00Z,Primeira Liga,CD Nacional,FC Arouca,1,2,1.497566039516475,2.477128294803821
2025-02-01T15:30:00Z,Primeira Liga,CD Santa Clara,Casa Pia AC,2,1,2.5474267675969555,1.9490640821552567
2025-02-01T18:00:00Z,Primeira Liga,Gil Vicente FC,GD Estoril Praia,1,2,1.4167367231053345,2.316674481256985
2025-02-01T20:30:00Z,Primeira Liga,Vitória SC,AVS,2,0,2.8873821517047635,0.4277827088032848
2025-02-02T18:00:00Z,Primeira Liga,Sporting Clube de Portugal,SC Farense,3,1,3.626534022275261,0.9896578577198275
2025-02-02T20:30:00Z,Primeira Liga,CF Estrela da Amadora,Sport Lisboa e Benfica,2,3,2.893057572424269,3.6122186264393132
2025-02-03T18:45:00Z,Primeira Liga,Moreirense FC,Sporting Clube de Braga,1,2,1.4352118438949304,2.579344505485412
2025-02-03T20:45:00Z,Primeira Liga,Rio Ave FC,FC Porto,2,2,2.7812432477520774,2.5191107079297312
2025-02-07T20:15:00Z,Primeira Liga,FC Porto,Sporting Clube de Portugal,1,1,1.9905199183582558,1.4349518849333571
2025-02-08T15:30:00Z,Primeira Liga,AVS,CD Santa Clara,1,2,1.8935080347817983,2.4121726243682637
2025-02-08T18:00:00Z,Primeira Liga,Sport Lisboa e Benfica,Moreirense FC,3,2,3.17235752197138,2.6505700701102013
2025-02-08T20:30:00Z,Primeira Liga,FC Famalicão,Vitória SC,0,0,0.4238971767372857,0.491355019523413
2025-02-09T15:30:00Z,Primeira Liga,GD Estoril Praia,Boavista FC,2,1,2.3964505883650613,1.5944915614665995
2025-02-09T15:30:00Z,Primeira Liga,SC Farense,CD Nacional,0,2,0.6467763605228982,2.5644948452363643
2025-02-09T18:00:00Z,Primeira Liga,Sporting Clube de Braga,Gil Vicente FC,2,0,2.70590606650436,0.8370281861287285
2025-02-09T20:30:00Z,Primeira Liga,Casa Pia AC,CF Estrela da Amadora,1,0,1.248332197792279,0.7030982292125163
2025-02-10T20:15:00Z,Primeira Liga,FC Arouca,Rio Ave FC,1,1,1.5203515541750812,1.5578585529450573
2025-02-14T20:15:00Z,Primeira Liga,Boavista FC,CF Estrela da Amadora,0,1,0.0,1.9555266091956538
2025-02-15T15:30:00Z,Primeira Liga,Moreirense FC,Casa Pia AC,3,2,3.932583501740567,2.6260805587169687
2025-02-15T17:00:00Z,Primeira Liga,CD Nacional,GD Estoril Praia,2,2,2.346287727796992,2.891488806637126
2025-02-15T18:00:00Z,Primeira Liga,CD Santa Clara,Sport Lisboa e Benfica,0,1,0.5167591819533491,1.6820827825159914
2025-02-15T20:30:00Z,Primeira Liga,Sporting Clube de Portugal,FC Arouca,2,2,2.4071050858035816,1.9474242763205372
2025-02-16T15:30:00Z,Primeira Liga,Rio Ave FC,AVS,1,1,1.8438082725040246,1.8914504289957987
2025-02-16T18:00:00Z,Primeira Liga,SC Farense,FC Porto,0,1,0.0,1.5405528724028006
2025-02-16T20:30:00Z,Primeira Liga,Vitória SC,Sporting Clube de Braga,0,0,0.4950168973022273,0.4844135687297666
2025-02-17T20:15:00Z,Primeira Liga,Gil Vicente FC,FC Famalicão,0,2,0.46825437275069065,2.584404504246873
2025-02-21T20:15:00Z,Primeira Liga,Sporting Clube de Braga,CD Nacional,1,0,1.3639090837224952,0.3965050514128798
2025-02-22T15:30:00Z,Primeira Liga,Casa Pia AC,Gil Vicente FC,1,0,2.0178679636906898,0.5681086581166835
2025-02-22T18:00:00Z,Primeira Liga,Sport Lisboa e Benfica,Boavista FC,3,0,3.2338011623432688,0.3224371800970723
2025-02-22T20:30:00Z,Primeira Liga,GD Estoril Praia,Rio Ave FC,2,1,2.731538853170698,1.882281677620311
2025-02-23T15:30:00Z,Primeira Liga,CF Estrela da Amadora,CD Santa Clara,0,0,0.6068758366118251,0.4659235659136849
2025-02-23T15:30:00Z,Primeira Liga,FC Arouca,SC Farense,2,2,2.8784557757606546,2.3852248471832698
2025-02-23T18:00:00Z,Primeira Liga,AVS,Sporting Clube de Portugal,2,2,2.2998432745667485,2.222522255284218
2025-02-23T20:30:00Z,Primeira Liga,FC Famalicão,Moreirense FC,2,0,2.2801093302628725,0.5806327367445925
2025-02-24T20:15:00Z,Primeira Liga,FC Porto,Vitória SC,1,1,1.8288209722432196,1.5561321300375277
2025-03-01T15:30:00Z,Primeira Liga,CD Nacional,FC Famalicão,2,1,2.627596392499033,1.616527384103252
2025-03-01T18:00:00Z,Primeira Liga,FC Arouca,FC Porto,0,2,0.03651879599697244,2.1918244337484616
2025-03-01T20:30:00Z,Primeira Liga,Vitória SC,Casa Pia AC,1,0,1.3382084956610187,0.01964564035652816
2025-03-02T15:30:00Z,Primeira Liga,Boavista FC,CD Santa Clara,1,0,1.6159147961544182,0.687677390751968
2025-03-02T15:30:00Z,Primeira Liga,Moreirense FC,CF Estrela da Amadora,1,1,1.7513292664639768,1.9453925585629523
2025-03-02T18:00:00Z,Primeira Liga,SC Farense,AVS,0,1,0.2962308040421135,1.1920939132830313
2025-03-02T20:30:00Z,Primeira Liga,Rio Ave FC,Sporting Clube de Braga,2,1,1.6257232030549176,1.9768323850685094
2025-03-03T20:15:00Z,Primeira Liga,Sporting Clube de Portugal,GD Estoril Praia,3,1,3.65696695572111,1.5851733176209142
2025-03-07T20:15:00Z,Primeira Liga,CF Estrela da Amadora,Gil Vicente FC,1,1,1.1339037930168072,1.497881128634751
2025-03-08T15:30:00Z,Primeira Liga,AVS,FC Arouca,0,1,0.0,1.3807353910362665
2025-03-08T18:00:00Z,Primeira Liga,GD Estoril Praia,SC Farense,2,2,1.6503022225047577,2.084644594172501
2025-03-08T18:00:00Z,Primeira Liga,Sport Lisboa e Benfica,CD Nacional,3,0,3.7441942580593226,0.7963185547773799
2025-03-08T20:30:00Z,Primeira Liga,Sporting Clube de Braga,FC Porto,1,0,1.53858523512149,0.2673180915687191
2025-03-09T15:30:00Z,Primeira Liga,CD Santa Clara,Moreirense FC,1,1,1.4323030857863244,1.26605799727872
2025-03-09T18:00:00Z,Primeira Liga,Casa Pia AC,Sporting Clube de Portugal,1,3,1.9167073088888285,3.7975778929660864
2025-03-09T20:30:00Z,Primeira Liga,Boavista FC,Vitória SC,1,2,1.6911974049069216,1.935104965998482
2025-03-10T20:15:00Z,Primeira Liga,FC Famalicão,Rio Ave FC,1,0,1.984890012816575,0.04292065679955004
2025-03-15T15:30:00Z,Primeira Liga,SC Farense,Sporting Clube de Braga,0,1,0.08217935834990109,1.4945597269475754
2025-03-15T15:30:00Z,Primeira Liga,Gil Vicente FC,CD Santa Clara,0,1,0.48963481281381094,1.5879853287014556
2025-03-15T18:00:00Z,Primeira Liga,FC Porto,AVS,2,0,2.0149859875155958,0.6454203943906771
2025-03-15T20:30:00Z,Primeira Liga,Sporting Clube de Portugal,FC Famalicão,3,1,3.4311853004433597,1.4094604519811242
2025-03-16T15:30:00Z,Primeira Liga,CD Nacional,Casa Pia AC,3,1,3.4254152438699967,2.259110900592507
2025-03-16T15:30:00Z,Primeira Liga,FC Arouca,GD Estoril Praia,1,1,1.6879840911789212,1.4316322323702497
2025-03-16T18:00:00Z,Primeira Liga,Rio Ave FC,Sport Lisboa e Benfica,2,3,2.5136691643425695,3.430764154369183
2025-03-16T20:30:00Z,Primeira Liga,Vitória SC,CF Estrela da Amadora,2,0,2.6870221414839746,0.26090399935583675
2025-03-16T20:30:00Z,Primeira Liga,Moreirense FC,Boavista FC,1,0,1.7110320399416683,0.5371720449563213
2025-03-28T20:15:00Z,Primeira Liga,Gil Vicente FC,Sport Lisboa e Benfica,0,3,1.1464786032149425,3.6844883696140323
2025-03-29T15:30:00Z,Primeira Liga,Casa Pia AC,Rio Ave FC,2,1,2.4054110034141627,1.861073416360038
2025-03-29T18:00:00Z,Primeira Liga,CF Estrela da Amadora,Sporting Clube de Portugal,0,3,0.21769318980008628,3.0532147206679348
2025-03-29T20:30:00Z,Primeira Liga,Sporting Clube de Braga,FC Arouca,2,1,2.5738250845949224,1.4262013984932898
2025-03-30T14:30:00Z,Primeira Liga,FC Famalicão,AVS,4,1,4.259315991858137,1.6340110832427432
2025-03-30T14:30:00Z,Primeira Liga,CD Santa Clara,CD Nacional,1,0,1.9445882305309607,0.6761172603783607
2025-03-30T17:00:00Z,Primeira Liga,GD Estoril Praia,FC Porto,1,2,1.4150345883164301,2.501964597341362
2025-03-30T19:30:00Z,Primeira Liga,Moreirense FC,Vitória SC,2,2,2.330327089637803,2.6627271908596306
2025-04-01T19:15:00Z,Primeira Liga,Boavista FC,Gil Vicente FC,1,3,1.3586052836546645,3.25731083212226
2025-04-02T19:15:00Z,Primeira Liga,Sport Lisboa e Benfica,SC Farense,3,2,3.7155252270414922,2.9673716296955073
2025-04-04T19:15:00Z,Primeira Liga,AVS,GD Estoril Praia,0,3,0.45267590503055444,3.797788430893829
2025-04-05T17:00:00Z,Primeira Liga,FC Arouca,FC Famalicão,1,2,1.3074999539608854,2.0965216638804485
2025-04-05T19:30:00Z,Primeira Liga,Vitória SC,CD Santa Clara,2,0,2.999605575287059,0.17746908556497332
2025-04-06T14:30:00Z,Primeira Liga,Gil Vicente FC,Moreirense FC,0,1,0.243149047801475,1.1859234749679282
2025-04-06T17:00:00Z,Primeira Liga,CD Nacional,CF Estrela da Amadora,0,1,0.5106698222098981,1.7033909912689587
2025-04-06T19:30:00Z,Primeira Liga,FC Porto,Sport Lisboa e Benfica,1,4,1.6956918454830692,4.1145816700747595
2025-04-07T17:45:00Z,Primeira Liga,SC Farense,Casa Pia AC,0,0,0.01059946687487806,0.4006926997375758
2025-04-07T19:15:00Z,Primeira Liga,Rio Ave FC,Boavista FC,0,2,0.6440781504217774,2.6364113189250324
2025-04-07T19:45:00Z,Primeira Liga,Sporting Clube de Portugal,Sporting Clube de Braga,1,1,1.1834676973558653,1.4801502196360696
2025-04-11T19:15:00Z,Primeira Liga,Gil Vicente FC,Vitória SC,0,1,0.7468348342502007,1.5776662547138116
2025-04-12T14:30:00Z,Primeira Liga,FC Famalicão,GD Estoril Praia,3,0,3.211204696424307,0.18025918659537254
2025-04-12T14:30:00Z,Primeira Liga,Boavista FC,CD Nacional,0,1,0.7078307095546581,1.6784563120191733
2025-04-12T17:00:00Z,Primeira Liga,CD Santa Clara,Sporting Clube de Portugal,0,1,0.8317499198884137,1.3160364322572011
2025-04-12T19:30:00Z,Primeira Liga,Casa Pia AC,FC Porto,0,1,0.7584309576898415,1.4026140976806176
2025-04-13T14:30:00Z,Primeira Liga,CF Estrela da Amadora,SC Farense,0,1,0.5753949944714307,1.5713195183717958
2025-04-13T17:00:00Z,Primeira Liga,Sporting Clube de Braga,AVS,4,1,4.43060971712109,1.5309234664592544
2025-04-13T17:00:00Z,Primeira Liga,Sport Lisboa e Benfica,FC Arouca,2,2,2.327074127099547,2.5071940057046778
2025-04-13T19:30:00Z,Primeira Liga,Moreirense FC,Rio Ave FC,0,2,0.9413104072451312,2.2748119534069735
2025-04-18T14:30:00Z,Primeira Liga,SC Farense,Boavista FC,0,1,0.29015143394970705,1.4101351766402423
2025-04-18T14:30:00Z,Primeira Liga,Rio Ave FC,CD Santa Clara,1,1,1.1888801779290012,1.500655077251111
2025-04-18T17:00:00Z,Primeira Liga,FC Porto,FC Famalicão,2,1,2.699610680509849,1.0874744300498747
2025-04-18T19:30:00Z,Primeira Liga,Sporting Clube de Portugal,Moreirense FC,3,1,3.2611589590440513,1.3612401101059863
2025-04-19T14:30:00Z,Primeira Liga,CD Nacional,Gil Vicente FC,0,3,0.21498095076016188,3.616303963709854
2025-04-19T14:30:00Z,Primeira Liga,AVS,Casa Pia AC,1,1,1.0669187213490705,1.1167690188463972
2025-04-19T17:00:00Z,Primeira Liga,GD Estoril Praia,Sporting Clube de Braga,0,2,0.3551270481618447,2.846974495478272
2025-04-19T17:00:00Z,Primeira Liga,FC Arouca,CF Estrela da Amadora,1,0,1.4751854928310522,0.8808839787799528
2025-04-19T19:30:00Z,Primeira Liga,Vitória SC,Sport Lisboa e Benfica,0,3,0.5729275182982096,3.1264548272119743
2025-04-25T19:30:00Z,Primeira Liga,FC Famalicão,Sporting Clube de Braga,1,1,1.785391873289845,1.9072858899150418
2025-04-26T14:30:00Z,Primeira Liga,CD Santa Clara,FC Arouca,2,0,2.6580693770997383,0.45692552338635967
2025-04-26T17:00:00Z,Primeira Liga,Gil Vicente FC,SC Farense,1,0,1.442738334134046,0.6255543677471165
2025-04-26T19:30:00Z,Primeira Liga,CF Estrela da Amadora,FC Porto,2,0,2.4405412970860842,0.351004684361526
2025-04-27T14:30:00Z,Primeira Liga,Moreirense FC,CD Nacional,1,1,1.6530472406745549,1.7769134481680284
2025-04-27T17:00:00Z,Primeira Liga,Sport Lisboa e Benfica,AVS,6,0,6.881771048878571,0.6218282056546001
2025-04-27T17:00:00Z,Primeira Liga,Vitória SC,Rio Ave FC,3,0,3.5378942598449603,0.2557540230207189
2025-04-27T19:30:00Z,Primeira Liga,Boavista FC,Sporting Clube de Portugal,0,5,0.35926074373687733,5.150439400010414
2025-04-29T19:30:00Z,Primeira Liga,Casa Pia AC,GD Estoril Praia,1,3,1.2021401996743364,3.0619092694372334
2025-05-02T19:15:00Z,Primeira Liga,FC Porto,Moreirense FC,3,1,3.066438420676332,1.556382532929827
2025-05-03T14:30:00Z,Primeira Liga,CD Nacional,Vitória SC,1,2,1.699880901613057,2.6717414235339207
2025-05-03T14:30:00Z,Primeira Liga,SC Farense,FC Famalicão,2,1,2.673393557091867,1.6952897036338324
2025-05-03T17:00:00Z,Primeira Liga,Sporting Clube de Braga,CD Santa Clara,1,1,1.6732090575319984,1.4646056716177867
2025-05-03T19:30:00Z,Primeira Liga,GD Estoril Praia,Sport Lisboa e Benfica,1,2,1.4614021660943832,2.152901063300691
2025-05-04T17:00:00Z,Primeira Liga,FC Arouca,Casa Pia AC,0,0,0.9220804237675252,0.29537756059286513
2025-05-04T19:30:00Z,Primeira Liga,Sporting Clube de Portugal,Gil Vicente FC,2,1,2.354764451624555,1.8457045916885777
2025-05-05T18:30:00Z,Primeira Liga,Rio Ave FC,CF Estrela da Amadora,2,0,2.7865807711621615,0.3546114306199756
2025-05-05T19:15:00Z,Primeira Liga,AVS,Boavista FC,1,2,1.488377131503137,2.5430252892044427
2025-05-10T14:30:00Z,Primeira Liga,CD Santa Clara,FC Famalicão,2,1,2.317494770596199,1.1773048549275338
2025-05-10T14:30:00Z,Primeira Liga,CD Nacional,Rio Ave FC,3,3,3.6777590921953283,3.6009749136377103
2025-05-10T17:00:00Z,Primeira Liga,Sport Lisboa e Benfica,Sporting Clube de Portugal,1,1,1.622890835605198,1.3626946314962767
2025-05-10T19:30:00Z,Primeira Liga,Casa Pia AC,Sporting Clube de Braga,2,1,2.607091827780078,1.814013814132729
2025-05-10T19:30:00Z,Primeira Liga,Gil Vicente FC,FC Arouca,1,1,1.5243835266168597,1.732067311862044
2025-05-11T14:30:00Z,Primeira Liga,CF Estrela da Amadora,AVS,0,1,0.48863207548495075,1.3512882160275301
2025-05-11T17:00:00Z,Primeira Liga,Moreirense FC,GD Estoril Praia,2,2,3.2165115978611314,2.4620007917957007
2025-05-11T17:00:00Z,Primeira Liga,Vitória SC,SC Farense,1,2,1.8552769935588518,2.3346651279878112
2025-05-11T19:30:00Z,Primeira Liga,Boavista FC,FC Porto,1,2,1.7168480684956537,2.074170041036497
2025-05-16T18:00:00Z,Primeira Liga,Rio Ave FC,Gil Vicente FC,1,1,1.5335397474610164,1.242767271135835
2025-05-16T18:00:00Z,Primeira Liga,FC Famalicão,Casa Pia AC,2,1,2.8021471601790005,1.559465198316246
2025-05-17T17:00:00Z,Primeira Liga,GD Estoril Praia,CF Estrela da Amadora,4,0,4.655398432917435,0.5975778494688746
2025-05-17T17:00:00Z,Primeira Liga,Sporting Clube de Portugal,Vitória SC,2,0,2.5078614258322105,0.5445643710777917
2025-05-17T17:00:00Z,Primeira Liga,Sporting Clube de Braga,Sport Lisboa e Benfica,1,1,1.4089307024202256,1.4094800838124093
2025-05-17T17:00:00Z,Primeira Liga,FC Porto,CD Nacional,3,0,3.4757247987011937,0.7799199817162956
2025-05-17T17:00:00Z,Primeira Liga,AVS,Moreirense FC,0,3,0.0,3.5190625713682815
2025-05-17T17:00:00Z,Primeira Liga,FC Arouca,Boavista FC,4,1,4.5631802517892925,1.7109761484287842
2025-05-17T17:00:00Z,Primeira Liga,SC Farense,CD Santa Clara,1,2,1.353457175966892,1.9678674603392445
2023-09-19T16:45:00Z,UEFA Champions League,AC Milan,Newcastle United FC,0,0,0.9778009994848652,0.0
2023-09-19T16:45:00Z,UEFA Champions League,BSC Young Boys,RB Leipzig,1,3,1.5058032212435264,3.585136408351424
2023-09-19T19:00:00Z,UEFA Champions League,SS Lazio,Club Atlético de Madrid,1,1,1.1433109741395113,1.0725703038835532
2023-09-19T19:00:00Z,UEFA Champions League,Feyenoord Rotterdam,Celtic FC,2,0,2.4850359537615647,0.4362644891860832
2023-09-19T19:00:00Z,UEFA Champions League,Paris Saint-Germain FC,Borussia Dortmund,2,0,2.1861636744812487,0.4093708876926183
2023-09-19T19:00:00Z,UEFA Champions League,Manchester City FC,FK Crvena Zvezda,3,1,3.64202222471374,1.976220180724661
2023-09-19T19:00:00Z,UEFA Champions League,FC Barcelona,Royal Antwerp FC,5,0,5.5872842093018456,0.6199989658830819
2023-09-19T19:00:00Z,UEFA Champions League,FK Shakhtar Donetsk,FC Porto,1,3,1.7873518893324802,3.5497577080396017
2023-09-20T16:45:00Z,UEFA Champions League,Real Madrid CF,1. FC Union Berlin,1,0,1.2627354624916305,0.7510973463901021
2023-09-20T16:45:00Z,UEFA Champions League,Galatasaray SK,FC København,2,2,2.510202428868444,2.6105492760517115
2023-09-20T19:00:00Z,UEFA Champions League,Sevilla FC,Racing Club de Lens,1,1,1.0904934613720094,1.36269690210347
2023-09-20T19:00:00Z,UEFA Champions League,Sporting Clube de Braga,SSC Napoli,1,2,1.7104484345774145,2.821442779076368
2023-09-20T19:00:00Z,UEFA Champions League,Real Sociedad de Fútbol,FC Internazionale Milano,1,1,1.6556613541320366,1.1670749616335176
2023-09-20T19:00:00Z,UEFA Champions League,Sport Lisboa e Benfica,FC Red Bull Salzburg,0,2,0.6487415063082712,2.5969741562600688
2023-09-20T19:00:00Z,UEFA Champions League,FC Bayern München,Manchester United FC,4,3,4.500485709407083,3.0357290617591066
2023-09-20T19:00:00Z,UEFA Champions League,Arsenal FC,PSV,4,0,4.624431867236638,0.5611831572547985
2023-10-03T16:45:00Z,UEFA Champions League,1. FC Union Berlin,Sporting Clube de Braga,2,3,2.981301732492579,3.557896892531879
2023-10-03T16:45:00Z,UEFA Champions League,FC Red Bull Salzburg,Real Sociedad de Fútbol,0,2,0.4144717228873958,3.0029364885743988
2023-10-03T19:00:00Z,UEFA Champions League,SSC Napoli,Real Madrid CF,2,3,2.5415935551130255,3.030507831967466
2023-10-03T19:00:00Z,UEFA Champions League,FC Internazionale Milano,Sport Lisboa e Benfica,1,0,1.174162110245577,0.31973384724385623
2023-10-03T19:00:00Z,UEFA Champions League,FC København,FC Bayern München,1,2,1.2395217115205004,2.7468047279722434
2023-10-03T19:00:00Z,UEFA Champions League,Manchester United FC,Galatasaray SK,2,3,2.529343987927992,3.6005951769191924
2023-10-03T19:00:00Z,UEFA Champions League,Racing Club de Lens,Arsenal FC,2,1,2.831180064010572,1.554091515401251
2023-10-03T19:00:00Z,UEFA Champions League,PSV,Sevilla FC,2,2,2.423115752724528,2.213159289112438
2023-10-04T16:45:00Z,UEFA Champions League,Club Atlético de Madrid,Feyenoord Rotterdam,3,2,3.429225041206363,2.322754495572571
2023-10-04T16:45:00Z,UEFA Champions League,Royal Antwerp FC,FK Shakhtar Donetsk,2,3,2.3779344266486877,3.873512302466977
2023-10-04T19:00:00Z,UEFA Champions League,Celtic FC,SS Lazio,1,2,1.339572998746703,2.4845472418738215
2023-10-04T19:00:00Z,UEFA Champions League,Borussia Dortmund,AC Milan,0,0,0.5884914367126465,0.612607908843342
2023-10-04T19:00:00Z,UEFA Champions League,Newcastle United FC,Paris Saint-Germain FC,4,1,4.050822706446406,1.4654435013670564
2023-10-04T19:00:00Z,UEFA Champions League,FK Crvena Zvezda,BSC Young Boys,2,2,2.884281873000018,2.1450743454250705
2023-10-04T19:00:00Z,UEFA Champions League,RB Leipzig,Manchester City FC,1,3,1.300373310561162,3.780143127822499
2023-10-04T19:00:00Z,UEFA Champions League,FC Porto,FC Barcelona,0,1,0.7165710456314425,1.650969715359749
2023-10-24T16:45:00Z,UEFA Champions League,FC Internazionale Milano,FC Red Bull Salzburg,2,1,2.119000420781837,2.1916910512101566
2023-10-24T16:45:00Z,UEFA Champions League,Galatasaray SK,FC Bayern München,1,3,1.7006520391638653,3.1953255861048366
2023-10-24T19:00:00Z,UEFA Champions League,1. FC Union Berlin,SSC Napoli,0,1,0.7015833823443492,1.746771876360144
2023-10-24T19:00:00Z,UEFA Champions League,Sporting Clube de Braga,Real Madrid CF,1,2,1.6152606216017689,2.1065368101888997
2023-10-24T19:00:00Z,UEFA Champions League,Sport Lisboa e Benfica,Real Sociedad de Fútbol,0,1,0.20167144346006233,1.5472039703019234
2023-10-24T19:00:00Z,UEFA Champions League,Manchester United FC,FC København,1,0,1.574864456879423,0.7929519767189493
2023-10-24T19:00:00Z,UEFA Champions League,Sevilla FC,Arsenal FC,1,2,1.1450831445796834,1.8783594651710538
2023-10-24T19:00:00Z,UEFA Champions League,Racing Club de Lens,PSV,1,1,1.4241710234711444,1.4385202577275176
2023-10-25T16:45:00Z,UEFA Champions League,Feyenoord Rotterdam,SS Lazio,3,1,3.808823930286598,1.331037079787214
2023-10-25T16:45:00Z,UEFA Champions League,FC Barcelona,FK Shakhtar Donetsk,2,1,2.7390105781212224,1.2894128105114635
2023-10-25T19:00:00Z,UEFA Champions League,Celtic FC,Club Atlético de Madrid,2,2,2.50455488276213,2.615563795677806
2023-10-25T19:00:00Z,UEFA Champions League,Paris Saint-Germain FC,AC Milan,3,0,3.2075580272231474,0.8362057119267785
2023-10-25T19:00:00Z,UEFA Champions League,Newcastle United FC,Borussia Dortmund,0,1,0.693676313652258,1.4600163854312533
2023-10-25T19:00:00Z,UEFA Champions League,BSC Young Boys,Manchester City FC,1,3,1.5058143713094077,3.561645928268006
2023-10-25T19:00:00Z,UEFA Champions League,RB Leipzig,FK Crvena Zvezda,3,1,2.8039053205308733,1.5342926259177743
2023-10-25T19:00:00Z,UEFA Champions League,Royal Antwerp FC,FC Porto,1,4,1.7347889478949554,4.500541051906924
2023-11-07T17:45:00Z,UEFA Champions League,Borussia Dortmund,Newcastle United FC,2,0,2.492730149839092,0.17319720868636812
2023-11-07T17:45:00Z,UEFA Champions League,FK Shakhtar Donetsk,FC Barcelona,1,0,1.8607353743949218,0.8325333805168678
2023-11-07T20:00:00Z,UEFA Champions League,Club Atlético de Madrid,Celtic FC,6,0,6.1714188443471585,0.5885586104476508
2023-11-07T20:00:00Z,UEFA Champions League,SS Lazio,Feyenoord Rotterdam,1,0,0.5469888560411998,0.6184644470007733
2023-11-07T20:00:00Z,UEFA Champions League,AC Milan,Paris Saint-Germain FC,2,1,2.5837251575035554,1.2580471112923255
2023-11-07T20:00:00Z,UEFA Champions League,Manchester City FC,BSC Young Boys,3,0,3.587469103004592,0.3622338806032278
2023-11-07T20:00:00Z,UEFA Champions League,FK Crvena Zvezda,RB Leipzig,1,2,0.9927985117180644,2.4471597406867667
2023-11-07T20:00:00Z,UEFA Champions League,FC Porto,Royal Antwerp FC,2,0,2.206450136240018,0.039762591965344596
2023-11-08T17:45:00Z,UEFA Champions League,SSC Napoli,1. FC Union Berlin,1,1,2.3265653231159704,0.9935897024406966
2023-11-08T17:45:00Z,UEFA Champions League,Real Sociedad de Fútbol,Sport Lisboa e Benfica,3,1,3.408316815753859,1.3197756208084297
2023-11-08T20:00:00Z,UEFA Champions League,Real Madrid CF,Sporting Clube de Braga,3,0,3.719287692912865,0.656756229932717
2023-11-08T20:00:00Z,UEFA Champions League,FC Red Bull Salzburg,FC Internazionale Milano,0,1,0.30480205178948494,1.3040587830210177
2023-11-08T20:00:00Z,UEFA Champions League,FC Bayern München,Galatasaray SK,2,1,1.872909130344053,1.194358440722786
2023-11-08T20:00:00Z,UEFA Champions League,FC København,Manchester United FC,4,3,4.448922525961228,3.255594304028699
2023-11-08T20:00:00Z,UEFA Champions League,Arsenal FC,Sevilla FC,2,0,2.4203186319141685,0.36339727305640623
2023-11-08T20:00:00Z,UEFA Champions League,PSV,Racing Club de Lens,1,0,1.3800365283994886,0.3938423111539689
2023-11-28T17:45:00Z,UEFA Champions League,SS Lazio,Celtic FC,2,0,2.465607749348082,1.149656435661967
2023-11-28T17:45:00Z,UEFA Champions League,FK Shakhtar Donetsk,Royal Antwerp FC,1,0,1.579280481493691,0.8163861885461955
2023-11-28T20:00:00Z,UEFA Champions League,Feyenoord Rotterdam,Club Atlético de Madrid,1,3,1.454964914623858,3.8074322336845183
2023-11-28T20:00:00Z,UEFA Champions League,AC Milan,Borussia Dortmund,1,3,1.1207981496157908,3.8505741092820145
2023-11-28T20:00:00Z,UEFA Champions League,Paris Saint-Germain FC,Newcastle United FC,1,1,1.6458554374685817,1.2003537391997852
2023-11-28T20:00:00Z,UEFA Champions League,BSC Young Boys,FK Crvena Zvezda,2,0,1.9151884734032731,0.13329061550382826
2023-11-28T20:00:00Z,UEFA Champions League,Manchester City FC,RB Leipzig,3,2,2.88489276281474,2.1679389125397828
2023-11-28T20:00:00Z,UEFA Champions League,FC Barcelona,FC Porto,2,1,2.7217541484104704,1.9003518400013513
2023-11-29T17:45:00Z,UEFA Champions League,Galatasaray SK,Manchester United FC,3,3,3.652106081640607,3.335842463335253
2023-11-29T17:45:00Z,UEFA Champions League,Sevilla FC,PSV,2,3,2.4827813904777893,3.124593145328214
2023-11-29T20:00:00Z,UEFA Champions League,Sporting Clube de Braga,1. FC Union Berlin,1,1,1.0813654485734785,1.370701139934056
2023-11-29T20:00:00Z,UEFA Champions League,Real Madrid CF,SSC Napoli,4,2,4.287626717797777,2.428418340485612
2023-11-29T20:00:00Z,UEFA Champions League,Sport Lisboa e Benfica,FC Internazionale Milano,3,3,3.421175975694049,3.5805239821083688
2023-11-29T20:00:00Z,UEFA Champions League,Real Sociedad de Fútbol,FC Red Bull Salzburg,0,0,0.021231809427766035,0.575285306213613
2023-11-29T20:00:00Z,UEFA Champions League,FC Bayern München,FC København,0,0,0.2782914025930301,0.25154583083794757
2023-11-29T20:00:00Z,UEFA Champions League,Arsenal FC,Racing Club de Lens,6,0,6.695699101453004,0.7056969177541133
2023-12-12T17:45:00Z,UEFA Champions League,PSV,Arsenal FC,1,1,1.928191609286765,1.3082419398749525
2023-12-12T17:45:00Z,UEFA Champions League,Racing Club de Lens,Sevilla FC,2,1,2.3741695742024347,1.453117098988487
2023-12-12T20:00:00Z,UEFA Champions League,1. FC Union Berlin,Real Madrid CF,2,3,2.7269465062948295,3.7060322211510064
2023-12-12T20:00:00Z,UEFA Champions League,SSC Napoli,Sporting Clube de Braga,2,0,1.9257819788237598,0.30745357881669755
2023-12-12T20:00:00Z,UEFA Champions League,FC Internazionale Milano,Real Sociedad de Fútbol,0,0,0.6978353723340834,0.32919457292565873
2023-12-12T20:00:00Z,UEFA Champions League,FC Red Bull Salzburg,Sport Lisboa e Benfica,1,3,1.2588154755817558,3.6775004149079393
2023-12-12T20:00:00Z,UEFA Champions League,Manchester United FC,FC Bayern München,0,1,0.5922036850123911,1.2426800470184942
2023-12-12T20:00:00Z,UEFA Champions League,FC København,Galatasaray SK,1,0,1.4256742745280873,0.3845623929187788
2023-12-13T17:45:00Z,UEFA Champions League,RB Leipzig,BSC Young Boys,2,1,2.89612420293515,1.6667226534128678
2023-12-13T17:45:00Z,UEFA Champions League,FK Crvena Zvezda,Manchester City FC,2,3,2.2376693054980246,4.116227732430793
2023-12-13T20:00:00Z,UEFA Champions League,Club Atlético de Madrid,SS Lazio,2,0,2.6882818892685494,0.681621351428824
2023-12-13T20:00:00Z,UEFA Champions League,Celtic FC,Feyenoord Rotterdam,2,1,2.41614776101104,1.6417919288970035
2023-12-13T20:00:00Z,UEFA Champions League,Newcastle United FC,AC Milan,1,2,1.4525083565971009,2.659240475101819
2023-12-13T20:00:00Z,UEFA Champions League,Borussia Dortmund,Paris Saint-Germain FC,1,1,1.444843832052237,1.1780429177798852
2023-12-13T20:00:00Z,UEFA Champions League,Royal Antwerp FC,FC Barcelona,3,2,3.246298068651766,2.5346790216039725
2023-12-13T20:00:00Z,UEFA Champions League,FC Porto,FK Shakhtar Donetsk,5,3,5.495770310227998,3.4910700534990795
2024-02-13T20:00:00Z,UEFA Champions League,FC København,Manchester City FC,1,3,1.4812055333634535,3.5964753621118266
2024-02-13T20:00:00Z,UEFA Champions League,RB Leipzig,Real Madrid CF,0,1,0.5723720745220188,1.5349524157427612
2024-02-14T20:00:00Z,UEFA Champions League,Paris Saint-Germain FC,Real Sociedad de Fútbol,2,0,2.525351543707859,0.6139099032251337
2024-02-14T20:00:00Z,UEFA Champions League,SS Lazio,FC Bayern München,1,0,1.7393983648836708,0.40655984153023955
2024-02-20T20:00:00Z,UEFA Champions League,FC Internazionale Milano,Club Atlético de Madrid,1,0,1.7770525848142107,0.5175826752115378
2024-02-20T20:00:00Z,UEFA Champions League,PSV,Borussia Dortmund,1,1,1.1848130034516597,1.1316514301829024
2024-02-21T20:00:00Z,UEFA Champions League,FC Porto,Arsenal FC,1,0,1.7606317501772313,0.40402781659912584
2024-02-21T20:00:00Z,UEFA Champions League,SSC Napoli,FC Barcelona,1,1,1.1440990718670436,1.917250064452993
2024-03-05T20:00:00Z,UEFA Champions League,Real Sociedad de Fútbol,Paris Saint-Germain FC,1,2,1.6763567664413204,2.595642501888477
2024-03-05T20:00:00Z,UEFA Champions League,FC Bayern München,SS Lazio,3,0,3.6859216354108604,0.49372368878507694
2024-03-06T20:00:00Z,UEFA Champions League,Manchester City FC,FC København,3,1,2.926604932501249,2.068836982876304
2024-03-06T20:00:00Z,UEFA Champions League,Real Madrid CF,RB Leipzig,1,1,1.527893773958823,1.0917495065096763
2024-03-12T20:00:00Z,UEFA Champions League,Arsenal FC,FC Porto,5,2,5.3594511659919055,2.167163333366134
2024-03-12T20:00:00Z,UEFA Champions League,FC Barcelona,SSC Napoli,3,1,3.2723704226193875,2.013813423382882
2024-03-13T20:00:00Z,UEFA Champions League,Club Atlético de Madrid,FC Internazionale Milano,5,3,5.905255699209702,3.5137882808146803
2024-03-13T20:00:00Z,UEFA Champions League,Borussia Dortmund,PSV,2,0,2.3038962578087743,0.4272250891130619
2024-04-09T19:00:00Z,UEFA Champions League,Arsenal FC,FC Bayern München,2,2,2.258086921264585,2.140238702471307
2024-04-09T19:00:00Z,UEFA Champions League,Real Madrid CF,Manchester City FC,3,3,3.522708482001528,3.6343088799185033
2024-04-10T19:00:00Z,UEFA Champions League,Club Atlético de Madrid,Borussia Dortmund,2,1,2.705676923889525,1.6633379608582386
2024-04-10T19:00:00Z,UEFA Champions League,Paris Saint-Germain FC,FC Barcelona,2,3,2.457505424196962,3.171651691749531
2024-04-16T19:00:00Z,UEFA Champions League,Borussia Dortmund,Club Atlético de Madrid,4,2,4.849911163700776,2.4579173243348715
2024-04-16T19:00:00Z,UEFA Champions League,FC Barcelona,Paris Saint-Germain FC,1,4,1.6592926985892271,4.3993452503900805
2024-04-17T19:00:00Z,UEFA Champions League,FC Bayern München,Arsenal FC,1,0,0.846536604080571,0.5767931439256313
2024-04-17T19:00:00Z,UEFA Champions League,Manchester City FC,Real Madrid CF,4,5,4.341159910947898,5.164224927333807
2024-04-30T19:00:00Z,UEFA Champions League,FC Bayern München,Real Madrid CF,2,2,2.3314473701944904,2.875584236353947
2024-05-01T19:00:00Z,UEFA Champions League,Borussia Dortmund,Paris Saint-Germain FC,1,0,1.6438082860288268,0.7747471344792813
2024-05-07T19:00:00Z,UEFA Champions League,Paris Saint-Germain FC,Borussia Dortmund,0,1,0.0,1.391047332380155
2024-05-08T19:00:00Z,UEFA Champions League,Real Madrid CF,FC Bayern München,2,1,3.2647029126153164,1.4350743865084885
2024-06-01T19:00:00Z,UEFA Champions League,Borussia Dortmund,Real Madrid CF,0,2,0.659307828468263,2.459073354916715
2024-09-17T16:45:00Z,UEFA Champions League,BSC Young Boys,Aston Villa FC,0,3,0.5446630411753073,3.266507434098049
2024-09-17T16:45:00Z,UEFA Champions League,Juventus FC,PSV,3,1,3.8544703149257438,1.3669711745294892
2024-09-17T19:00:00Z,UEFA Champions League,Sporting Clube de Portugal,Lille OSC,2,0,3.2030962158437877,0.41891888969761726
2024-09-17T19:00:00Z,UEFA Champions League,FC Bayern München,GNK Dinamo Zagreb,9,2,9.761223993376522,2.9838605112121384
2024-09-17T19:00:00Z,UEFA Champions League,Real Madrid CF,VfB Stuttgart,3,1,3.784643928941486,1.783985492499131
2024-09-17T19:00:00Z,UEFA Champions League,AC Milan,Liverpool FC,1,3,1.5392070073393147,3.7803964122009868
2024-09-18T16:45:00Z,UEFA Champions League,Bologna FC 1909,FK Shakhtar Donetsk,0,0,0.45754227398991554,0.6109776839013171
2024-09-18T16:45:00Z,UEFA Champions League,AC Sparta Praha,FC Red Bull Salzburg,3,0,3.3572613667985296,0.1648018973206296
2024-09-18T19:00:00Z,UEFA Champions League,Manchester City FC,FC Internazionale Milano,0,0,0.2521664024856374,0.48755266862678626
2024-09-18T19:00:00Z,UEFA Champions League,Paris Saint-Germain FC,Girona FC,1,0,1.2938957700901508,0.7911465378840139
2024-09-18T19:00:00Z,UEFA Champions League,Club Brugge KV,Borussia Dortmund,0,3,0.09483321069710504,3.1225206111898136
2024-09-18T19:00:00Z,UEFA Champions League,Celtic FC,ŠK Slovan Bratislava,5,1,5.477238564794493,1.6909659620619792
2024-09-19T16:45:00Z,UEFA Champions League,Feyenoord Rotterdam,Bayer 04 Leverkusen,0,4,0.0,5.19678276757883
2024-09-19T16:45:00Z,UEFA Champions League,FK Crvena Zvezda,Sport Lisboa e Benfica,1,2,1.5572749572431133,2.8185449937969196
2024-09-19T19:00:00Z,UEFA Champions League,AS Monaco FC,FC Barcelona,2,1,2.4891008175872975,1.9242087406685962
2024-09-19T19:00:00Z,UEFA Champions League,Stade Brestois 29,SK Sturm Graz,2,1,2.5440805895160064,1.5655016251326481
2024-09-19T19:00:00Z,UEFA Champions League,Atalanta BC,Arsenal FC,0,0,0.34336052899400227,0.790379584629497
2024-09-19T19:00:00Z,UEFA Champions League,Club Atlético de Madrid,RB Leipzig,2,1,3.423058111054151,1.2846440356937894
2024-10-01T16:45:00Z,UEFA Champions League,VfB Stuttgart,AC Sparta Praha,1,1,1.9080347700540938,1.738759143702368
2024-10-01T16:45:00Z,UEFA Champions League,FC Red Bull Salzburg,Stade Brestois 29,0,4,0.1266372499745832,4.696316440218229
2024-10-01T19:00:00Z,UEFA Champions League,ŠK Slovan Bratislava,Manchester City FC,0,4,0.5698604262280694,4.586973352211299
2024-10-01T19:00:00Z,UEFA Champions League,Borussia Dortmund,Celtic FC,7,1,7.317598157118803,1.8948022259155495
2024-10-01T19:00:00Z,UEFA Champions League,FC Barcelona,BSC Young Boys,5,0,5.195656081987776,0.3383645486457834
2024-10-01T19:00:00Z,UEFA Champions League,FC Internazionale Milano,FK Crvena Zvezda,4,0,4.09797837866282,0.4438827450579012
2024-10-01T19:00:00Z,UEFA Champions League,Bayer 04 Leverkusen,AC Milan,1,0,1.6296650072277763,0.528638612407489
2024-10-01T19:00:00Z,UEFA Champions League,Arsenal FC,Paris Saint-Germain FC,2,0,2.295585929479128,0.1911167086731798
2024-10-01T19:00:00Z,UEFA Champions League,PSV,Sporting Clube de Portugal,1,1,1.7903478072075611,1.5680795831400745
2024-10-02T16:45:00Z,UEFA Champions League,Girona FC,Feyenoord Rotterdam,2,3,2.798134664359132,2.9843208761138458
2024-10-02T16:45:00Z,UEFA Champions League,FK Shakhtar Donetsk,Atalanta BC,0,3,0.9121743155634348,3.8140863603284627
2024-10-02T19:00:00Z,UEFA Champions League,Aston Villa FC,FC Bayern München,1,0,1.244283970177769,0.5139912099697898
2024-10-02T19:00:00Z,UEFA Champions League,SK Sturm Graz,Club Brugge KV,0,1,0.642609683207603,1.343732128828871
2024-10-02T19:00:00Z,UEFA Champions League,Liverpool FC,Bologna FC 1909,2,0,2.6897362649926904,0.24968791631146353
2024-10-02T19:00:00Z,UEFA Champions League,RB Leipzig,Juventus FC,2,3,2.3577465474688104,3.4296262911142437
2024-10-02T19:00:00Z,UEFA Champions League,Sport Lisboa e Benfica,Club Atlético de Madrid,4,0,4.268468412782138,0.706477913231724
2024-10-02T19:00:00Z,UEFA Champions League,GNK Dinamo Zagreb,AS Monaco FC,2,2,2.982856199732792,2.664321693621268
2024-10-02T19:00:00Z,UEFA Champions League,Lille OSC,Real Madrid CF,1,0,1.568248762719616,0.2883386158164617
2024-10-22T16:45:00Z,UEFA Champions League,AS Monaco FC,FK Crvena Zvezda,5,1,5.690790325213522,1.2461880982117097
2024-10-22T16:45:00Z,UEFA Champions League,AC Milan,Club Brugge KV,3,1,3.2533771964516216,1.6970696118958943
2024-10-22T19:00:00Z,UEFA Champions League,Aston Villa FC,Bologna FC 1909,2,0,2.134214660043342,0.28329577861549116
2024-10-22T19:00:00Z,UEFA Champions League,Girona FC,ŠK Slovan Bratislava,2,0,2.329165067652367,0.5179729322238511
2024-10-22T19:00:00Z,UEFA Champions League,SK Sturm Graz,Sporting Clube de Portugal,0,2,0.4627935837830009,2.5371263927572834
2024-10-22T19:00:00Z,UEFA Champions League,Paris Saint-Germain FC,PSV,1,1,1.1807339979547953,1.5936186395180214
2024-10-22T19:00:00Z,UEFA Champions League,Real Madrid CF,Borussia Dortmund,5,2,5.497046557404885,2.7574811290545616
2024-10-22T19:00:00Z,UEFA Champions League,Arsenal FC,FK Shakhtar Donetsk,1,0,0.9934484435794501,0.1211111189398032
2024-10-22T19:00:00Z,UEFA Champions League,Juventus FC,VfB Stuttgart,0,1,0.16398577325903835,0.9266522024218538
2024-10-23T16:45:00Z,UEFA Champions League,Stade Brestois 29,Bayer 04 Leverkusen,1,1,1.7012733744830624,1.3297658156314944
2024-10-23T16:45:00Z,UEFA Champions League,Atalanta BC,Celtic FC,0,0,0.6811371560833682,1.0404585223496556
2024-10-23T19:00:00Z,UEFA Champions League,BSC Young Boys,FC Internazionale Milano,0,1,0.3824369703839401,2.1066522300262136
2024-10-23T19:00:00Z,UEFA Champions League,FC Barcelona,FC Bayern München,4,1,4.194670707276914,2.0493531406697665
2024-10-23T19:00:00Z,UEFA Champions League,Manchester City FC,AC Sparta Praha,5,0,5.191778934542197,0.44210558967179314
2024-10-23T19:00:00Z,UEFA Champions League,RB Leipzig,Liverpool FC,0,1,0.38801952621760577,0.9653654754045514
2024-10-23T19:00:00Z,UEFA Champions League,Club Atlético de Madrid,Lille OSC,1,3,1.6933555474935873,2.7970882695044477
2024-10-23T19:00:00Z,UEFA Champions League,Sport Lisboa e Benfica,Feyenoord Rotterdam,1,3,1.7784737074032972,3.3157885515351766
2024-10-23T19:00:00Z,UEFA Champions League,FC Red Bull Salzburg,GNK Dinamo Zagreb,0,2,0.3510404793554093,2.440577910955192
2024-11-05T17:45:00Z,UEFA Champions League,ŠK Slovan Bratislava,GNK Dinamo Zagreb,1,4,1.153952272204565,4.890187620316787
2024-11-05T17:45:00Z,UEFA Champions League,PSV,Girona FC,4,0,4.5803530913599,0.7603416378627337
2024-11-05T20:00:00Z,UEFA Champions League,Sporting Clube de Portugal,Manchester City FC,4,1,4.252939508812245,1.5682215236974861
2024-11-05T20:00:00Z,UEFA Champions League,Bologna FC 1909,AS Monaco FC,0,1,0.34452420834163927,1.2330465687176575
2024-11-05T20:00:00Z,UEFA Champions League,Borussia Dortmund,SK Sturm Graz,1,0,1.8975828271311113,0.21176613252653292
2024-11-05T20:00:00Z,UEFA Champions League,Liverpool FC,Bayer 04 Leverkusen,4,0,4.74813462856973,0.5762383061214307
2024-11-05T20:00:00Z,UEFA Champions League,Real Madrid CF,AC Milan,1,3,1.5473922936754354,3.709115293651918
2024-11-05T20:00:00Z,UEFA Champions League,Celtic FC,RB Leipzig,3,1,3.118424299666183,1.6175643786736753
2024-11-05T20:00:00Z,UEFA Champions League,Lille OSC,Juventus FC,1,1,1.5634189702411976,1.1896206121180035
2024-11-06T17:45:00Z,UEFA Champions League,Club Brugge KV,Aston Villa FC,1,0,1.818797187236258,0.6952002886376258
2024-11-06T17:45:00Z,UEFA Champions League,FK Shakhtar Donetsk,BSC Young Boys,2,1,2.3873099002703393,1.6277732901304234
2024-11-06T20:00:00Z,UEFA Champions League,AC Sparta Praha,Stade Brestois 29,1,2,1.9053342269960145,2.1788000781429466
2024-11-06T20:00:00Z,UEFA Champions League,VfB Stuttgart,Atalanta BC,0,2,0.887823586855462,2.264703708909923
2024-11-06T20:00:00Z,UEFA Champions League,FC Internazionale Milano,Arsenal FC,1,0,1.999119849643042,0.7065487923684699
2024-11-06T20:00:00Z,UEFA Champions League,Paris Saint-Germain FC,Club Atlético de Madrid,1,2,1.591572937959406,2.429647739456233
2024-11-06T20:00:00Z,UEFA Champions League,Feyenoord Rotterdam,FC Red Bull Salzburg,1,3,1.6762175099418037,3.976744190490937
2024-11-06T20:00:00Z,UEFA Champions League,FK Crvena Zvezda,FC Barcelona,2,5,2.924256186499327,5.650338782819373
2024-11-06T20:15:00Z,UEFA Champions League,FC Bayern München,Sport Lisboa e Benfica,1,0,1.6342181811206926,0.35401064354321926
2024-11-26T17:45:00Z,UEFA Champions League,ŠK Slovan Bratislava,AC Milan,2,3,2.349629767662936,3.4969383198827204
2024-11-26T17:45:00Z,UEFA Champions League,AC Sparta Praha,Club Atlético de Madrid,0,6,0.3654371490416416,6.5190150177913155
2024-11-26T20:00:00Z,UEFA Champions League,Sporting Clube de Portugal,Arsenal FC,1,5,1.5715664861321217,5.281482906027487
2024-11-26T20:00:00Z,UEFA Champions League,BSC Young Boys,Atalanta BC,1,6,1.1128315734161345,6.226223540546712
2024-11-26T20:00:00Z,UEFA Champions League,FC Bayern München,Paris Saint-Germain FC,1,0,1.4570223253907422,0.7104169681428498
2024-11-26T20:00:00Z,UEFA Champions League,FC Barcelona,Stade Brestois 29,3,0,3.828964135469076,0.7535819891126287
2024-11-26T20:00:00Z,UEFA Champions League,FC Internazionale Milano,RB Leipzig,1,0,0.8426238446504157,0.6811344408658876
2024-11-26T20:00:00Z,UEFA Champions League,Manchester City FC,Feyenoord Rotterdam,3,3,3.9603446305383545,3.9545954282971403
2024-11-26T20:00:00Z,UEFA Champions League,Bayer 04 Leverkusen,FC Red Bull Salzburg,5,0,5.836712265610948,0.3374680291965194
2024-11-27T17:45:00Z,UEFA Champions League,SK Sturm Graz,Girona FC,1,0,1.362070615250857,1.002281229821339
2024-11-27T17:45:00Z,UEFA Champions League,FK Crvena Zvezda,VfB Stuttgart,5,1,5.663017248361543,1.2297236644337541
2024-11-27T20:00:00Z,UEFA Champions League,AS Monaco FC,Sport Lisboa e Benfica,2,3,2.500944318071898,3.196194330989452
2024-11-27T20:00:00Z,UEFA Champions League,Aston Villa FC,Juventus FC,0,0,0.8689971105316049,0.0
2024-11-27T20:00:00Z,UEFA Champions League,Bologna FC 1909,Lille OSC,1,2,1.7948049428309822,2.366261405851955
2024-11-27T20:00:00Z,UEFA Champions League,Liverpool FC,Real Madrid CF,2,0,2.0799787830450973,0.3488832989511639
2024-11-27T20:00:00Z,UEFA Champions League,Celtic FC,Club Brugge KV,1,1,1.6761787240392532,1.6577811840763952
2024-11-27T20:00:00Z,UEFA Champions League,GNK Dinamo Zagreb,Borussia Dortmund,0,3,0.4383116439070257,3.573167282486135
2024-11-27T20:00:00Z,UEFA Champions League,PSV,FK Shakhtar Donetsk,3,2,3.52484977115543,2.142107988694259
2024-12-10T17:45:00Z,UEFA Champions League,Girona FC,Liverpool FC,0,1,0.28154842970905536,1.3821821284722549
2024-12-10T17:45:00Z,UEFA Champions League,GNK Dinamo Zagreb,Celtic FC,0,0,1.0244411207362507,0.38856139367369436
2024-12-10T20:00:00Z,UEFA Champions League,Stade Brestois 29,PSV,1,0,1.8120185459707727,0.0
2024-12-10T20:00:00Z,UEFA Champions League,RB Leipzig,Aston Villa FC,2,3,2.27806865080811,3.205715981895989
2024-12-10T20:00:00Z,UEFA Champions League,Atalanta BC,Real Madrid CF,2,3,2.0996168179269303,3.268755910815773
2024-12-10T20:00:00Z,UEFA Champions League,Bayer 04 Leverkusen,FC Internazionale Milano,1,0,1.3842982107066455,0.9300875059462839
2024-12-10T20:00:00Z,UEFA Champions League,Club Brugge KV,Sporting Clube de Portugal,2,1,2.630350793827392,1.5574352147872057
2024-12-10T20:00:00Z,UEFA Champions League,FK Shakhtar Donetsk,FC Bayern München,1,5,1.572061753183867,5.69865062618425
2024-12-10T20:00:00Z,UEFA Champions League,FC Red Bull Salzburg,Paris Saint-Germain FC,0,3,0.8759398474304729,3.0504093508552366
2024-12-11T17:45:00Z,UEFA Champions League,Club Atlético de Madrid,ŠK Slovan Bratislava,3,1,3.7369759166542558,1.8582643449041976
2024-12-11T17:45:00Z,UEFA Champions League,Lille OSC,SK Sturm Graz,3,2,3.790870707725872,2.8903306189072278
2024-12-11T20:00:00Z,UEFA Champions League,VfB Stuttgart,BSC Young Boys,5,1,5.598056620183131,0.9004965098566122
2024-12-11T20:00:00Z,UEFA Champions League,Borussia Dortmund,FC Barcelona,2,3,2.083210380936703,3.2884049828252455
2024-12-11T20:00:00Z,UEFA Champions League,AC Milan,FK Crvena Zvezda,2,1,2.4412904406559295,1.6487296719046531
2024-12-11T20:00:00Z,UEFA Champions League,Sport Lisboa e Benfica,Bologna FC 1909,0,0,0.8180269219725996,0.6933165360614546
2024-12-11T20:00:00Z,UEFA Champions League,Arsenal FC,AS Monaco FC,3,0,3.484543121442606,0.2964515808538335
2024-12-11T20:00:00Z,UEFA Champions League,Juventus FC,Manchester City FC,2,0,2.650927110587124,0.40835016108390415
2024-12-11T20:00:00Z,UEFA Champions League,Feyenoord Rotterdam,AC Sparta Praha,4,2,4.40437550542616,2.3207856816864574
2025-01-21T17:45:00Z,UEFA Champions League,AS Monaco FC,Aston Villa FC,1,0,1.1910564454374466,0.5331254140838358
2025-01-21T17:45:00Z,UEFA Champions League,Atalanta BC,SK Sturm Graz,5,0,5.462996780786167,0.8591535594385737
2025-01-21T20:00:00Z,UEFA Champions League,Bologna FC 1909,Borussia Dortmund,2,1,2.5927142329097963,1.2686873528576386
2025-01-21T20:00:00Z,UEFA Champions League,ŠK Slovan Bratislava,VfB Stuttgart,1,3,1.303293684161567,3.8002461493305244
2025-01-21T20:00:00Z,UEFA Champions League,Liverpool FC,Lille OSC,2,1,2.4292866265429995,1.2654983782959337
2025-01-21T20:00:00Z,UEFA Champions League,Club Atlético de Madrid,Bayer 04 Leverkusen,2,1,2.2181610274042054,1.2457118362509347
2025-01-21T20:00:00Z,UEFA Champions League,Sport Lisboa e Benfica,FC Barcelona,4,5,4.835773475269229,5.745578385502964
2025-01-21T20:00:00Z,UEFA Champions League,Club Brugge KV,Juventus FC,0,0,0.4116632727235898,0.776580913402285
2025-01-21T20:00:00Z,UEFA Champions League,FK Crvena Zvezda,PSV,2,3,2.935826663537855,3.7554229810287962
2025-01-22T17:45:00Z,UEFA Champions League,RB Leipzig,Sporting Clube de Portugal,2,1,2.9586243551622724,1.1052607775345575
2025-01-22T17:45:00Z,UEFA Champions League,FK Shakhtar Donetsk,Stade Brestois 29,2,0,2.475686210583477,0.3602147065783848
2025-01-22T20:00:00Z,UEFA Champions League,AC Sparta Praha,FC Internazionale Milano,0,1,0.19746538023579513,1.7468965776009964
2025-01-22T20:00:00Z,UEFA Champions League,Paris Saint-Germain FC,Manchester City FC,4,2,3.874230636679999,2.5124625521691684
2025-01-22T20:00:00Z,UEFA Champions League,Real Madrid CF,FC Red Bull Salzburg,5,1,5.058388878091963,1.1778921461407608
2025-01-22T20:00:00Z,UEFA Champions League,AC Milan,Girona FC,1,0,1.087849552530402,0.6374953817376325
2025-01-22T20:00:00Z,UEFA Champions League,Arsenal FC,GNK Dinamo Zagreb,3,0,3.9135408882384515,0.2855578223025589
2025-01-22T20:00:00Z,UEFA Champions League,Celtic FC,BSC Young Boys,1,0,1.5347473761680839,1.0383574545176635
2025-01-22T20:00:00Z,UEFA Champions League,Feyenoord Rotterdam,FC Bayern München,3,0,3.616881357227596,0.9634524387254775
2025-01-29T20:00:00Z,UEFA Champions League,Sporting Clube de Portugal,Bologna FC 1909,1,1,0.8338736973194623,1.68122922790667
2025-01-29T20:00:00Z,UEFA Champions League,BSC Young Boys,FK Crvena Zvezda,0,1,0.14061007123482155,1.9083020114309321
2025-01-29T20:00:00Z,UEFA Champions League,Aston Villa FC,Celtic FC,4,2,4.766123932933886,2.5194374050370145
2025-01-29T20:00:00Z,UEFA Champions League,Girona FC,Arsenal FC,1,2,1.5860322337147759,2.7296312483125047
2025-01-29T20:00:00Z,UEFA Champions League,Stade Brestois 29,Real Madrid CF,0,3,0.4558384163943208,3.943316088590622
2025-01-29T20:00:00Z,UEFA Champions League,SK Sturm Graz,RB Leipzig,1,0,1.6694527075800367,0.5736496045382938
2025-01-29T20:00:00Z,UEFA Champions League,VfB Stuttgart,Paris Saint-Germain FC,1,4,1.9907393418407444,4.423443848545715
2025-01-29T20:00:00Z,UEFA Champions League,FC Bayern München,ŠK Slovan Bratislava,3,1,3.4336872609388847,0.9886134125468653
2025-01-29T20:00:00Z,UEFA Champions League,Borussia Dortmund,FK Shakhtar Donetsk,3,1,3.520810940797421,1.4750599422835518
2025-01-29T20:00:00Z,UEFA Champions League,FC Barcelona,Atalanta BC,2,2,2.5577790756193917,2.7470269553686935
2025-01-29T20:00:00Z,UEFA Champions League,FC Internazionale Milano,AS Monaco FC,3,0,4.217632890582198,0.7836900282702889
2025-01-29T20:00:00Z,UEFA Champions League,Manchester City FC,Club Brugge KV,3,1,2.8701931206742923,1.651309519715523
2025-01-29T20:00:00Z,UEFA Champions League,Bayer 04 Leverkusen,AC Sparta Praha,2,0,2.7049669044366427,0.33761027151132805
2025-01-29T20:00:00Z,UEFA Champions League,Juventus FC,Sport Lisboa e Benfica,0,2,0.4655593253722809,1.906953529315723
2025-01-29T20:00:00Z,UEFA Champions League,GNK Dinamo Zagreb,AC Milan,2,1,2.6700315178552536,1.3514354705985796
2025-01-29T20:00:00Z,UEFA Champions League,Lille OSC,Feyenoord Rotterdam,6,1,6.302788233801583,1.4086965386838146
2025-01-29T20:00:00Z,UEFA Champions League,PSV,Liverpool FC,3,2,3.485310490742465,2.406121309842996
2025-01-29T20:00:00Z,UEFA Champions League,FC Red Bull Salzburg,Club Atlético de Madrid,1,4,1.7134231738396486,4.685566907093377
2025-02-11T17:45:00Z,UEFA Champions League,Stade Brestois 29,Paris Saint-Germain FC,0,3,1.4338730603131522,4.095702923304452
2025-02-11T20:00:00Z,UEFA Champions League,Manchester City FC,Real Madrid CF,2,3,2.742410856820621,3.537058760552328
2025-02-11T20:00:00Z,UEFA Champions League,Juventus FC,PSV,2,1,2.2455803205908476,1.4349804632530616
2025-02-11T20:00:00Z,UEFA Champions League,Sporting Clube de Portugal,Borussia Dortmund,0,3,0.372872095393189,3.4222334560987724
2025-02-12T17:45:00Z,UEFA Champions League,Club Brugge KV,Atalanta BC,2,1,2.3639757674848436,1.5373154300723142
2025-02-12T20:00:00Z,UEFA Champions League,AS Monaco FC,Sport Lisboa e Benfica,0,1,0.0,1.2515118718954803
2025-02-12T20:00:00Z,UEFA Champions League,Celtic FC,FC Bayern München,1,2,1.400972942489569,2.5360595676238167
2025-02-12T20:00:00Z,UEFA Champions League,Feyenoord Rotterdam,AC Milan,1,0,1.7198487245465235,0.63524370089954
2025-02-18T17:45:00Z,UEFA Champions League,AC Milan,Feyenoord Rotterdam,1,1,1.1177303642769614,1.5629058190723464
2025-02-18T20:00:00Z,UEFA Champions League,Sport Lisboa e Benfica,AS Monaco FC,3,3,3.814544795315178,3.6372625802014342
2025-02-18T20:00:00Z,UEFA Champions League,FC Bayern München,Celtic FC,1,1,1.6463324463253015,1.6301242828045606
2025-02-18T20:00:00Z,UEFA Champions League,Atalanta BC,Club Brugge KV,1,3,1.2797300034086887,2.968430995326067
2025-02-19T17:45:00Z,UEFA Champions League,Borussia Dortmund,Sporting Clube de Portugal,0,0,0.4575411087986458,0.691061047518621
2025-02-19T20:00:00Z,UEFA Champions League,Paris Saint-Germain FC,Stade Brestois 29,7,0,7.97949654229231,0.29869554630126394
2025-02-19T20:00:00Z,UEFA Champions League,Real Madrid CF,Manchester City FC,3,1,3.72006434405176,1.1712482510988127
2025-02-19T20:00:00Z,UEFA Champions League,PSV,Juventus FC,3,1,3.5026350964694446,1.1686644516435012
2025-03-04T17:45:00Z,UEFA Champions League,Club Brugge KV,Aston Villa FC,1,3,1.4286950049117046,3.6300624831417587
2025-03-04T20:00:00Z,UEFA Champions League,Real Madrid CF,Club Atlético de Madrid,2,1,2.522982721135498,1.433227521832544
2025-03-04T20:00:00Z,UEFA Champions League,PSV,Arsenal FC,1,7,1.346470932617309,6.9954093648043765
2025-03-04T20:00:00Z,UEFA Champions League,Borussia Dortmund,Lille OSC,1,1,0.8685751482842956,1.643411344557685
2025-03-05T17:45:00Z,UEFA Champions League,Feyenoord Rotterdam,FC Internazionale Milano,0,2,1.1126533731604193,2.068117560760352
2025-03-05T20:00:00Z,UEFA Champions League,Paris Saint-Germain FC,Liverpool FC,0,1,0.5465974997598204,1.5419464075554634
2025-03-05T20:00:00Z,UEFA Champions League,FC Bayern München,Bayer 04 Leverkusen,3,0,3.619444179536761,0.5715496777019162
2025-03-05T20:00:00Z,UEFA Champions League,Sport Lisboa e Benfica,FC Barcelona,0,1,0.4826276750369274,1.7656731245085133
2025-03-11T17:45:00Z,UEFA Champions League,FC Barcelona,Sport Lisboa e Benfica,3,1,3.2794649597826235,2.0345054359400554
2025-03-11T20:00:00Z,UEFA Champions League,Liverpool FC,Paris Saint-Germain FC,1,5,1.4442226557153688,5.090597102229838
2025-03-11T20:00:00Z,UEFA Champions League,FC Internazionale Milano,Feyenoord Rotterdam,2,1,2.020181571341707,1.4842578431810851
2025-03-11T20:00:00Z,UEFA Champions League,Bayer 04 Leverkusen,FC Bayern München,0,2,1.1831259494159914,2.417099411486735
2025-03-12T17:45:00Z,UEFA Champions League,Lille OSC,Borussia Dortmund,1,2,1.1296464004732811,2.6301249057882887
2025-03-12T20:00:00Z,UEFA Champions League,Aston Villa FC,Club Brugge KV,3,0,3.190410114845846,0.5647006312800855
2025-03-12T20:00:00Z,UEFA Champions League,Club Atlético de Madrid,Real Madrid CF,3,4,3.3679222386840797,4.394236127179014
2025-03-12T20:00:00Z,UEFA Champions League,Arsenal FC,PSV,2,2,2.886422717455713,2.3677293434167432
2025-04-08T19:00:00Z,UEFA Champions League,Arsenal FC,Real Madrid CF,3,0,3.504352699778796,0.16506474344478578
2025-04-08T19:00:00Z,UEFA Champions League,FC Bayern München,FC Internazionale Milano,1,2,1.1291592611908614,2.796358474721953
2025-04-09T19:00:00Z,UEFA Champions League,Paris Saint-Germain FC,Aston Villa FC,3,1,3.876301508227202,1.6377612544798588
2025-04-09T19:00:00Z,UEFA Champions League,FC Barcelona,Borussia Dortmund,4,0,4.719300188035644,0.7753304593385412
2025-04-15T19:00:00Z,UEFA Champions League,Aston Villa FC,Paris Saint-Germain FC,3,2,3.661530487164936,2.406881159057346
2025-04-15T19:00:00Z,UEFA Champions League,Borussia Dortmund,FC Barcelona,3,1,3.714720272351252,1.302949359391671
2025-04-16T19:00:00Z,UEFA Champions League,Real Madrid CF,Arsenal FC,1,2,2.2183085701747354,2.176505480011232
2025-04-16T19:00:00Z,UEFA Champions League,FC Internazionale Milano,FC Bayern München,2,2,3.1555284685108336,2.607675275122198
2025-04-29T19:00:00Z,UEFA Champions League,Arsenal FC,Paris Saint-Germain FC,0,1,0.2939853970990114,1.1880620326415297
2025-04-30T19:00:00Z,UEFA Champions League,FC Barcelona,FC Internazionale Milano,3,3,3.9871654978433457,4.0545989206899655
2025-05-06T19:00:00Z,UEFA Champions League,FC Internazionale Milano,FC Barcelona,4,3,4.61495045692767,3.1077072256719678
2025-05-07T19:00:00Z,UEFA Champions League,Paris Saint-Germain FC,Arsenal FC,2,1,2.6497287448413247,1.5820980357637504
2025-05-31T19:00:00Z,UEFA Champions League,Paris Saint-Germain FC,FC Internazionale Milano,5,0,4.9923187505070015,0.9700564121641359
